/*
SQLyog Ultimate v13.1.1 (64 bit)
MySQL - 8.0.24 : Database - gp_gym
*********************************************************************
*/

/*!40101 SET NAMES utf8 */;

/*!40101 SET SQL_MODE=''*/;

/*!40014 SET @OLD_UNIQUE_CHECKS=@@UNIQUE_CHECKS, UNIQUE_CHECKS=0 */;
/*!40014 SET @OLD_FOREIGN_KEY_CHECKS=@@FOREIGN_KEY_CHECKS, FOREIGN_KEY_CHECKS=0 */;
/*!40101 SET @OLD_SQL_MODE=@@SQL_MODE, SQL_MODE='NO_AUTO_VALUE_ON_ZERO' */;
/*!40111 SET @OLD_SQL_NOTES=@@SQL_NOTES, SQL_NOTES=0 */;
CREATE DATABASE /*!32312 IF NOT EXISTS*/`gp_gym` /*!40100 DEFAULT CHARACTER SET utf8mb4 COLLATE utf8mb4_general_ci */ /*!80016 DEFAULT ENCRYPTION='N' */;

USE `gp_gym`;

/*Table structure for table `bbs_reply` */

DROP TABLE IF EXISTS `bbs_reply`;

CREATE TABLE `bbs_reply` (
  `id` bigint NOT NULL AUTO_INCREMENT,
  `time` varchar(32) CHARACTER SET utf8mb4 COLLATE utf8mb4_general_ci DEFAULT NULL,
  `content` text CHARACTER SET utf8mb4 COLLATE utf8mb4_general_ci,
  `user_id` bigint DEFAULT NULL,
  `topic_id` bigint DEFAULT NULL,
  PRIMARY KEY (`id`)
) ENGINE=InnoDB AUTO_INCREMENT=5 DEFAULT CHARSET=utf8mb4 COLLATE=utf8mb4_general_ci;

/*Data for the table `bbs_reply` */

insert  into `bbs_reply`(`id`,`time`,`content`,`user_id`,`topic_id`) values 
(1,'2022-10-25 10:00:00','回复的内容111',1,1),
(2,'2022-10-30 12:58:10','的观点',1,1),
(3,'2022-10-30 15:11:59','实现',1,3),
(4,'2022-10-31 13:18:20','啊顶顶顶',1,3);

/*Table structure for table `bbs_section` */

DROP TABLE IF EXISTS `bbs_section`;

CREATE TABLE `bbs_section` (
  `id` bigint NOT NULL AUTO_INCREMENT,
  `name` varchar(64) COLLATE utf8mb4_general_ci DEFAULT NULL,
  `sort` int DEFAULT NULL,
  `user_id` bigint DEFAULT NULL,
  PRIMARY KEY (`id`)
) ENGINE=InnoDB AUTO_INCREMENT=4 DEFAULT CHARSET=utf8mb4 COLLATE=utf8mb4_general_ci;

/*Data for the table `bbs_section` */

insert  into `bbs_section`(`id`,`name`,`sort`,`user_id`) values 
(1,'板块1',101,1),
(2,'板块2',2,1);

/*Table structure for table `bbs_topic` */

DROP TABLE IF EXISTS `bbs_topic`;

CREATE TABLE `bbs_topic` (
  `id` bigint NOT NULL AUTO_INCREMENT,
  `title` varchar(128) COLLATE utf8mb4_general_ci DEFAULT NULL,
  `time` varchar(32) COLLATE utf8mb4_general_ci DEFAULT NULL,
  `numSee` int DEFAULT '0',
  `numReply` int DEFAULT '0',
  `content` text COLLATE utf8mb4_general_ci,
  `user_id` bigint DEFAULT NULL,
  `roleName` varchar(32) COLLATE utf8mb4_general_ci DEFAULT NULL,
  `section_id` bigint DEFAULT NULL,
  PRIMARY KEY (`id`)
) ENGINE=InnoDB AUTO_INCREMENT=5 DEFAULT CHARSET=utf8mb4 COLLATE=utf8mb4_general_ci;

/*Data for the table `bbs_topic` */

insert  into `bbs_topic`(`id`,`title`,`time`,`numSee`,`numReply`,`content`,`user_id`,`roleName`,`section_id`) values 
(1,'第一篇帖子','2022-10-30 10:40:0',21,4,'帖子的内容士大夫精神的海景房宽松的环境',1,'管理员',1),
(3,'32423423','2022-10-30 14:27:27',9,2,'234234234',1,'超级管理员',1),
(4,'sdasd','2022-10-31 01:16:54',2,0,'asdasdas',12711,'会员',1);

/*Table structure for table `club_card` */

DROP TABLE IF EXISTS `club_card`;

CREATE TABLE `club_card` (
  `id` bigint NOT NULL AUTO_INCREMENT,
  `code` varchar(32) COLLATE utf8mb4_general_ci DEFAULT NULL,
  `balance` int DEFAULT NULL,
  `status` int DEFAULT '0',
  `start_time` varchar(32) COLLATE utf8mb4_general_ci DEFAULT NULL,
  `end_time` varchar(32) COLLATE utf8mb4_general_ci DEFAULT NULL,
  `type` int DEFAULT NULL,
  `user_id` bigint DEFAULT NULL,
  PRIMARY KEY (`id`)
) ENGINE=InnoDB AUTO_INCREMENT=3 DEFAULT CHARSET=utf8mb4 COLLATE=utf8mb4_general_ci;

/*Data for the table `club_card` */

insert  into `club_card`(`id`,`code`,`balance`,`status`,`start_time`,`end_time`,`type`,`user_id`) values 
(2,'werwerw',22,0,'2022-10-26','2022-10-29',4,12711);

/*Table structure for table `club_detail` */

DROP TABLE IF EXISTS `club_detail`;

CREATE TABLE `club_detail` (
  `id` bigint NOT NULL AUTO_INCREMENT,
  `record_id` bigint DEFAULT NULL,
  `project_id` bigint DEFAULT NULL,
  `start_time` varchar(32) COLLATE utf8mb4_general_ci DEFAULT NULL,
  `end_time` varchar(32) COLLATE utf8mb4_general_ci DEFAULT NULL,
  `machine_id` bigint DEFAULT NULL,
  `coach_id` bigint DEFAULT NULL,
  `money` int DEFAULT NULL,
  PRIMARY KEY (`id`)
) ENGINE=InnoDB AUTO_INCREMENT=3 DEFAULT CHARSET=utf8mb4 COLLATE=utf8mb4_general_ci;

/*Data for the table `club_detail` */

insert  into `club_detail`(`id`,`record_id`,`project_id`,`start_time`,`end_time`,`machine_id`,`coach_id`,`money`) values 
(2,3,4,'2022-10-31 00:00:00','2022-10-31 01:00:00',1,12712,22);

/*Table structure for table `club_level` */

DROP TABLE IF EXISTS `club_level`;

CREATE TABLE `club_level` (
  `id` bigint NOT NULL AUTO_INCREMENT,
  `name` varchar(32) COLLATE utf8mb4_general_ci DEFAULT NULL,
  `sort` int DEFAULT NULL,
  `start` int DEFAULT NULL,
  `end` int DEFAULT NULL,
  PRIMARY KEY (`id`)
) ENGINE=InnoDB AUTO_INCREMENT=3 DEFAULT CHARSET=utf8mb4 COLLATE=utf8mb4_general_ci;

/*Data for the table `club_level` */

insert  into `club_level`(`id`,`name`,`sort`,`start`,`end`) values 
(1,'等级1',100,0,1000),
(2,'等级2',90,1001,2000);

/*Table structure for table `club_machine` */

DROP TABLE IF EXISTS `club_machine`;

CREATE TABLE `club_machine` (
  `id` bigint NOT NULL AUTO_INCREMENT,
  `name` varchar(64) COLLATE utf8mb4_general_ci DEFAULT NULL,
  `num` int DEFAULT '0',
  PRIMARY KEY (`id`)
) ENGINE=InnoDB AUTO_INCREMENT=2 DEFAULT CHARSET=utf8mb4 COLLATE=utf8mb4_general_ci;

/*Data for the table `club_machine` */

insert  into `club_machine`(`id`,`name`,`num`) values 
(1,'跑步机',40);

/*Table structure for table `club_machineio` */

DROP TABLE IF EXISTS `club_machineio`;

CREATE TABLE `club_machineio` (
  `id` bigint NOT NULL AUTO_INCREMENT,
  `num` int DEFAULT NULL,
  `time` varchar(32) COLLATE utf8mb4_general_ci DEFAULT NULL,
  `type` varchar(32) COLLATE utf8mb4_general_ci DEFAULT NULL,
  `io` tinyint DEFAULT NULL,
  `machine_id` bigint DEFAULT NULL,
  PRIMARY KEY (`id`)
) ENGINE=InnoDB AUTO_INCREMENT=3 DEFAULT CHARSET=utf8mb4 COLLATE=utf8mb4_general_ci;

/*Data for the table `club_machineio` */

insert  into `club_machineio`(`id`,`num`,`time`,`type`,`io`,`machine_id`) values 
(1,50,'2022-10-27 22:18:43',NULL,0,1),
(2,10,'2022-10-27 22:19:40','报废销毁',1,1);

/*Table structure for table `club_project` */

DROP TABLE IF EXISTS `club_project`;

CREATE TABLE `club_project` (
  `id` bigint NOT NULL AUTO_INCREMENT,
  `name` varchar(32) COLLATE utf8mb4_general_ci DEFAULT NULL,
  `money` int DEFAULT NULL,
  `disease` varchar(512) COLLATE utf8mb4_general_ci DEFAULT NULL,
  PRIMARY KEY (`id`)
) ENGINE=InnoDB AUTO_INCREMENT=7 DEFAULT CHARSET=utf8mb4 COLLATE=utf8mb4_general_ci;

/*Data for the table `club_project` */

insert  into `club_project`(`id`,`name`,`money`,`disease`) values 
(4,'跑步',20,'高血压,脚踝,膝盖'),
(5,'仰卧起坐',20,'呼吸系统'),
(6,'游泳',10,'心脏病,呼吸系统');

/*Table structure for table `club_record` */

DROP TABLE IF EXISTS `club_record`;

CREATE TABLE `club_record` (
  `id` bigint NOT NULL AUTO_INCREMENT,
  `user_id` bigint DEFAULT NULL,
  `start_time` varchar(32) COLLATE utf8mb4_general_ci DEFAULT NULL,
  `end_time` varchar(32) COLLATE utf8mb4_general_ci DEFAULT NULL,
  `money` int DEFAULT NULL,
  `content` varchar(512) COLLATE utf8mb4_general_ci DEFAULT NULL,
  `status` tinyint DEFAULT '0',
  PRIMARY KEY (`id`)
) ENGINE=InnoDB AUTO_INCREMENT=5 DEFAULT CHARSET=utf8mb4 COLLATE=utf8mb4_general_ci;

/*Data for the table `club_record` */

insert  into `club_record`(`id`,`user_id`,`start_time`,`end_time`,`money`,`content`,`status`) values 
(3,12711,'2022-10-31 00:00:00','2022-10-31 00:00:00',22,'21333',1),
(4,12713,'2022-10-31 00:00:00','2022-11-01 00:00:00',0,'手动阀手动阀',0);

/*Table structure for table `club_user_level` */

DROP TABLE IF EXISTS `club_user_level`;

CREATE TABLE `club_user_level` (
  `id` bigint NOT NULL AUTO_INCREMENT,
  `level_id` bigint DEFAULT NULL,
  `user_id` bigint DEFAULT NULL,
  PRIMARY KEY (`id`)
) ENGINE=InnoDB AUTO_INCREMENT=2 DEFAULT CHARSET=utf8mb4 COLLATE=utf8mb4_general_ci;

/*Data for the table `club_user_level` */

insert  into `club_user_level`(`id`,`level_id`,`user_id`) values 
(1,1,12711);

/*Table structure for table `sys_config` */

DROP TABLE IF EXISTS `sys_config`;

CREATE TABLE `sys_config` (
  `config_id` int NOT NULL AUTO_INCREMENT COMMENT '参数主键',
  `config_name` varchar(100) CHARACTER SET utf8 COLLATE utf8_general_ci DEFAULT '' COMMENT '参数名称',
  `config_key` varchar(100) CHARACTER SET utf8 COLLATE utf8_general_ci DEFAULT '' COMMENT '参数键名',
  `config_value` varchar(500) CHARACTER SET utf8 COLLATE utf8_general_ci DEFAULT '' COMMENT '参数键值',
  `config_type` char(1) CHARACTER SET utf8 COLLATE utf8_general_ci DEFAULT 'N' COMMENT '系统内置（Y是 N否）',
  `create_by` varchar(64) CHARACTER SET utf8 COLLATE utf8_general_ci DEFAULT '' COMMENT '创建者',
  `create_time` datetime DEFAULT NULL COMMENT '创建时间',
  `update_by` varchar(64) CHARACTER SET utf8 COLLATE utf8_general_ci DEFAULT '' COMMENT '更新者',
  `update_time` datetime DEFAULT NULL COMMENT '更新时间',
  `remark` varchar(500) CHARACTER SET utf8 COLLATE utf8_general_ci DEFAULT NULL COMMENT '备注',
  `delete_flag` tinyint DEFAULT '0',
  `delete_time` datetime DEFAULT NULL,
  `delete_by` varchar(32) CHARACTER SET utf8 COLLATE utf8_general_ci DEFAULT NULL,
  PRIMARY KEY (`config_id`) USING BTREE
) ENGINE=InnoDB AUTO_INCREMENT=123 DEFAULT CHARSET=utf8mb3 COMMENT='参数配置表';

/*Data for the table `sys_config` */

insert  into `sys_config`(`config_id`,`config_name`,`config_key`,`config_value`,`config_type`,`create_by`,`create_time`,`update_by`,`update_time`,`remark`,`delete_flag`,`delete_time`,`delete_by`) values 
(1,'主框架页-默认皮肤样式名称','sys.index.skinName','skin-green','Y','admin','2018-03-16 11:33:00','admin','2020-02-13 21:26:30','蓝色 skin-blue、绿色 skin-green、紫色 skin-purple、红色 skin-red、黄色 skin-yellow',0,NULL,NULL),
(2,'用户管理-账号初始密码','sys.user.initPassword','123456','Y','admin','2018-03-16 11:33:00','demo','2018-03-16 11:33:00','初始化密码 123456',0,NULL,NULL),
(3,'主框架页-侧边栏主题','sys.index.sideTheme','theme-light','Y','admin','2018-03-16 11:33:00','admin','2020-06-20 09:59:50','深色主题theme-dark，浅色主题theme-light',0,NULL,NULL),
(101,'系统名称','sys.name','健身俱乐部','Y','admin','2019-08-07 00:04:04','admin','2022-10-30 15:10:00','由“项目配置”页面更改操作',0,NULL,NULL),
(102,'系统版权','sys.copyright','© 2022 All Rights Reserved. CLUB','Y','admin','2019-08-07 00:26:47','admin','2022-10-31 12:09:17','由“项目配置”页面更改操作',0,NULL,NULL),
(103,'LOGO图片','sys.logo','/profile/logo/2022/10/31/0735b2fd07918eaf66896d7b487635c8.png','Y','admin','2019-08-08 00:03:03','admin','2022-10-31 13:08:00','由“项目配置”页面更改操作',0,NULL,NULL),
(111,'学校部门根部门ID','schoole_dept_root_id','101','Y','admin','2019-12-04 10:00:08','',NULL,NULL,1,'2022-04-12 21:41:43','admin'),
(117,'学校名称','sys.school.name','合肥市经贸旅游学校','Y','',NULL,'',NULL,NULL,1,'2022-04-12 21:41:43','admin'),
(118,'建设单位根目录ID','js_root_dept_id','102','Y','admin','2022-04-12 21:42:43','',NULL,NULL,1,'2022-10-27 22:24:17','admin'),
(119,'承建单位根目录ID','cj_root_dept_id','101','Y','admin','2022-04-12 21:43:14','',NULL,NULL,1,'2022-10-27 22:24:17','admin'),
(120,'监理单位根目录ID','jl_root_dept_id','202','Y','admin','2022-04-12 21:43:44','',NULL,NULL,1,'2022-10-27 22:24:17','admin'),
(121,'生日提醒提前天数','birth_remind_day','7','Y','admin','2022-10-31 12:08:44','admin','2022-10-31 12:08:55','提前多少天生日提醒',0,NULL,NULL),
(122,'会员余额提醒','money_remind','300','Y','admin','2022-10-31 12:10:10','',NULL,'会员卡余额少于多少进行提醒',0,NULL,NULL);

/*Table structure for table `sys_dept` */

DROP TABLE IF EXISTS `sys_dept`;

CREATE TABLE `sys_dept` (
  `dept_id` bigint NOT NULL AUTO_INCREMENT COMMENT '部门id',
  `parent_id` bigint DEFAULT '0' COMMENT '父部门id',
  `ancestors` varchar(50) CHARACTER SET utf8 COLLATE utf8_general_ci DEFAULT '' COMMENT '祖级列表',
  `dept_name` varchar(30) CHARACTER SET utf8 COLLATE utf8_general_ci DEFAULT '' COMMENT '部门名称',
  `order_num` int DEFAULT '0' COMMENT '显示顺序',
  `leader` varchar(20) CHARACTER SET utf8 COLLATE utf8_general_ci DEFAULT NULL COMMENT '负责人',
  `phone` varchar(11) CHARACTER SET utf8 COLLATE utf8_general_ci DEFAULT NULL COMMENT '联系电话',
  `email` varchar(50) CHARACTER SET utf8 COLLATE utf8_general_ci DEFAULT NULL COMMENT '邮箱',
  `short_name` varchar(32) CHARACTER SET utf8 COLLATE utf8_general_ci DEFAULT NULL COMMENT '简称',
  `status` char(1) CHARACTER SET utf8 COLLATE utf8_general_ci DEFAULT '0' COMMENT '部门状态（0正常 1停用）',
  `delete_flag` tinyint DEFAULT '0' COMMENT '删除标志（0代表存在 2代表删除）',
  `create_by` varchar(64) CHARACTER SET utf8 COLLATE utf8_general_ci DEFAULT '' COMMENT '创建者',
  `create_time` datetime DEFAULT NULL COMMENT '创建时间',
  `update_by` varchar(64) CHARACTER SET utf8 COLLATE utf8_general_ci DEFAULT '' COMMENT '更新者',
  `update_time` datetime DEFAULT NULL COMMENT '更新时间',
  `delete_time` datetime DEFAULT NULL,
  `delete_by` varchar(64) CHARACTER SET utf8 COLLATE utf8_general_ci DEFAULT NULL,
  PRIMARY KEY (`dept_id`) USING BTREE
) ENGINE=InnoDB AUTO_INCREMENT=218 DEFAULT CHARSET=utf8mb3 COMMENT='部门表';

/*Data for the table `sys_dept` */

insert  into `sys_dept`(`dept_id`,`parent_id`,`ancestors`,`dept_name`,`order_num`,`leader`,`phone`,`email`,`short_name`,`status`,`delete_flag`,`create_by`,`create_time`,`update_by`,`update_time`,`delete_time`,`delete_by`) values 
(100,0,'0','健身俱乐部',0,'','','',NULL,'0',0,'admin','2018-03-16 11:33:00','admin','2022-10-24 11:53:23',NULL,NULL),
(101,100,'0,100','后勤部',3,'','','','后勤部','0',0,'admin','2018-03-16 11:33:00','admin','2022-10-24 11:52:53',NULL,NULL),
(213,100,'0,100','会员部',20,'','','','会员部','0',0,'admin','2022-10-24 11:53:07','admin','2022-10-24 11:53:23',NULL,NULL),
(214,100,'0,100','训练部',20,NULL,NULL,NULL,'训练部','0',0,'admin','2022-10-24 11:53:34','',NULL,NULL,NULL),
(215,100,'0,100','设备管理部',30,NULL,NULL,NULL,'设备管理部','0',0,'admin','2022-10-24 11:54:00','',NULL,NULL,NULL),
(216,100,'0,100','会员',0,NULL,NULL,NULL,'会员','0',0,'admin','2022-10-24 14:20:37','',NULL,NULL,NULL),
(217,100,'0,100','教练部',100,NULL,NULL,NULL,'教练部','0',0,'admin','2022-10-29 22:30:47','',NULL,NULL,NULL);

/*Table structure for table `sys_dict_data` */

DROP TABLE IF EXISTS `sys_dict_data`;

CREATE TABLE `sys_dict_data` (
  `dict_code` bigint NOT NULL AUTO_INCREMENT COMMENT '字典编码',
  `dict_sort` int DEFAULT '0' COMMENT '字典排序',
  `dict_label` varchar(100) CHARACTER SET utf8 COLLATE utf8_general_ci DEFAULT '' COMMENT '字典标签',
  `dict_value` varchar(100) CHARACTER SET utf8 COLLATE utf8_general_ci DEFAULT '' COMMENT '字典键值',
  `dict_type` varchar(100) CHARACTER SET utf8 COLLATE utf8_general_ci DEFAULT '' COMMENT '字典类型',
  `css_class` varchar(100) CHARACTER SET utf8 COLLATE utf8_general_ci DEFAULT NULL COMMENT '样式属性（其他样式扩展）',
  `list_class` varchar(100) CHARACTER SET utf8 COLLATE utf8_general_ci DEFAULT NULL COMMENT '表格回显样式',
  `is_default` char(1) CHARACTER SET utf8 COLLATE utf8_general_ci DEFAULT 'N' COMMENT '是否默认（Y是 N否）',
  `status` char(1) CHARACTER SET utf8 COLLATE utf8_general_ci DEFAULT '0' COMMENT '状态（0正常 1停用）',
  `create_by` varchar(64) CHARACTER SET utf8 COLLATE utf8_general_ci DEFAULT '' COMMENT '创建者',
  `create_time` datetime DEFAULT NULL COMMENT '创建时间',
  `update_by` varchar(64) CHARACTER SET utf8 COLLATE utf8_general_ci DEFAULT '' COMMENT '更新者',
  `update_time` datetime DEFAULT NULL COMMENT '更新时间',
  `remark` varchar(500) CHARACTER SET utf8 COLLATE utf8_general_ci DEFAULT NULL COMMENT '备注',
  `delete_flag` tinyint DEFAULT '0',
  `delete_by` varchar(64) CHARACTER SET utf8 COLLATE utf8_general_ci DEFAULT NULL,
  `delete_time` datetime DEFAULT NULL,
  PRIMARY KEY (`dict_code`) USING BTREE
) ENGINE=InnoDB AUTO_INCREMENT=130 DEFAULT CHARSET=utf8mb3 COMMENT='字典数据表';

/*Data for the table `sys_dict_data` */

insert  into `sys_dict_data`(`dict_code`,`dict_sort`,`dict_label`,`dict_value`,`dict_type`,`css_class`,`list_class`,`is_default`,`status`,`create_by`,`create_time`,`update_by`,`update_time`,`remark`,`delete_flag`,`delete_by`,`delete_time`) values 
(1,1,'男','0','sys_user_sex','','','Y','0','admin','2018-03-16 11:33:00','admin','2018-03-16 11:33:00','性别男',0,NULL,NULL),
(2,2,'女','1','sys_user_sex','','','N','0','admin','2018-03-16 11:33:00','admin','2018-03-16 11:33:00','性别女',0,NULL,NULL),
(3,3,'未知','2','sys_user_sex','','','N','0','admin','2018-03-16 11:33:00','admin','2018-03-16 11:33:00','性别未知',0,NULL,NULL),
(4,1,'显示','0','sys_show_hide','','primary','Y','0','admin','2018-03-16 11:33:00','admin','2018-03-16 11:33:00','显示菜单',0,NULL,NULL),
(5,2,'隐藏','1','sys_show_hide','','danger','N','0','admin','2018-03-16 11:33:00','admin','2018-03-16 11:33:00','隐藏菜单',0,NULL,NULL),
(6,1,'正常','0','sys_normal_disable','','primary','Y','0','admin','2018-03-16 11:33:00','admin','2018-03-16 11:33:00','正常状态',0,NULL,NULL),
(7,2,'停用','2','sys_normal_disable','','danger','N','0','admin','2018-03-16 11:33:00','admin','2019-08-07 22:38:22','停用状态',0,NULL,NULL),
(8,1,'正常','0','sys_job_status','','primary','Y','0','admin','2018-03-16 11:33:00','admin','2018-03-16 11:33:00','正常状态',0,NULL,NULL),
(9,3,'暂停','1','sys_job_status','','danger','N','0','admin','2018-03-16 11:33:00','admin','2019-08-07 22:44:00','停用状态',0,NULL,NULL),
(10,1,'默认','DEFAULT','sys_job_group','','','Y','0','admin','2018-03-16 11:33:00','admin','2018-03-16 11:33:00','默认分组',0,NULL,NULL),
(11,2,'系统','SYSTEM','sys_job_group','','','N','0','admin','2018-03-16 11:33:00','admin','2018-03-16 11:33:00','系统分组',0,NULL,NULL),
(12,1,'是','Y','sys_yes_no','','primary','Y','0','admin','2018-03-16 11:33:00','admin','2018-03-16 11:33:00','系统默认是',0,NULL,NULL),
(13,2,'否','N','sys_yes_no','','danger','N','0','admin','2018-03-16 11:33:00','admin','2018-03-16 11:33:00','系统默认否',0,NULL,NULL),
(14,1,'通知','1','sys_notice_type','','warning','Y','0','admin','2018-03-16 11:33:00','admin','2018-03-16 11:33:00','通知',1,'admin','2022-04-12 21:45:32'),
(15,2,'公告','2','sys_notice_type','','success','N','0','admin','2018-03-16 11:33:00','admin','2018-03-16 11:33:00','公告',1,'admin','2022-04-12 21:45:32'),
(16,1,'正常','0','sys_notice_status','','primary','Y','0','admin','2018-03-16 11:33:00','admin','2018-03-16 11:33:00','正常状态',1,'admin','2022-04-12 21:45:38'),
(17,2,'关闭','1','sys_notice_status','','danger','N','0','admin','2018-03-16 11:33:00','admin','2018-03-16 11:33:00','关闭状态',1,'admin','2022-04-12 21:45:38'),
(18,1,'新增','1','sys_oper_type','','info','N','0','admin','2018-03-16 11:33:00','admin','2018-03-16 11:33:00','新增操作',0,NULL,NULL),
(19,2,'修改','2','sys_oper_type','','info','N','0','admin','2018-03-16 11:33:00','admin','2018-03-16 11:33:00','修改操作',0,NULL,NULL),
(20,3,'删除','3','sys_oper_type','','danger','N','0','admin','2018-03-16 11:33:00','admin','2018-03-16 11:33:00','删除操作',0,NULL,NULL),
(21,4,'授权','4','sys_oper_type','','primary','N','0','admin','2018-03-16 11:33:00','admin','2018-03-16 11:33:00','授权操作',0,NULL,NULL),
(22,5,'导出','5','sys_oper_type','','warning','N','0','admin','2018-03-16 11:33:00','admin','2018-03-16 11:33:00','导出操作',0,NULL,NULL),
(23,6,'导入','6','sys_oper_type','','warning','N','0','admin','2018-03-16 11:33:00','admin','2018-03-16 11:33:00','导入操作',0,NULL,NULL),
(24,7,'强退','7','sys_oper_type','','danger','N','0','admin','2018-03-16 11:33:00','admin','2018-03-16 11:33:00','强退操作',0,NULL,NULL),
(25,8,'生成代码','8','sys_oper_type','','warning','N','0','admin','2018-03-16 11:33:00','admin','2018-03-16 11:33:00','生成操作',0,NULL,NULL),
(26,9,'清空数据','9','sys_oper_type','','danger','N','0','admin','2018-03-16 11:33:00','admin','2018-03-16 11:33:00','清空操作',0,NULL,NULL),
(27,1,'成功','0','sys_common_status','','primary','N','0','admin','2018-03-16 11:33:00','admin','2018-03-16 11:33:00','正常状态',0,NULL,NULL),
(28,2,'失败','1','sys_common_status','','danger','N','0','admin','2018-03-16 11:33:00','admin','2018-03-16 11:33:00','停用状态',0,NULL,NULL),
(103,2,'是','1','article_need_audit_status','','default','N','0','admin','2019-08-15 22:53:39','admin','2019-08-15 22:54:12','需要审核',1,'admin','2022-04-12 21:45:11'),
(104,3,'否','0','article_need_audit_status','','default','Y','0','admin','2019-08-15 22:53:55','admin','2019-08-15 22:54:06','不需要审核',1,'admin','2022-04-12 21:45:11'),
(105,2,'否','0','article_istop',NULL,NULL,'Y','0','admin','2019-08-17 15:57:50','admin',NULL,'不置顶',1,'admin','2022-04-12 21:44:54'),
(106,0,'是','1','article_istop',NULL,NULL,'N','0','admin','2019-08-17 15:58:07','admin',NULL,'置顶',1,'admin','2022-04-12 21:44:54'),
(107,10,'正常','0','useable_status',NULL,NULL,'Y','0','demo','2019-08-22 10:31:15','admin',NULL,NULL,0,NULL,NULL),
(108,9,'停用','1','useable_status','','','N','0','demo','2019-08-22 10:31:47','admin','2020-03-20 10:59:48','test',0,NULL,NULL),
(109,8,'毕业','3','useable_status','','','N','0','demo','2019-08-22 10:32:12','admin','2020-03-20 11:06:19','ts',0,NULL,NULL),
(111,3,'考勤','ATTENDANCE','sys_job_group',NULL,NULL,'Y','0','demo','2019-11-13 10:45:38','',NULL,'考勤分组',0,NULL,NULL),
(112,4,'接口','API','sys_job_group',NULL,NULL,'Y','0','demo','2019-11-13 11:07:11','',NULL,NULL,0,NULL,NULL),
(113,5,'清理数据','CLEAN','sys_job_group',NULL,NULL,'Y','0','demo','2019-11-16 17:01:01','',NULL,'定时清理一些缓存数据或者数据库',0,NULL,NULL),
(114,4,'使用中','0','use_status',NULL,NULL,'Y','0','demo','2019-11-18 18:03:02','',NULL,NULL,0,NULL,NULL),
(115,3,'未使用','1','use_status',NULL,'default','Y','0','demo','2019-11-18 18:03:38','',NULL,NULL,0,NULL,NULL),
(116,6,'评价','EVALUATE','sys_job_group',NULL,NULL,'Y','0','admin','2019-11-19 11:23:34','',NULL,'评价模块',0,NULL,NULL),
(117,3,'需要','1','article_need_read',NULL,NULL,'Y','0','admin','2020-11-30 16:19:15','',NULL,NULL,1,'admin','2022-04-12 21:45:19'),
(118,2,'不需要','2','article_need_read','','','N','0','admin','2020-11-30 16:19:26','admin','2020-11-30 16:23:54','',1,'admin','2022-04-12 21:45:19'),
(119,100,'非密','非密','security_classification',NULL,'default','Y','0','admin','2022-04-13 22:22:30','',NULL,NULL,0,NULL,NULL),
(120,90,'加密','加密','security_classification',NULL,'default','Y','0','admin','2022-04-13 22:22:43','',NULL,NULL,0,NULL,NULL),
(121,80,'绝密','绝密','security_classification',NULL,'default','Y','0','admin','2022-04-13 22:23:00','',NULL,NULL,0,NULL,NULL),
(122,100,'采购入库','采购入库','iotype',NULL,NULL,'Y','0','admin','2022-10-27 22:12:21','',NULL,NULL,0,NULL,NULL),
(123,90,'报废销毁','报废销毁','iotype',NULL,NULL,'Y','0','admin','2022-10-27 22:12:40','',NULL,NULL,0,NULL,NULL),
(124,90,'心脏病','心脏病','diseaseList',NULL,NULL,'Y','0','admin','2022-10-27 22:20:57','',NULL,NULL,0,NULL,NULL),
(125,80,'高血压','高血压','diseaseList',NULL,NULL,'Y','0','admin','2022-10-27 22:21:06','',NULL,NULL,0,NULL,NULL),
(126,80,'呼吸系统','呼吸系统','diseaseList',NULL,NULL,'Y','0','admin','2022-10-27 22:21:27','',NULL,NULL,0,NULL,NULL),
(127,70,'肝肾系统','肝肾系统','diseaseList',NULL,NULL,'Y','0','admin','2022-10-27 22:21:38','',NULL,NULL,0,NULL,NULL),
(128,60,'脚踝','脚踝','diseaseList',NULL,NULL,'Y','0','admin','2022-10-27 22:21:49','',NULL,NULL,0,NULL,NULL),
(129,60,'膝盖','膝盖','diseaseList',NULL,NULL,'Y','0','admin','2022-10-27 22:22:00','',NULL,NULL,0,NULL,NULL);

/*Table structure for table `sys_dict_type` */

DROP TABLE IF EXISTS `sys_dict_type`;

CREATE TABLE `sys_dict_type` (
  `dict_id` bigint NOT NULL AUTO_INCREMENT COMMENT '字典主键',
  `dict_name` varchar(100) CHARACTER SET utf8 COLLATE utf8_general_ci DEFAULT '' COMMENT '字典名称',
  `dict_type` varchar(100) CHARACTER SET utf8 COLLATE utf8_general_ci DEFAULT '' COMMENT '字典类型',
  `status` char(1) CHARACTER SET utf8 COLLATE utf8_general_ci DEFAULT '0' COMMENT '状态（0正常 1停用）',
  `dict_sort` int DEFAULT NULL COMMENT '排序',
  `create_by` varchar(64) CHARACTER SET utf8 COLLATE utf8_general_ci DEFAULT '' COMMENT '创建者',
  `create_time` datetime DEFAULT NULL COMMENT '创建时间',
  `update_by` varchar(64) CHARACTER SET utf8 COLLATE utf8_general_ci DEFAULT '' COMMENT '更新者',
  `update_time` datetime DEFAULT NULL COMMENT '更新时间',
  `remark` varchar(500) CHARACTER SET utf8 COLLATE utf8_general_ci DEFAULT NULL COMMENT '备注',
  `delete_by` varchar(64) CHARACTER SET utf8 COLLATE utf8_general_ci DEFAULT NULL,
  `delete_flag` tinyint DEFAULT '0',
  `delete_time` datetime DEFAULT NULL,
  PRIMARY KEY (`dict_id`) USING BTREE,
  UNIQUE KEY `dict_type` (`dict_type`) USING BTREE
) ENGINE=InnoDB AUTO_INCREMENT=109 DEFAULT CHARSET=utf8mb3 COMMENT='字典类型表';

/*Data for the table `sys_dict_type` */

insert  into `sys_dict_type`(`dict_id`,`dict_name`,`dict_type`,`status`,`dict_sort`,`create_by`,`create_time`,`update_by`,`update_time`,`remark`,`delete_by`,`delete_flag`,`delete_time`) values 
(1,'用户性别','sys_user_sex','0',100,'admin','2018-03-16 11:33:00','demo','2018-03-16 11:33:00','用户性别列表',NULL,0,NULL),
(2,'菜单状态','sys_show_hide','0',90,'admin','2018-03-16 11:33:00','demo','2018-03-16 11:33:00','菜单状态列表',NULL,0,NULL),
(3,'系统开关','sys_normal_disable','0',80,'admin','2018-03-16 11:33:00','demo','2018-03-16 11:33:00','系统开关列表',NULL,0,NULL),
(4,'任务状态','sys_job_status','0',70,'admin','2018-03-16 11:33:00','demo','2018-03-16 11:33:00','任务状态列表',NULL,0,NULL),
(5,'任务分组','sys_job_group','0',60,'admin','2018-03-16 11:33:00','demo','2018-03-16 11:33:00','任务分组列表',NULL,0,NULL),
(6,'系统是否','sys_yes_no','0',50,'admin','2018-03-16 11:33:00','demo','2018-03-16 11:33:00','系统是否列表',NULL,0,NULL),
(7,'通知类型','sys_notice_type','0',40,'admin','2018-03-16 11:33:00','demo','2018-03-16 11:33:00','通知类型列表','admin',1,'2022-04-12 21:45:56'),
(8,'通知状态','sys_notice_status','0',30,'admin','2018-03-16 11:33:00','demo','2018-03-16 11:33:00','通知状态列表','admin',1,'2022-04-12 21:45:56'),
(9,'操作类型','sys_oper_type','0',20,'admin','2018-03-16 11:33:00','demo','2018-03-16 11:33:00','操作类型列表',NULL,0,NULL),
(10,'系统状态','sys_common_status','0',10,'admin','2018-03-16 11:33:00','demo','2018-03-16 11:33:00','登录状态列表',NULL,0,NULL),
(100,'文章审核状态','article_need_audit_status','0',110,'admin','2019-08-15 22:52:49','demo','2019-08-22 10:29:34','文章审核状态列表','admin',1,'2022-04-12 21:45:24'),
(101,'文章置顶','article_istop','0',120,'admin','2019-08-17 15:57:02','admin','2020-03-17 10:06:22','文章是否置顶','admin',1,'2022-04-12 21:45:06'),
(102,'可用状态','useable_status','0',130,'demo','2019-08-22 10:30:41','demo','2019-08-22 10:44:51','年级班级学生等毕业状态列表',NULL,0,NULL),
(104,'使用状态','use_status','0',103,'demo','2019-11-18 18:00:04','demo','2019-11-18 18:04:06','是否使用标签',NULL,0,NULL),
(105,'文章反馈','article_need_read','0',109,'admin','2020-11-30 16:17:44','admin','2020-11-30 16:18:27','','admin',1,'2022-04-12 21:45:24'),
(106,'文档密级','security_classification','0',140,'admin','2022-04-13 22:21:42','',NULL,NULL,NULL,0,NULL),
(107,'器械进出类型','iotype','0',1000,'admin','2022-10-27 22:12:03','',NULL,NULL,NULL,0,NULL),
(108,'运动疾病','diseaseList','0',900,'admin','2022-10-27 22:20:43','',NULL,NULL,NULL,0,NULL);

/*Table structure for table `sys_logininfor` */

DROP TABLE IF EXISTS `sys_logininfor`;

CREATE TABLE `sys_logininfor` (
  `info_id` bigint NOT NULL AUTO_INCREMENT COMMENT '访问ID',
  `login_name` varchar(50) CHARACTER SET utf8 COLLATE utf8_general_ci DEFAULT '' COMMENT '登录账号',
  `ipaddr` varchar(50) CHARACTER SET utf8 COLLATE utf8_general_ci DEFAULT '' COMMENT '登录IP地址',
  `login_location` varchar(255) CHARACTER SET utf8 COLLATE utf8_general_ci DEFAULT '' COMMENT '登录地点',
  `browser` varchar(50) CHARACTER SET utf8 COLLATE utf8_general_ci DEFAULT '' COMMENT '浏览器类型',
  `os` varchar(50) CHARACTER SET utf8 COLLATE utf8_general_ci DEFAULT '' COMMENT '操作系统',
  `status` char(1) CHARACTER SET utf8 COLLATE utf8_general_ci DEFAULT '0' COMMENT '登录状态（0成功 1失败）',
  `msg` varchar(255) CHARACTER SET utf8 COLLATE utf8_general_ci DEFAULT '' COMMENT '提示消息',
  `login_time` datetime DEFAULT NULL COMMENT '访问时间',
  PRIMARY KEY (`info_id`) USING BTREE
) ENGINE=MyISAM AUTO_INCREMENT=1909 DEFAULT CHARSET=utf8mb3 COMMENT='系统访问记录';

/*Data for the table `sys_logininfor` */

insert  into `sys_logininfor`(`info_id`,`login_name`,`ipaddr`,`login_location`,`browser`,`os`,`status`,`msg`,`login_time`) values 
(1,'admin','212.64.44.92','上海 上海','Chrome','Windows 7','0','登录成功','2019-12-10 14:45:53'),
(2,'admin','212.64.44.92','上海 上海','Chrome','Windows 7','0','退出成功','2019-12-10 14:48:46'),
(3,'admin','127.0.0.1','内网IP','Chrome','Windows 10','0','登录成功','2019-12-10 15:12:45'),
(4,'admin','127.0.0.1','内网IP','Chrome','Windows 10','0','退出成功','2019-12-10 15:14:46'),
(5,'admin','127.0.0.1','内网IP','Internet Explorer 11','Windows 10','0','登录成功','2019-12-10 15:14:51'),
(6,'admin','127.0.0.1','内网IP','Internet Explorer 11','Windows 10','0','退出成功','2019-12-10 15:15:15'),
(7,'admin','127.0.0.1','内网IP','Chrome','Windows 10','0','登录成功','2019-12-10 15:15:21'),
(8,'admin','127.0.0.1','','Chrome','Windows 10','0','登录成功','2019-12-10 15:28:03'),
(9,'admin','127.0.0.1','','Chrome','Windows 10','0','登录成功','2019-12-10 15:38:12'),
(10,'admin','127.0.0.1','','Chrome','Windows 10','0','登录成功','2019-12-10 15:53:12'),
(11,'admin','127.0.0.1','内网IP','Chrome','Windows 10','0','登录成功','2019-12-10 16:02:39'),
(12,'admin','127.0.0.1','','Chrome','Windows 10','0','登录成功','2019-12-10 16:12:23'),
(13,'admin','127.0.0.1','','Chrome','Windows 10','0','登录成功','2019-12-10 16:21:43'),
(14,'admin','127.0.0.1','','Chrome','Windows 10','0','登录成功','2019-12-10 16:30:35'),
(15,'admin','127.0.0.1','','Chrome','Windows 10','0','登录成功','2019-12-10 16:33:42'),
(16,'admin','127.0.0.1','','Chrome','Windows 10','0','登录成功','2019-12-10 16:38:04'),
(17,'admin','127.0.0.1','','Chrome','Windows 10','0','登录成功','2019-12-10 16:44:02'),
(18,'admin','127.0.0.1','内网IP','Mobile Safari','Mac OS X (iPhone)','0','登录成功','2019-12-10 16:46:33'),
(19,'admin','127.0.0.1','','Chrome','Windows 10','0','登录成功','2019-12-10 16:50:21'),
(20,'admin','127.0.0.1','','Chrome','Windows 10','0','登录成功','2019-12-10 16:53:54'),
(21,'admin','127.0.0.1','内网IP','Chrome','Windows 10','0','登录成功','2019-12-10 17:48:02'),
(22,'admin','127.0.0.1','内网IP','Chrome','Windows 10','0','登录成功','2019-12-10 17:52:30'),
(23,'admin','127.0.0.1','内网IP','Chrome','Windows 10','0','登录成功','2019-12-10 17:53:40'),
(24,'admin','127.0.0.1','内网IP','Chrome','Windows 10','0','登录成功','2019-12-10 17:58:46'),
(25,'admin','127.0.0.1','内网IP','Chrome','Windows 10','0','登录成功','2019-12-10 18:02:42'),
(26,'admin','127.0.0.1','内网IP','Chrome','Windows 10','0','登录成功','2019-12-10 18:06:15'),
(27,'admin','127.0.0.1','内网IP','Chrome','Windows 10','0','登录成功','2019-12-10 18:10:46'),
(28,'admin','127.0.0.1','内网IP','Chrome','Windows 10','0','登录成功','2019-12-10 18:13:17'),
(29,'admin','127.0.0.1','内网IP','Chrome','Windows 10','0','登录成功','2019-12-10 18:13:36'),
(30,'admin','127.0.0.1','内网IP','Chrome','Windows 10','0','登录成功','2019-12-10 18:23:40'),
(31,'1019','112.26.168.227','安徽 合肥','Mobile Safari','Mac OS X (iPhone)','0','退出成功','2019-12-10 18:26:46'),
(32,'admin','127.0.0.1','内网IP','Chrome','Windows 10','0','登录成功','2019-12-10 18:28:39'),
(33,'admin','112.26.168.227','安徽 合肥','Mobile Safari','Mac OS X (iPhone)','0','登录成功','2019-12-10 18:31:07'),
(34,'admin','112.26.168.227','安徽 合肥','Mobile Safari','Mac OS X (iPhone)','0','退出成功','2019-12-10 18:31:13'),
(35,'admin','127.0.0.1','内网IP','Chrome','Windows 10','0','登录成功','2019-12-10 18:46:48'),
(36,'admin','127.0.0.1','内网IP','Chrome','Windows 10','0','登录成功','2019-12-10 18:48:45'),
(37,'admin','127.0.0.1','内网IP','Mobile Safari','Mac OS X (iPhone)','0','登录成功','2019-12-11 09:28:44'),
(38,'admin','112.26.168.227, 61.151.180.39','内网IP','Chrome Mobile','Android Mobile','0','登录成功','2019-12-11 10:48:27'),
(39,'admin','112.26.168.227','安徽 合肥','Apple WebKit','Mac OS X (iPhone)','0','登录成功','2019-12-11 10:49:13'),
(40,'admin','112.26.168.227','XX XX','Apple WebKit','Mac OS X (iPhone)','0','退出成功','2019-12-11 10:49:35'),
(41,'1019','112.26.168.227','XX XX','Apple WebKit','Mac OS X (iPhone)','0','登录成功','2019-12-11 10:49:44'),
(42,'admin','112.26.168.227','安徽 合肥','Chrome','Windows 7','0','登录成功','2019-12-11 10:52:11'),
(43,'admin','117.136.100.123, 223.167.152.20','内网IP','Chrome Mobile','Android Mobile','0','登录成功','2019-12-11 10:53:00'),
(44,'1019','112.26.168.227','安徽 合肥','Apple WebKit','Mac OS X (iPhone)','0','退出成功','2019-12-11 10:55:58'),
(45,'admin','112.26.168.227','安徽 合肥','Apple WebKit','Mac OS X (iPhone)','0','登录成功','2019-12-11 10:56:00'),
(46,'admin','117.136.100.36, 101.226.225.59','内网IP','Chrome Mobile','Android Mobile','0','登录成功','2019-12-11 10:58:21'),
(47,'admin','112.26.168.227','安徽 合肥','Apple WebKit','Mac OS X (iPhone)','0','登录成功','2019-12-11 11:01:17'),
(48,'admin','127.0.0.1','内网IP','Chrome','Windows 10','0','登录成功','2019-12-11 11:15:45'),
(49,'admin','112.26.168.227','安徽 合肥','Mobile Safari','Mac OS X (iPhone)','0','登录成功','2019-12-11 11:17:50'),
(50,'admin','127.0.0.1','内网IP','Chrome','Windows 10','0','登录成功','2019-12-11 11:49:34'),
(51,'admin','112.26.168.227','XX XX','Mobile Safari','Mac OS X (iPhone)','0','登录成功','2019-12-11 11:52:33'),
(52,'admin','127.0.0.1','内网IP','Chrome','Windows 10','0','登录成功','2019-12-11 11:54:12'),
(53,'admin','127.0.0.1','内网IP','Chrome','Windows 10','0','登录成功','2019-12-11 11:59:33'),
(54,'admin','127.0.0.1','内网IP','Chrome','Windows 10','0','登录成功','2019-12-11 12:03:22'),
(55,'admin','117.136.100.105, 61.129.7.217','内网IP','Chrome Mobile','Android Mobile','0','登录成功','2019-12-11 14:00:38'),
(56,'admin','127.0.0.1','内网IP','Chrome','Windows 10','0','登录成功','2019-12-11 14:05:36'),
(57,'admin','112.26.168.227, 61.151.180.39','内网IP','Chrome Mobile','Android Mobile','0','退出成功','2019-12-11 14:06:13'),
(58,'1018','112.26.168.227, 223.166.151.234','内网IP','Chrome Mobile','Android Mobile','0','登录成功','2019-12-11 14:06:23'),
(59,'1018','112.26.168.227, 223.166.151.234','内网IP','Chrome Mobile','Android Mobile','0','退出成功','2019-12-11 14:07:17'),
(60,'341225200412072742','112.26.168.227, 223.166.151.234','内网IP','Chrome Mobile','Android Mobile','0','登录成功','2019-12-11 14:07:23'),
(61,'admin','127.0.0.1','内网IP','Chrome','Windows 10','0','登录成功','2019-12-11 14:11:29'),
(62,'341225200412072742','112.26.168.227, 223.166.151.234','内网IP','Chrome Mobile','Android Mobile','0','退出成功','2019-12-11 14:17:34'),
(63,'341225200412072742','223.104.37.221, 119.84.153.208','内网IP','Chrome Mobile','Android Mobile','1','密码输入错误1次','2019-12-11 14:17:41'),
(64,'341225200412072742','223.104.37.221, 119.84.153.208','内网IP','Chrome Mobile','Android Mobile','0','登录成功','2019-12-11 14:17:46'),
(65,'341225200412072742','223.104.37.221, 119.84.153.208','内网IP','Chrome Mobile','Android Mobile','0','退出成功','2019-12-11 14:17:53'),
(66,'1018','223.104.37.221, 119.84.153.208','内网IP','Chrome Mobile','Android Mobile','0','登录成功','2019-12-11 14:17:59'),
(67,'admin','127.0.0.1','内网IP','Chrome','Windows 10','0','登录成功','2019-12-11 14:23:26'),
(68,'341225200412072742','223.104.37.221, 119.84.153.208','内网IP','Chrome Mobile','Android Mobile','1','密码输入错误1次','2019-12-11 14:24:14'),
(69,'341225200412072742','223.104.37.221, 119.84.153.208','内网IP','Chrome Mobile','Android Mobile','0','登录成功','2019-12-11 14:24:18'),
(70,'341225200412072742','223.104.37.221, 119.84.153.208','内网IP','Chrome Mobile','Android Mobile','0','退出成功','2019-12-11 14:25:02'),
(71,'1018','223.104.37.221, 119.84.153.208','内网IP','Chrome Mobile','Android Mobile','0','登录成功','2019-12-11 14:25:08'),
(72,'1018','223.104.37.221, 119.84.153.208','内网IP','Chrome Mobile','Android Mobile','0','退出成功','2019-12-11 14:32:24'),
(73,'admin','223.104.37.221, 119.84.153.208','内网IP','Chrome Mobile','Android Mobile','0','登录成功','2019-12-11 14:32:26'),
(74,'admin','127.0.0.1','内网IP','Chrome','Windows 10','0','登录成功','2019-12-11 14:35:02'),
(75,'admin','127.0.0.1','内网IP','Chrome','Windows 10','0','登录成功','2019-12-11 14:36:58'),
(76,'admin','127.0.0.1','内网IP','Chrome','Windows 10','0','登录成功','2019-12-11 14:47:12'),
(77,'admin','127.0.0.1','内网IP','Chrome','Windows 10','0','登录成功','2019-12-11 14:49:18'),
(78,'admin','127.0.0.1','内网IP','Chrome','Windows 10','0','登录成功','2019-12-11 14:50:06'),
(79,'admin','223.104.37.221, 119.84.153.208','内网IP','Chrome Mobile','Android Mobile','0','退出成功','2019-12-11 14:57:42'),
(80,'341225200412072742','223.104.37.221, 119.84.153.208','内网IP','Chrome Mobile','Android Mobile','1','密码输入错误1次','2019-12-11 14:57:48'),
(81,'341225200412072742','223.104.37.221, 119.84.153.208','内网IP','Chrome Mobile','Android Mobile','0','登录成功','2019-12-11 14:57:53'),
(82,'admin','112.26.168.227','安徽 合肥','Mobile Safari','Mac OS X (iPhone)','0','退出成功','2019-12-11 14:58:42'),
(83,'341225200412072742','112.26.168.227','XX XX','Mobile Safari','Mac OS X (iPhone)','0','登录成功','2019-12-11 14:59:12'),
(84,'341225200412072742','112.26.168.227','安徽 合肥','Apple WebKit','Mac OS X (iPhone)','0','登录成功','2019-12-11 15:01:54'),
(85,'341225200412072742','223.104.37.221, 119.84.153.208','内网IP','Chrome Mobile','Android Mobile','0','退出成功','2019-12-11 15:10:33'),
(86,'1018','223.104.37.221, 119.84.153.208','内网IP','Chrome Mobile','Android Mobile','0','登录成功','2019-12-11 15:10:40'),
(87,'admin','127.0.0.1','内网IP','Chrome','Windows 10','0','登录成功','2019-12-11 15:30:51'),
(88,'admin','127.0.0.1','内网IP','Chrome','Windows 10','0','登录成功','2019-12-11 15:33:12'),
(89,'1018','112.26.168.227','安徽 合肥','Mobile Safari','Mac OS X (iPhone)','0','登录成功','2019-12-11 15:45:44'),
(90,'1018','112.26.168.227','XX XX','Mobile Safari','Mac OS X (iPhone)','0','登录成功','2019-12-11 15:47:07'),
(91,'admin','127.0.0.1','内网IP','Chrome','Windows 10','0','登录成功','2019-12-11 15:51:50'),
(92,'admin','127.0.0.1','内网IP','Chrome','Windows 10','0','登录成功','2019-12-11 15:56:19'),
(93,'admin','127.0.0.1','内网IP','Chrome','Windows 10','0','登录成功','2019-12-11 15:59:04'),
(94,'admin','127.0.0.1','内网IP','Chrome','Windows 10','0','登录成功','2019-12-11 16:02:42'),
(95,'1018','112.26.168.227','XX XX','Mobile Safari','Mac OS X (iPhone)','0','登录成功','2019-12-11 16:05:16'),
(96,'admin','127.0.0.1','内网IP','Chrome','Windows 10','0','登录成功','2019-12-11 16:05:25'),
(97,'admin','223.104.37.221','XX XX','Chrome Mobile','Android Mobile','0','登录成功','2019-12-11 16:06:45'),
(98,'admin','223.104.37.221','安徽 XX','Chrome Mobile','Android Mobile','0','登录成功','2019-12-11 16:06:45'),
(99,'admin','223.104.37.221','XX XX','Chrome Mobile','Android Mobile','0','退出成功','2019-12-11 16:06:52'),
(100,'1018','223.104.37.221','安徽 XX','Chrome Mobile','Android Mobile','0','登录成功','2019-12-11 16:06:58'),
(101,'admin','127.0.0.1','内网IP','Chrome','Windows 10','0','登录成功','2019-12-11 16:07:39'),
(102,'admin','127.0.0.1','内网IP','Chrome','Windows 10','0','登录成功','2019-12-11 16:09:14'),
(103,'1018','223.104.37.221, 119.84.153.208','内网IP','Chrome Mobile','Android Mobile','0','退出成功','2019-12-11 16:11:46'),
(104,'admin','223.104.37.221, 119.84.153.208','内网IP','Chrome Mobile','Android Mobile','0','登录成功','2019-12-11 16:11:47'),
(105,'1018','112.26.168.227','安徽 合肥','Mobile Safari','Mac OS X (iPhone)','0','退出成功','2019-12-11 16:26:05'),
(106,'admin','112.26.168.227','安徽 合肥','Mobile Safari','Mac OS X (iPhone)','0','登录成功','2019-12-11 16:26:07'),
(107,'admin','127.0.0.1','内网IP','Chrome','Windows 10','0','登录成功','2019-12-11 16:36:15'),
(108,'admin','127.0.0.1','内网IP','Chrome','Windows 10','0','登录成功','2019-12-11 16:39:45'),
(109,'admin','127.0.0.1','内网IP','Chrome','Windows 10','0','登录成功','2019-12-11 17:33:59'),
(110,'admin','127.0.0.1','内网IP','Chrome','Windows 10','0','登录成功','2019-12-11 17:42:56'),
(111,'admin','127.0.0.1','内网IP','Chrome','Windows 10','0','登录成功','2019-12-11 18:07:38'),
(112,'admin','127.0.0.1','内网IP','Chrome','Windows 10','0','登录成功','2019-12-12 08:51:19'),
(113,'admin','127.0.0.1','内网IP','Chrome','Windows 10','0','登录成功','2019-12-12 09:29:59'),
(114,'admin','127.0.0.1','内网IP','Chrome','Windows 10','0','登录成功','2019-12-12 09:39:18'),
(115,'admin','127.0.0.1','内网IP','Chrome','Windows 10','0','登录成功','2019-12-12 09:58:35'),
(116,'admin','127.0.0.1','内网IP','Chrome','Windows 10','0','登录成功','2019-12-12 10:11:48'),
(117,'admin','127.0.0.1','内网IP','Chrome','Windows 10','0','登录成功','2019-12-12 11:01:35'),
(118,'admin','127.0.0.1','内网IP','Chrome','Windows 10','0','登录成功','2019-12-12 11:04:23'),
(119,'admin','127.0.0.1','内网IP','Chrome','Windows 10','0','登录成功','2019-12-12 11:26:45'),
(120,'admin','127.0.0.1','内网IP','Chrome','Windows 10','0','登录成功','2019-12-12 11:33:47'),
(121,'admin','127.0.0.1','内网IP','Chrome','Windows 10','0','退出成功','2019-12-12 11:40:02'),
(122,'admin','127.0.0.1','内网IP','Chrome','Windows 10','0','登录成功','2019-12-12 11:40:03'),
(123,'admin','127.0.0.1','内网IP','Chrome','Windows 10','0','登录成功','2019-12-12 11:51:21'),
(124,'admin','127.0.0.1','内网IP','Chrome','Windows 10','0','登录成功','2019-12-12 11:58:29'),
(125,'admin','223.104.37.221, 119.84.153.208','内网IP','Chrome Mobile','Android Mobile','0','登录成功','2019-12-12 12:13:01'),
(126,'admin','223.104.37.221, 119.84.153.208','内网IP','Chrome Mobile','Android Mobile','0','退出成功','2019-12-12 12:31:10'),
(127,'admin','117.132.193.149, 218.68.91.112','内网IP','Chrome Mobile','Android Mobile','0','登录成功','2019-12-12 12:34:48'),
(128,'admin','117.132.193.149, 218.68.91.112','内网IP','Chrome Mobile','Android Mobile','0','退出成功','2019-12-12 12:44:40'),
(129,'admin','117.132.193.149, 111.30.142.227','内网IP','Chrome Mobile','Android Mobile','0','登录成功','2019-12-12 12:45:24'),
(130,'admin','117.132.193.149, 111.30.142.227','内网IP','Chrome Mobile','Android Mobile','0','退出成功','2019-12-12 12:50:32'),
(131,'admin','117.132.193.149, 111.30.142.227','内网IP','Chrome Mobile','Android Mobile','0','登录成功','2019-12-12 12:50:50'),
(132,'admin','112.26.168.227','XX XX','Mobile Safari','Mac OS X (iPhone)','0','登录成功','2019-12-12 12:53:13'),
(133,'admin','112.26.168.227','XX XX','Mobile Safari','Mac OS X (iPhone)','0','登录成功','2019-12-12 12:56:09'),
(134,NULL,'112.26.168.227','安徽 合肥','Mobile Safari','Mac OS X (iPhone)','1','* 必须填写','2019-12-12 13:01:29'),
(135,'admin','112.26.168.227','安徽 合肥','Mobile Safari','Mac OS X (iPhone)','0','登录成功','2019-12-12 13:02:21'),
(136,'admin','112.26.168.227','安徽 合肥','Mobile Safari','Mac OS X (iPhone)','0','登录成功','2019-12-12 14:04:52'),
(137,NULL,'112.26.168.227','XX XX','Mobile Safari','Mac OS X (iPhone)','1','* 必须填写','2019-12-12 14:05:27'),
(138,'admin','112.26.168.227','XX XX','Mobile Safari','Mac OS X (iPhone)','0','登录成功','2019-12-12 14:08:19'),
(139,'admin','112.26.168.227','XX XX','Apple WebKit','Mac OS X (iPhone)','0','登录成功','2019-12-12 14:09:49'),
(140,'admin','112.26.168.227','XX XX','Apple WebKit','Mac OS X (iPhone)','0','退出成功','2019-12-12 14:09:59'),
(141,'admin','112.26.168.227','XX XX','Apple WebKit','Mac OS X (iPhone)','0','登录成功','2019-12-12 14:10:11'),
(142,'admin','112.26.168.227','安徽 合肥','Apple WebKit','Mac OS X (iPhone)','0','退出成功','2019-12-12 14:11:12'),
(143,'admin','112.26.168.227','XX XX','Apple WebKit','Mac OS X (iPhone)','0','登录成功','2019-12-12 14:11:31'),
(144,'admin','127.0.0.1','内网IP','Chrome','Windows 10','0','登录成功','2019-12-12 14:13:47'),
(145,'admin','112.26.168.227','XX XX','Apple WebKit','Mac OS X (iPhone)','0','退出成功','2019-12-12 14:14:48'),
(146,'admin','112.26.168.227','安徽 合肥','Apple WebKit','Mac OS X (iPhone)','0','登录成功','2019-12-12 14:15:06'),
(147,'admin','112.26.168.227','安徽 合肥','Apple WebKit','Mac OS X (iPhone)','0','登录成功','2019-12-12 14:15:07'),
(148,'admin','112.26.168.227','安徽 合肥','Apple WebKit','Mac OS X (iPhone)','0','登录成功','2019-12-12 14:15:08'),
(149,'admin','112.26.168.227','XX XX','Apple WebKit','Mac OS X (iPhone)','0','登录成功','2019-12-12 14:15:11'),
(150,'admin','112.26.168.227','XX XX','Apple WebKit','Mac OS X (iPhone)','0','登录成功','2019-12-12 14:15:12'),
(151,'admin','112.26.168.227','XX XX','Apple WebKit','Mac OS X (iPhone)','0','登录成功','2019-12-12 14:15:19'),
(152,'admin','127.0.0.1','内网IP','Chrome','Windows 10','0','退出成功','2019-12-12 14:24:00'),
(153,'admin','127.0.0.1','内网IP','Chrome','Windows 10','0','登录成功','2019-12-12 14:24:12'),
(154,'admin','127.0.0.1','内网IP','Chrome','Windows 10','0','登录成功','2019-12-12 14:39:16'),
(155,'admin','127.0.0.1','内网IP','Chrome','Windows 10','0','登录成功','2019-12-12 14:45:52'),
(156,'admin','127.0.0.1','内网IP','Chrome','Windows 10','0','登录成功','2019-12-12 14:56:21'),
(157,'admin','112.26.168.227','XX XX','Mobile Safari','Mac OS X (iPhone)','0','登录成功','2019-12-12 15:02:37'),
(158,'admin','112.26.168.227','安徽 合肥','Mobile Safari','Mac OS X (iPhone)','0','登录成功','2019-12-12 15:03:17'),
(159,'1018','112.26.168.227','安徽 合肥','Mobile Safari','Mac OS X (iPhone)','0','登录成功','2019-12-12 15:03:45'),
(160,'admin','127.0.0.1','内网IP','Chrome','Windows 10','0','登录成功','2019-12-12 15:19:10'),
(161,'admin','127.0.0.1','内网IP','Chrome','Windows 10','0','登录成功','2019-12-12 15:22:54'),
(162,'admin','127.0.0.1','内网IP','Chrome','Windows 10','0','登录成功','2019-12-12 15:27:01'),
(163,'admin','127.0.0.1','内网IP','Chrome','Windows 10','0','登录成功','2019-12-12 15:27:56'),
(164,'admin','117.132.193.149, 111.30.142.227','内网IP','Chrome Mobile','Android Mobile','0','退出成功','2019-12-12 15:34:22'),
(165,'admin','117.132.193.149, 111.30.142.227','内网IP','Chrome Mobile','Android Mobile','0','登录成功','2019-12-12 15:34:51'),
(166,'admin','117.132.193.149, 111.30.142.227','内网IP','Chrome Mobile','Android Mobile','0','退出成功','2019-12-12 15:35:48'),
(167,'admin','117.132.193.149, 123.151.77.91','内网IP','Chrome Mobile','Android Mobile','0','登录成功','2019-12-12 15:37:11'),
(168,'admin','117.132.193.149, 123.151.77.91','内网IP','Chrome Mobile','Android Mobile','0','退出成功','2019-12-12 15:39:26'),
(169,'admin','117.132.193.149, 111.30.142.227','内网IP','Chrome Mobile','Android Mobile','0','登录成功','2019-12-12 15:39:38'),
(170,'admin','117.132.193.149, 111.30.142.227','内网IP','Chrome Mobile','Android Mobile','0','退出成功','2019-12-12 15:40:39'),
(171,'1018','117.132.193.149, 111.30.142.227','内网IP','Chrome Mobile','Android Mobile','0','登录成功','2019-12-12 15:40:48'),
(172,'1018','117.132.193.149, 111.30.142.227','内网IP','Chrome Mobile','Android Mobile','0','退出成功','2019-12-12 15:46:54'),
(173,'1018','117.132.193.149, 123.151.77.91','内网IP','Chrome Mobile','Android Mobile','0','登录成功','2019-12-12 15:47:09'),
(174,'admin','127.0.0.1','内网IP','Chrome','Windows 10','0','登录成功','2019-12-12 15:49:15'),
(175,'1018','112.26.168.227','安徽 合肥','Mobile Safari','Mac OS X (iPhone)','0','登录成功','2019-12-12 15:53:16'),
(176,'admin','127.0.0.1','内网IP','Chrome','Windows 10','0','登录成功','2019-12-12 16:04:45'),
(177,'admin','127.0.0.1','内网IP','Chrome','Windows 10','0','登录成功','2019-12-12 16:08:46'),
(178,'admin','127.0.0.1','内网IP','Chrome','Windows 10','0','登录成功','2019-12-12 16:11:08'),
(179,'admin','127.0.0.1','内网IP','Chrome','Windows 10','0','登录成功','2019-12-12 16:15:47'),
(180,'admin','127.0.0.1','内网IP','Chrome','Windows 10','0','登录成功','2019-12-12 16:19:40'),
(181,'admin','127.0.0.1','内网IP','Chrome','Windows 10','0','登录成功','2019-12-12 16:33:10'),
(182,'1018','112.26.168.227','XX XX','Mobile Safari','Mac OS X (iPhone)','0','退出成功','2019-12-12 17:02:42'),
(183,'341225200412072742','112.26.168.227','XX XX','Mobile Safari','Mac OS X (iPhone)','0','登录成功','2019-12-12 17:02:54'),
(184,'341225200412072742','112.26.168.227','XX XX','Mobile Safari','Mac OS X (iPhone)','0','登录成功','2019-12-12 17:06:08'),
(185,'admin','127.0.0.1','内网IP','Chrome','Windows 10','0','登录成功','2019-12-12 17:15:46'),
(186,'admin','127.0.0.1','内网IP','Chrome','Windows 10','0','登录成功','2019-12-12 17:18:16'),
(187,'admin','127.0.0.1','内网IP','Chrome','Windows 10','0','登录成功','2019-12-12 17:23:13'),
(188,'admin','127.0.0.1','内网IP','Chrome','Windows 10','0','登录成功','2019-12-12 17:27:27'),
(189,'admin','127.0.0.1','内网IP','Chrome','Windows 10','0','登录成功','2019-12-12 17:30:21'),
(190,'admin','127.0.0.1','内网IP','Chrome','Windows 10','0','登录成功','2019-12-12 17:30:28'),
(191,'admin','127.0.0.1','内网IP','Chrome','Windows 10','0','登录成功','2019-12-12 17:45:04'),
(192,'admin','127.0.0.1','内网IP','Chrome','Windows 10','0','登录成功','2019-12-12 17:47:53'),
(193,'admin','127.0.0.1','内网IP','Chrome','Windows 10','0','登录成功','2019-12-12 17:56:27'),
(194,'admin','127.0.0.1','内网IP','Chrome','Windows 10','0','登录成功','2019-12-12 18:00:41'),
(195,'admin','127.0.0.1','内网IP','Chrome','Windows 10','0','登录成功','2019-12-12 18:05:31'),
(196,'admin','127.0.0.1','内网IP','Chrome','Windows 10','0','登录成功','2019-12-12 18:05:58'),
(197,'admin','127.0.0.1','内网IP','Chrome','Windows 10','0','登录成功','2019-12-12 18:09:55'),
(198,'admin','127.0.0.1','内网IP','Chrome','Windows 10','0','登录成功','2019-12-12 18:13:02'),
(199,'1018','117.132.193.149, 123.151.77.91','内网IP','Chrome Mobile','Android Mobile','0','退出成功','2019-12-12 18:13:03'),
(200,'341225200412072742','117.132.193.149, 123.151.77.91','内网IP','Chrome Mobile','Android Mobile','0','登录成功','2019-12-12 18:13:05'),
(201,'admin','127.0.0.1','内网IP','Chrome','Windows 10','0','登录成功','2019-12-12 18:13:21'),
(202,'admin','127.0.0.1','内网IP','Chrome','Windows 10','0','登录成功','2019-12-12 18:19:11'),
(203,'admin','127.0.0.1','内网IP','Chrome','Windows 10','0','登录成功','2019-12-12 18:21:47'),
(204,'admin','127.0.0.1','内网IP','Chrome','Windows 10','0','登录成功','2019-12-12 18:24:05'),
(205,'admin','218.204.252.93','XX XX','Apple WebKit','Mac OS X (iPhone)','0','退出成功','2019-12-12 18:24:43'),
(206,'1018','218.204.252.93','广东 汕头','Apple WebKit','Mac OS X (iPhone)','0','登录成功','2019-12-12 18:24:53'),
(207,'1018','218.204.252.93','XX XX','Apple WebKit','Mac OS X (iPhone)','0','退出成功','2019-12-12 18:25:41'),
(208,'341225200412072742','218.204.252.93','广东 汕头','Apple WebKit','Mac OS X (iPhone)','0','登录成功','2019-12-12 18:25:49'),
(209,'admin','127.0.0.1','内网IP','Chrome','Windows 10','0','登录成功','2019-12-12 18:33:48'),
(210,'admin','127.0.0.1','内网IP','Chrome','Windows 10','0','登录成功','2019-12-12 18:59:27'),
(211,'admin','127.0.0.1','内网IP','Chrome','Windows 10','0','登录成功','2019-12-12 19:30:16'),
(212,'admin','127.0.0.1','内网IP','Chrome','Windows 10','0','登录成功','2019-12-12 19:32:17'),
(213,'admin','127.0.0.1','内网IP','Chrome','Windows 10','0','登录成功','2019-12-12 19:37:55'),
(214,'admin','127.0.0.1','内网IP','Chrome','Windows 10','0','登录成功','2019-12-12 19:38:24'),
(215,'admin','127.0.0.1','内网IP','Chrome','Windows 10','0','登录成功','2019-12-12 19:41:21'),
(216,'admin','127.0.0.1','内网IP','Chrome','Windows 10','0','登录成功','2019-12-12 19:43:41'),
(217,'admin','127.0.0.1','内网IP','Chrome','Windows 10','0','登录成功','2019-12-13 08:49:45'),
(218,'341225200412072742','112.26.168.227','安徽 合肥','Mobile Safari','Mac OS X (iPhone)','0','退出成功','2019-12-13 08:59:38'),
(219,'1018','112.26.168.227','安徽 合肥','Mobile Safari','Mac OS X (iPhone)','0','登录成功','2019-12-13 08:59:48'),
(220,'1018','112.26.168.227','XX XX','Mobile Safari','Mac OS X (iPhone)','0','退出成功','2019-12-13 09:00:29'),
(221,'341225200412072742','112.26.168.227','XX XX','Mobile Safari','Mac OS X (iPhone)','0','登录成功','2019-12-13 09:00:40'),
(222,'admin','127.0.0.1','内网IP','Chrome','Windows 10','0','登录成功','2019-12-13 09:07:18'),
(223,'admin','127.0.0.1','内网IP','Chrome','Windows 10','0','登录成功','2019-12-13 09:11:50'),
(224,'admin','127.0.0.1','内网IP','Chrome','Windows 10','0','登录成功','2019-12-13 09:51:54'),
(225,'admin','127.0.0.1','内网IP','Chrome','Windows 10','0','登录成功','2019-12-13 10:03:48'),
(226,'admin','112.26.168.227','安徽 合肥','Mobile Safari','Mac OS X (iPhone)','0','登录成功','2019-12-13 10:05:07'),
(227,'admin','112.26.168.227','XX XX','Mobile Safari','Mac OS X (iPhone)','0','退出成功','2019-12-13 10:05:12'),
(228,'341225200412072742','112.26.168.227','安徽 合肥','Mobile Safari','Mac OS X (iPhone)','0','登录成功','2019-12-13 10:05:16'),
(229,'admin','127.0.0.1','内网IP','Chrome','Windows 10','0','登录成功','2019-12-13 10:08:07'),
(230,'admin','127.0.0.1','内网IP','Chrome','Windows 10','0','登录成功','2019-12-13 10:25:59'),
(231,'341225200412072742','112.26.168.227','XX XX','Mobile Safari','Mac OS X (iPhone)','0','退出成功','2019-12-13 10:33:39'),
(232,'1018','112.26.168.227','安徽 合肥','Mobile Safari','Mac OS X (iPhone)','0','登录成功','2019-12-13 10:34:00'),
(233,'1018','112.26.168.227','XX XX','Mobile Safari','Mac OS X (iPhone)','0','退出成功','2019-12-13 10:34:40'),
(234,'341225200412072742','112.26.168.227','XX XX','Mobile Safari','Mac OS X (iPhone)','0','登录成功','2019-12-13 10:35:34'),
(235,'341225200412072742','112.26.168.227','XX XX','Mobile Safari','Mac OS X (iPhone)','0','退出成功','2019-12-13 10:36:32'),
(236,'1018','112.26.168.227','XX XX','Mobile Safari','Mac OS X (iPhone)','0','登录成功','2019-12-13 10:36:41'),
(237,'1018','112.26.168.227','安徽 合肥','Mobile Safari','Mac OS X (iPhone)','0','退出成功','2019-12-13 10:50:24'),
(238,'341225200412072742','112.26.168.227','XX XX','Mobile Safari','Mac OS X (iPhone)','0','登录成功','2019-12-13 10:50:31'),
(239,'341225200412072742','112.26.168.227','安徽 合肥','Mobile Safari','Mac OS X (iPhone)','0','退出成功','2019-12-13 10:51:45'),
(240,'1018','112.26.168.227','安徽 合肥','Mobile Safari','Mac OS X (iPhone)','0','登录成功','2019-12-13 10:51:56'),
(241,'1018','112.26.168.227','安徽 合肥','Mobile Safari','Mac OS X (iPhone)','0','退出成功','2019-12-13 10:53:22'),
(242,'341225200412072742','112.26.168.227','XX XX','Mobile Safari','Mac OS X (iPhone)','0','登录成功','2019-12-13 10:53:29'),
(243,'admin','127.0.0.1','内网IP','Chrome','Windows 10','0','退出成功','2019-12-13 10:54:12'),
(244,'1018','127.0.0.1','内网IP','Chrome','Windows 10','0','登录成功','2019-12-13 10:54:17'),
(245,'admin','127.0.0.1','内网IP','Chrome','Windows 10','0','登录成功','2019-12-13 11:05:34'),
(246,'admin','127.0.0.1','内网IP','Chrome','Windows 10','0','登录成功','2019-12-13 11:07:24'),
(247,'admin','127.0.0.1','内网IP','Chrome','Windows 10','0','登录成功','2019-12-13 11:10:22'),
(248,'admin','127.0.0.1','内网IP','Chrome','Windows 10','0','登录成功','2019-12-13 11:15:22'),
(249,'admin','127.0.0.1','内网IP','Chrome','Windows 10','0','登录成功','2019-12-13 11:23:46'),
(250,'admin','127.0.0.1','内网IP','Chrome','Windows 10','0','登录成功','2019-12-13 11:36:05'),
(251,'341225200412072742','218.204.252.93','XX XX','Apple WebKit','Mac OS X (iPhone)','0','退出成功','2019-12-13 11:45:31'),
(252,'1018','218.204.252.93','XX XX','Apple WebKit','Mac OS X (iPhone)','0','登录成功','2019-12-13 11:45:47'),
(253,'341225200412072742','117.132.193.149, 123.151.77.91','内网IP','Chrome Mobile','Android Mobile','0','退出成功','2019-12-13 11:46:27'),
(254,'341225200412072742','117.132.193.149, 123.151.77.91','内网IP','Chrome Mobile','Android Mobile','0','登录成功','2019-12-13 11:47:40'),
(255,'341225200412072742','112.26.168.227','XX XX','Mobile Safari','Mac OS X (iPhone)','0','退出成功','2019-12-13 11:52:43'),
(256,'1018','112.26.168.227','XX XX','Mobile Safari','Mac OS X (iPhone)','0','登录成功','2019-12-13 11:52:51'),
(257,'341225200412072742','117.132.193.149, 123.151.77.91','内网IP','Chrome Mobile','Android Mobile','0','退出成功','2019-12-13 12:20:30'),
(258,'1018','117.132.193.149, 123.151.77.91','内网IP','Chrome Mobile','Android Mobile','0','登录成功','2019-12-13 12:20:32'),
(259,'admin','127.0.0.1','内网IP','Chrome','Windows 10','0','登录成功','2019-12-13 14:36:43'),
(260,'admin','127.0.0.1','内网IP','Chrome','Windows 10','0','登录成功','2019-12-13 14:40:31'),
(261,'admin','127.0.0.1','内网IP','Chrome','Windows 10','0','登录成功','2019-12-13 14:43:52'),
(262,'1018','117.132.193.149, 123.151.77.91','内网IP','Chrome Mobile','Android Mobile','0','退出成功','2019-12-13 14:47:33'),
(263,'admin','117.132.193.149, 111.30.142.227','内网IP','Chrome Mobile','Android Mobile','0','登录成功','2019-12-13 14:47:36'),
(264,'admin','127.0.0.1','内网IP','Chrome','Windows 10','0','登录成功','2019-12-13 15:47:04'),
(265,'1018','112.26.168.227','XX XX','Mobile Safari','Mac OS X (iPhone)','0','退出成功','2019-12-13 16:38:35'),
(266,'admin','112.26.168.227','XX XX','Mobile Safari','Mac OS X (iPhone)','0','登录成功','2019-12-13 16:38:39'),
(267,'admin','112.26.168.227','安徽 合肥','Mobile Safari','Mac OS X (iPhone)','0','退出成功','2019-12-13 16:53:11'),
(268,'341225200412072742','112.26.168.227','XX XX','Mobile Safari','Mac OS X (iPhone)','0','登录成功','2019-12-13 16:53:37'),
(269,'341225200412072742','112.26.168.227','安徽 合肥','Mobile Safari','Mac OS X (iPhone)','0','退出成功','2019-12-13 16:57:09'),
(270,'1018','112.26.168.227','安徽 合肥','Mobile Safari','Mac OS X (iPhone)','0','登录成功','2019-12-13 16:57:52'),
(271,'admin','117.132.193.149, 111.30.142.227','内网IP','Chrome Mobile','Android Mobile','0','退出成功','2019-12-13 17:01:02'),
(272,'341225200412072742','117.132.193.149, 123.151.77.91','内网IP','Chrome Mobile','Android Mobile','0','登录成功','2019-12-13 17:01:32'),
(273,'1018','218.204.252.93','广东 汕头','Apple WebKit','Mac OS X (iPhone)','0','退出成功','2019-12-13 17:02:15'),
(274,'1018','218.204.252.93','广东 汕头','Apple WebKit','Mac OS X (iPhone)','0','登录成功','2019-12-13 17:02:22'),
(275,'341225200412072742','117.132.193.149, 123.151.77.91','内网IP','Chrome Mobile','Android Mobile','0','退出成功','2019-12-13 17:47:27'),
(276,'admin','117.132.193.149, 123.151.77.91','内网IP','Chrome Mobile','Android Mobile','0','登录成功','2019-12-13 17:47:32'),
(277,'1018','218.204.252.93','广东 汕头','Apple WebKit','Mac OS X (iPhone)','0','退出成功','2019-12-13 17:51:31'),
(278,'1001','218.204.252.93','广东 汕头','Apple WebKit','Mac OS X (iPhone)','0','登录成功','2019-12-13 17:52:01'),
(279,'admin','127.0.0.1','内网IP','Chrome','Windows 10','0','登录成功','2019-12-13 17:52:43'),
(280,'admin','127.0.0.1','内网IP','Chrome','Windows 10','0','登录成功','2019-12-13 17:57:59'),
(281,'1018','112.26.168.227','XX XX','Mobile Safari','Mac OS X (iPhone)','0','退出成功','2019-12-13 18:08:46'),
(282,'admin','112.26.168.227','XX XX','Mobile Safari','Mac OS X (iPhone)','0','登录成功','2019-12-13 18:08:50'),
(283,'admin','112.26.168.227','XX XX','Mobile Safari','Mac OS X (iPhone)','0','登录成功','2019-12-13 18:10:00'),
(284,'admin','117.132.193.149, 123.151.77.91','内网IP','Chrome Mobile','Android Mobile','0','退出成功','2019-12-13 18:17:37'),
(285,'1018','117.132.193.149, 123.151.77.91','内网IP','Chrome Mobile','Android Mobile','0','登录成功','2019-12-13 18:17:43'),
(286,'admin','112.26.168.227','XX XX','Mobile Safari','Mac OS X (iPhone)','0','退出成功','2019-12-13 18:17:58'),
(287,'1018','112.26.168.227','XX XX','Mobile Safari','Mac OS X (iPhone)','0','登录成功','2019-12-13 18:18:16'),
(288,'1018','112.26.168.227','XX XX','Mobile Safari','Mac OS X (iPhone)','0','退出成功','2019-12-13 18:18:28'),
(289,'341225200412072742','112.26.168.227','XX XX','Mobile Safari','Mac OS X (iPhone)','0','登录成功','2019-12-13 18:18:37'),
(290,'1018','117.132.193.149, 123.151.77.91','内网IP','Chrome Mobile','Android Mobile','0','退出成功','2019-12-13 18:19:55'),
(291,'341225200412072742','117.132.193.149, 123.151.77.91','内网IP','Chrome Mobile','Android Mobile','0','登录成功','2019-12-13 18:19:57'),
(292,'341225200412072742','117.132.193.149, 123.151.77.91','内网IP','Chrome Mobile','Android Mobile','0','退出成功','2019-12-13 18:20:01'),
(293,'1018','117.132.193.149, 123.151.77.91','内网IP','Chrome Mobile','Android Mobile','0','登录成功','2019-12-13 18:20:08'),
(294,'1001','218.204.252.93','广东 汕头','Apple WebKit','Mac OS X (iPhone)','0','退出成功','2019-12-13 18:59:25'),
(295,'1001','218.204.252.93','XX XX','Apple WebKit','Mac OS X (iPhone)','0','登录成功','2019-12-13 18:59:41'),
(296,'1001','218.204.252.93','XX XX','Apple WebKit','Mac OS X (iPhone)','0','退出成功','2019-12-13 19:00:41'),
(297,'admin','218.204.252.93','XX XX','Apple WebKit','Mac OS X (iPhone)','0','登录成功','2019-12-13 19:00:45'),
(298,'admin','127.0.0.1','内网IP','Chrome','Windows 10','0','登录成功','2019-12-13 19:05:58'),
(299,'admin','127.0.0.1','内网IP','Chrome','Windows 10','0','登录成功','2019-12-14 11:18:13'),
(300,'admin','127.0.0.1','内网IP','Chrome','Windows 10','0','登录成功','2019-12-14 11:26:45'),
(301,'admin','127.0.0.1','内网IP','Chrome','Windows 10','0','登录成功','2019-12-14 11:36:06'),
(302,'admin','127.0.0.1','内网IP','Chrome','Windows 10','0','登录成功','2019-12-14 11:45:48'),
(303,'admin','127.0.0.1','内网IP','Chrome','Windows 10','0','登录成功','2019-12-14 11:50:18'),
(304,'admin','117.132.194.110','XX XX','Apple WebKit','Mac OS X (iPhone)','0','退出成功','2019-12-14 14:22:11'),
(305,'1017','117.132.194.110','XX XX','Apple WebKit','Mac OS X (iPhone)','0','登录成功','2019-12-14 14:22:20'),
(306,'admin','127.0.0.1','内网IP','Chrome','Windows 10','0','登录成功','2019-12-14 15:05:27'),
(307,'admin','127.0.0.1','内网IP','Chrome','Windows 10','0','登录成功','2019-12-14 15:08:23'),
(308,'admin','127.0.0.1','内网IP','Chrome','Windows 10','0','登录成功','2019-12-14 15:13:03'),
(309,'admin','127.0.0.1','内网IP','Chrome','Windows 10','0','登录成功','2019-12-14 15:16:15'),
(310,'admin','127.0.0.1','内网IP','Chrome','Windows 10','0','登录成功','2019-12-14 15:21:15'),
(311,'admin','127.0.0.1','内网IP','Chrome','Windows 10','0','退出成功','2019-12-14 15:24:24'),
(312,'demo','127.0.0.1','内网IP','Chrome','Windows 10','0','登录成功','2019-12-14 15:24:27'),
(313,'admin','127.0.0.1','内网IP','Chrome','Windows 10','0','登录成功','2019-12-14 15:26:49'),
(314,'admin','127.0.0.1','内网IP','Chrome','Windows 10','0','登录成功','2019-12-14 15:31:31'),
(315,'admin','127.0.0.1','内网IP','Chrome','Windows 10','0','登录成功','2019-12-14 15:41:05'),
(316,'admin','127.0.0.1','内网IP','Chrome','Windows 10','0','登录成功','2019-12-14 15:44:20'),
(317,'admin','127.0.0.1','内网IP','Chrome','Windows 10','0','登录成功','2019-12-14 15:48:04'),
(318,'admin','127.0.0.1','内网IP','Chrome','Windows 10','0','登录成功','2019-12-14 15:51:05'),
(319,'admin','127.0.0.1','内网IP','Chrome','Windows 10','0','登录成功','2019-12-14 15:52:06'),
(320,'demo','127.0.0.1','内网IP','Chrome','Windows 10','0','登录成功','2019-12-14 16:05:02'),
(321,'admin','127.0.0.1','内网IP','Chrome','Windows 10','0','登录成功','2019-12-14 16:10:56'),
(322,'admin','127.0.0.1','内网IP','Chrome','Windows 10','0','登录成功','2019-12-14 16:11:11'),
(323,'admin','127.0.0.1','内网IP','Chrome','Windows 10','0','登录成功','2019-12-14 16:12:38'),
(324,'admin','127.0.0.1','内网IP','Chrome','Windows 10','0','登录成功','2019-12-14 16:14:44'),
(325,'admin','127.0.0.1','内网IP','Chrome','Windows 10','0','登录成功','2019-12-14 16:39:24'),
(326,'admin','127.0.0.1','内网IP','Chrome','Windows 10','0','登录成功','2019-12-14 16:39:29'),
(327,'admin','127.0.0.1','内网IP','Chrome','Windows 10','0','登录成功','2019-12-14 16:51:57'),
(328,'admin','127.0.0.1','内网IP','Chrome','Windows 10','0','登录成功','2019-12-14 16:59:24'),
(329,'admin','127.0.0.1','内网IP','Chrome','Windows 10','0','登录成功','2019-12-14 17:09:54'),
(330,'admin','127.0.0.1','内网IP','Chrome','Windows 10','0','登录成功','2019-12-14 17:20:08'),
(331,'admin','127.0.0.1','内网IP','Chrome','Windows 10','0','退出成功','2019-12-14 17:21:45'),
(332,'demo','127.0.0.1','内网IP','Chrome','Windows 10','0','登录成功','2019-12-14 17:21:49'),
(333,'demo','127.0.0.1','内网IP','Chrome','Windows 10','0','登录成功','2019-12-14 17:24:14'),
(334,'admin','127.0.0.1','内网IP','Chrome','Windows 10','0','登录成功','2019-12-14 17:26:25'),
(335,'admin','127.0.0.1','内网IP','Chrome','Windows 10','0','登录成功','2019-12-14 17:32:31'),
(336,'admin','127.0.0.1','内网IP','Chrome','Windows 10','0','登录成功','2019-12-16 08:39:04'),
(337,'admin','127.0.0.1','内网IP','Chrome','Windows 10','0','登录成功','2019-12-16 09:34:05'),
(338,'admin','127.0.0.1','内网IP','Chrome','Windows 10','0','登录成功','2019-12-16 09:56:33'),
(339,'admin','127.0.0.1','内网IP','Chrome','Windows 10','0','登录成功','2019-12-16 11:12:28'),
(340,'admin','127.0.0.1','内网IP','Chrome','Windows 10','0','登录成功','2019-12-16 11:31:25'),
(341,'admin','127.0.0.1','内网IP','Chrome','Windows 10','0','登录成功','2019-12-16 11:34:08'),
(342,'admin','127.0.0.1','内网IP','Chrome','Windows 10','0','登录成功','2019-12-16 11:39:05'),
(343,'admin','127.0.0.1','内网IP','Chrome','Windows 10','0','登录成功','2019-12-16 11:43:59'),
(344,'admin','127.0.0.1','内网IP','Chrome','Windows 10','0','登录成功','2019-12-16 11:56:39'),
(345,'admin','127.0.0.1','内网IP','Chrome','Windows 10','0','登录成功','2019-12-16 12:00:11'),
(346,'admin','127.0.0.1','内网IP','Chrome','Windows 10','0','登录成功','2019-12-16 12:36:33'),
(347,'admin','127.0.0.1','内网IP','Chrome','Windows 10','0','登录成功','2019-12-16 14:07:19'),
(348,'admin','127.0.0.1','内网IP','Chrome','Windows 10','0','登录成功','2019-12-16 14:48:57'),
(349,'admin','127.0.0.1','内网IP','Chrome','Windows 10','0','登录成功','2019-12-16 14:51:17'),
(350,'admin','127.0.0.1','内网IP','Chrome','Windows 10','0','登录成功','2019-12-16 16:28:13'),
(351,'admin','127.0.0.1','内网IP','Chrome','Windows 10','0','登录成功','2019-12-16 16:36:27'),
(352,'admin','127.0.0.1','内网IP','Chrome','Windows 10','0','登录成功','2019-12-16 16:40:16'),
(353,'admin','127.0.0.1','内网IP','Chrome','Windows 10','0','登录成功','2019-12-16 16:56:05'),
(354,'admin','127.0.0.1','内网IP','Chrome','Windows 10','0','登录成功','2019-12-16 17:18:56'),
(355,'admin','127.0.0.1','内网IP','Chrome','Windows 10','0','退出成功','2019-12-16 17:59:09'),
(356,'admin','127.0.0.1','内网IP','Chrome','Windows 10','0','登录成功','2019-12-16 17:59:13'),
(357,'admin','127.0.0.1','内网IP','Chrome','Windows 10','0','登录成功','2019-12-16 18:40:26'),
(358,'admin','127.0.0.1','内网IP','Chrome','Windows 10','0','退出成功','2019-12-16 18:43:37'),
(359,'admin','127.0.0.1','内网IP','Chrome','Windows 10','0','登录成功','2019-12-16 18:43:38'),
(360,'admin','127.0.0.1','内网IP','Chrome','Windows 10','0','退出成功','2019-12-16 18:46:28'),
(361,'admin','127.0.0.1','内网IP','Chrome','Windows 10','0','登录成功','2019-12-16 18:46:29'),
(362,'admin','127.0.0.1','内网IP','Chrome','Windows 10','0','退出成功','2019-12-16 18:46:37'),
(363,'admin','127.0.0.1','内网IP','Chrome','Windows 10','0','登录成功','2019-12-16 18:46:38'),
(364,'admin','127.0.0.1','内网IP','Chrome','Windows 10','0','退出成功','2019-12-16 18:51:30'),
(365,'341225200412072742','127.0.0.1','内网IP','Chrome','Windows 10','0','登录成功','2019-12-16 18:51:35'),
(366,'341225200412072742','127.0.0.1','内网IP','Chrome','Windows 10','0','退出成功','2019-12-16 18:51:49'),
(367,'admin','127.0.0.1','内网IP','Chrome','Windows 10','0','登录成功','2019-12-16 18:51:51'),
(368,'admin','127.0.0.1','内网IP','Chrome','Windows 10','0','登录成功','2019-12-16 19:10:42'),
(369,'admin','127.0.0.1','内网IP','Chrome','Windows 10','0','登录成功','2019-12-16 19:11:53'),
(370,'admin','127.0.0.1','内网IP','Chrome','Windows 10','0','登录成功','2019-12-16 19:16:51'),
(371,'admin','127.0.0.1','内网IP','Chrome','Windows 10','0','登录成功','2019-12-16 19:20:51'),
(372,'admin','127.0.0.1','内网IP','Chrome','Windows 10','0','登录成功','2019-12-16 19:25:19'),
(373,'admin','127.0.0.1','内网IP','Chrome','Windows 10','0','登录成功','2019-12-16 19:28:24'),
(374,'admin','127.0.0.1','内网IP','Chrome','Windows 10','0','登录成功','2019-12-16 21:10:12'),
(375,'admin','127.0.0.1','内网IP','Chrome','Windows 10','0','登录成功','2019-12-16 22:17:12'),
(376,'admin','127.0.0.1','内网IP','Chrome','Windows 10','0','登录成功','2019-12-17 08:45:38'),
(377,'admin','127.0.0.1','内网IP','Chrome','Windows 10','0','登录成功','2019-12-17 09:16:00'),
(378,'admin','127.0.0.1','内网IP','Chrome','Windows 10','0','登录成功','2019-12-17 09:19:42'),
(379,'admin','127.0.0.1','内网IP','Chrome','Windows 10','0','登录成功','2019-12-17 09:35:14'),
(380,'admin','127.0.0.1','内网IP','Chrome','Windows 10','0','登录成功','2019-12-17 09:49:08'),
(381,'admin','127.0.0.1','内网IP','Chrome','Windows 10','0','登录成功','2019-12-17 09:49:35'),
(382,'admin','127.0.0.1','内网IP','Chrome','Windows 10','0','登录成功','2019-12-17 09:56:47'),
(383,'admin','127.0.0.1','内网IP','Chrome','Windows 10','0','登录成功','2019-12-17 10:09:47'),
(384,'admin','127.0.0.1','内网IP','Chrome','Windows 10','0','登录成功','2019-12-17 10:33:08'),
(385,'admin','127.0.0.1','内网IP','Chrome','Windows 10','0','登录成功','2019-12-17 10:48:35'),
(386,'admin','127.0.0.1','内网IP','Chrome','Windows 10','0','登录成功','2019-12-17 10:50:56'),
(387,'admin','127.0.0.1','内网IP','Chrome','Windows 10','0','登录成功','2019-12-17 10:55:16'),
(388,'admin','127.0.0.1','内网IP','Chrome','Windows 10','0','登录成功','2019-12-17 11:08:35'),
(389,'admin','127.0.0.1','内网IP','Chrome','Windows 10','0','登录成功','2019-12-17 11:20:03'),
(390,'admin','127.0.0.1','内网IP','Chrome','Windows 10','0','登录成功','2019-12-17 11:31:31'),
(391,'admin','127.0.0.1','内网IP','Chrome','Windows 10','0','登录成功','2019-12-17 11:42:20'),
(392,'admin','127.0.0.1','内网IP','Chrome','Windows 10','0','登录成功','2019-12-17 11:47:45'),
(393,'admin','127.0.0.1','内网IP','Chrome','Windows 10','0','登录成功','2019-12-17 11:50:23'),
(394,'admin','127.0.0.1','内网IP','Chrome','Windows 10','0','登录成功','2019-12-17 12:01:15'),
(395,'admin','127.0.0.1','内网IP','Chrome','Windows 10','0','登录成功','2019-12-17 14:03:05'),
(396,'admin','127.0.0.1','内网IP','Chrome','Windows 10','0','登录成功','2019-12-17 14:08:02'),
(397,'admin','127.0.0.1','内网IP','Chrome','Windows 10','0','登录成功','2019-12-17 14:09:57'),
(398,'admin','127.0.0.1','内网IP','Chrome','Windows 10','0','登录成功','2019-12-17 14:23:35'),
(399,'admin','127.0.0.1','内网IP','Chrome','Windows 10','0','登录成功','2019-12-17 14:27:34'),
(400,'admin','127.0.0.1','内网IP','Chrome','Windows 10','0','登录成功','2019-12-17 14:58:54'),
(401,'admin','127.0.0.1','内网IP','Chrome','Windows 10','0','登录成功','2019-12-17 14:59:30'),
(402,'admin','127.0.0.1','内网IP','Chrome','Windows 10','0','登录成功','2019-12-17 15:08:36'),
(403,'admin','127.0.0.1','内网IP','Chrome','Windows 10','0','登录成功','2019-12-17 16:28:02'),
(404,'admin','127.0.0.1','内网IP','Chrome','Windows 10','0','登录成功','2019-12-17 16:33:40'),
(405,'admin','127.0.0.1','内网IP','Chrome','Windows 10','0','登录成功','2019-12-17 16:34:39'),
(406,'admin','127.0.0.1','内网IP','Chrome','Windows 10','0','登录成功','2019-12-17 16:37:20'),
(407,'admin','127.0.0.1','内网IP','Chrome','Windows 10','0','登录成功','2019-12-17 16:40:14'),
(408,'admin','127.0.0.1','内网IP','Chrome','Windows 10','0','登录成功','2019-12-17 16:46:16'),
(409,'admin','127.0.0.1','内网IP','Chrome','Windows 10','0','登录成功','2019-12-17 16:55:21'),
(410,'admin','127.0.0.1','内网IP','Chrome','Windows 10','0','登录成功','2019-12-17 16:59:02'),
(411,'admin','127.0.0.1','内网IP','Chrome','Windows 10','0','登录成功','2019-12-17 17:04:13'),
(412,'admin','127.0.0.1','内网IP','Chrome','Windows 10','0','登录成功','2019-12-17 17:04:21'),
(413,'admin','127.0.0.1','内网IP','Chrome','Windows 10','0','登录成功','2019-12-17 17:19:53'),
(414,'admin','127.0.0.1','内网IP','Chrome','Windows 10','0','登录成功','2019-12-17 17:23:36'),
(415,'admin','127.0.0.1','内网IP','Chrome','Windows 10','0','登录成功','2019-12-17 17:26:08'),
(416,'admin','127.0.0.1','内网IP','Chrome','Windows 10','0','登录成功','2019-12-17 17:27:05'),
(417,'admin','127.0.0.1','内网IP','Chrome','Windows 10','0','登录成功','2019-12-17 17:32:44'),
(418,'admin','127.0.0.1','内网IP','Chrome','Windows 10','0','登录成功','2019-12-17 17:34:48'),
(419,'admin','127.0.0.1','内网IP','Chrome','Windows 10','0','登录成功','2019-12-17 17:37:09'),
(420,'admin','127.0.0.1','内网IP','Chrome','Windows 10','0','登录成功','2019-12-17 17:38:23'),
(421,'admin','127.0.0.1','内网IP','Chrome','Windows 10','0','登录成功','2019-12-17 17:40:27'),
(422,'admin','127.0.0.1','内网IP','Chrome','Windows 10','0','登录成功','2019-12-17 17:50:56'),
(423,'admin','127.0.0.1','内网IP','Chrome','Windows 10','0','登录成功','2019-12-17 17:52:43'),
(424,'admin','127.0.0.1','内网IP','Chrome','Windows 10','0','登录成功','2019-12-17 17:56:44'),
(425,'admin','127.0.0.1','内网IP','Chrome','Windows 10','0','登录成功','2019-12-17 18:00:53'),
(426,'admin','127.0.0.1','内网IP','Chrome','Windows 10','0','登录成功','2019-12-17 18:02:33'),
(427,'admin','127.0.0.1','内网IP','Chrome','Windows 10','0','登录成功','2019-12-17 18:06:34'),
(428,'admin','127.0.0.1','内网IP','Chrome','Windows 10','0','登录成功','2019-12-17 18:07:57'),
(429,'admin','127.0.0.1','内网IP','Chrome','Windows 10','0','登录成功','2019-12-17 18:12:12'),
(430,'admin','127.0.0.1','内网IP','Chrome','Windows 10','0','登录成功','2019-12-17 18:12:29'),
(431,'admin','127.0.0.1','内网IP','Chrome','Windows 10','0','登录成功','2019-12-17 18:15:41'),
(432,'admin','127.0.0.1','内网IP','Chrome','Windows 10','0','登录成功','2019-12-17 18:26:38'),
(433,'admin','127.0.0.1','内网IP','Chrome','Windows 10','0','登录成功','2019-12-18 08:44:12'),
(434,'admin','127.0.0.1','内网IP','Chrome','Windows 10','0','登录成功','2019-12-18 08:58:17'),
(435,'admin','127.0.0.1','内网IP','Chrome','Windows 10','0','登录成功','2019-12-18 08:59:34'),
(436,'admin','127.0.0.1','内网IP','Chrome','Windows 10','0','登录成功','2019-12-18 09:16:35'),
(437,'admin','127.0.0.1','内网IP','Chrome','Windows 10','0','登录成功','2019-12-18 09:28:20'),
(438,'admin','127.0.0.1','内网IP','Chrome','Windows 10','0','登录成功','2019-12-18 09:31:23'),
(439,'admin','127.0.0.1','内网IP','Chrome','Windows 10','0','登录成功','2019-12-18 09:43:30'),
(440,'admin','127.0.0.1','内网IP','Chrome','Windows 10','0','登录成功','2019-12-18 09:47:59'),
(441,'admin','127.0.0.1','内网IP','Chrome','Windows 10','0','登录成功','2019-12-18 09:55:45'),
(442,'admin','127.0.0.1','内网IP','Chrome','Windows 10','0','登录成功','2019-12-18 10:01:10'),
(443,'admin','127.0.0.1','内网IP','Chrome','Windows 10','0','登录成功','2019-12-18 10:07:08'),
(444,'admin','127.0.0.1','内网IP','Chrome','Windows 10','0','登录成功','2019-12-18 10:09:29'),
(445,'admin','127.0.0.1','内网IP','Chrome','Windows 10','0','登录成功','2019-12-18 10:12:25'),
(446,'admin','127.0.0.1','内网IP','Chrome','Windows 10','0','登录成功','2019-12-18 10:13:17'),
(447,'admin','127.0.0.1','内网IP','Chrome','Windows 10','0','登录成功','2019-12-18 10:19:17'),
(448,'admin','127.0.0.1','内网IP','Chrome','Windows 10','0','登录成功','2019-12-18 10:22:07'),
(449,'admin','127.0.0.1','内网IP','Chrome','Windows 10','0','登录成功','2019-12-18 10:23:33'),
(450,'admin','127.0.0.1','内网IP','Chrome','Windows 10','0','登录成功','2019-12-18 10:38:46'),
(451,'admin','127.0.0.1','内网IP','Chrome','Windows 10','0','登录成功','2019-12-18 10:41:45'),
(452,'admin','127.0.0.1','内网IP','Chrome','Windows 10','0','登录成功','2019-12-18 11:35:17'),
(453,'admin','127.0.0.1','内网IP','Chrome','Windows 10','0','登录成功','2019-12-18 11:38:09'),
(454,'admin','127.0.0.1','内网IP','Chrome','Windows 10','0','登录成功','2019-12-18 11:45:22'),
(455,'admin','127.0.0.1','内网IP','Chrome','Windows 10','0','登录成功','2019-12-18 14:03:29'),
(456,'admin','112.26.168.227','XX XX','Apple WebKit','Mac OS X (iPhone)','0','登录成功','2019-12-18 14:30:51'),
(457,'admin','127.0.0.1','内网IP','Chrome','Windows 10','0','登录成功','2019-12-18 14:55:32'),
(458,'admin','127.0.0.1','内网IP','Chrome','Windows 10','0','退出成功','2019-12-18 14:56:57'),
(459,'admin','127.0.0.1','内网IP','Chrome','Windows 10','0','登录成功','2019-12-18 14:56:58'),
(460,'admin','127.0.0.1','内网IP','Chrome','Windows 10','0','登录成功','2019-12-18 15:00:17'),
(461,'admin','127.0.0.1','内网IP','Chrome','Windows 10','0','登录成功','2019-12-18 15:13:39'),
(462,'admin','127.0.0.1','内网IP','Chrome','Windows 10','0','登录成功','2019-12-18 15:21:50'),
(463,'admin','127.0.0.1','内网IP','Chrome','Windows 10','0','登录成功','2019-12-18 15:22:01'),
(464,'admin','127.0.0.1','内网IP','Chrome','Windows 10','0','登录成功','2019-12-18 15:39:20'),
(465,'admin','127.0.0.1','内网IP','Chrome','Windows 10','0','登录成功','2019-12-18 16:16:32'),
(466,'admin','127.0.0.1','内网IP','Chrome','Windows 10','0','登录成功','2019-12-18 16:19:45'),
(467,'admin','127.0.0.1','内网IP','Chrome','Windows 10','0','登录成功','2019-12-18 16:27:36'),
(468,'admin','127.0.0.1','内网IP','Chrome','Windows 10','0','登录成功','2019-12-18 16:29:38'),
(469,'admin','127.0.0.1','内网IP','Chrome','Windows 10','0','登录成功','2019-12-18 16:33:38'),
(470,'admin','127.0.0.1','内网IP','Chrome','Windows 10','0','登录成功','2019-12-18 16:53:57'),
(471,'admin','127.0.0.1','内网IP','Chrome','Windows 10','0','登录成功','2019-12-18 17:01:04'),
(472,'admin','127.0.0.1','内网IP','Chrome','Windows 10','0','登录成功','2019-12-18 17:06:32'),
(473,'admin','127.0.0.1','内网IP','Chrome','Windows 10','0','登录成功','2019-12-18 17:25:46'),
(474,'admin','127.0.0.1','内网IP','Chrome','Windows 10','0','登录成功','2019-12-18 17:32:10'),
(475,'admin','127.0.0.1','内网IP','Chrome','Windows 10','0','登录成功','2019-12-19 08:34:13'),
(476,'admin','127.0.0.1','内网IP','Chrome','Windows 10','0','登录成功','2019-12-19 08:42:31'),
(477,'admin','127.0.0.1','内网IP','Chrome','Windows 10','0','登录成功','2019-12-19 08:53:07'),
(478,'admin','127.0.0.1','内网IP','Chrome','Windows 10','0','登录成功','2019-12-19 08:55:19'),
(479,'admin','127.0.0.1','内网IP','Chrome','Windows 10','0','登录成功','2019-12-19 09:00:55'),
(480,'admin','127.0.0.1','内网IP','Chrome','Windows 10','0','退出成功','2019-12-19 09:09:38'),
(481,'demo','127.0.0.1','内网IP','Chrome','Windows 10','0','登录成功','2019-12-19 09:09:42'),
(482,'demo','127.0.0.1','内网IP','Chrome','Windows 10','0','退出成功','2019-12-19 09:09:48'),
(483,'admin','127.0.0.1','内网IP','Chrome','Windows 10','0','登录成功','2019-12-19 09:09:50'),
(484,'admin','127.0.0.1','内网IP','Chrome','Windows 10','0','退出成功','2019-12-19 09:10:25'),
(485,'demo','127.0.0.1','内网IP','Chrome','Windows 10','0','登录成功','2019-12-19 09:10:33'),
(486,'demo','127.0.0.1','内网IP','Chrome','Windows 10','0','退出成功','2019-12-19 09:11:16'),
(487,'admin','127.0.0.1','内网IP','Chrome','Windows 10','0','登录成功','2019-12-19 09:11:18'),
(488,'admin','127.0.0.1','内网IP','Chrome','Windows 10','0','登录成功','2019-12-19 09:13:24'),
(489,'admin','127.0.0.1','内网IP','Chrome','Windows 10','0','退出成功','2019-12-19 09:14:30'),
(490,'demo','127.0.0.1','内网IP','Chrome','Windows 10','0','登录成功','2019-12-19 09:14:32'),
(491,'demo','127.0.0.1','内网IP','Chrome','Windows 10','0','登录成功','2019-12-19 09:15:45'),
(492,'demo','127.0.0.1','内网IP','Chrome','Windows 10','0','退出成功','2019-12-19 09:15:50'),
(493,'admin','127.0.0.1','内网IP','Chrome','Windows 10','0','登录成功','2019-12-19 09:15:52'),
(494,'admin','127.0.0.1','内网IP','Chrome','Windows 10','0','登录成功','2019-12-19 09:18:51'),
(495,'admin','127.0.0.1','内网IP','Chrome','Windows 10','0','登录成功','2019-12-19 09:20:51'),
(496,'admin','127.0.0.1','内网IP','Chrome','Windows 10','0','登录成功','2019-12-19 09:21:11'),
(497,'admin','127.0.0.1','内网IP','Chrome','Windows 10','0','登录成功','2019-12-19 09:42:26'),
(498,'admin','127.0.0.1','内网IP','Chrome','Windows 10','0','退出成功','2019-12-19 09:42:40'),
(499,'admin','127.0.0.1','内网IP','Chrome','Windows 10','0','登录成功','2019-12-19 09:42:47'),
(500,'admin','127.0.0.1','内网IP','Chrome','Windows 10','0','退出成功','2019-12-19 09:42:49'),
(501,'demo','127.0.0.1','内网IP','Chrome','Windows 10','0','登录成功','2019-12-19 09:42:52'),
(502,'admin','127.0.0.1','内网IP','Chrome','Windows 10','0','登录成功','2019-12-19 09:49:13'),
(503,'admin','127.0.0.1','内网IP','Chrome','Windows 10','0','登录成功','2019-12-19 09:49:56'),
(504,'admin','127.0.0.1','内网IP','Chrome','Windows 10','0','登录成功','2019-12-19 10:20:24'),
(505,'admin','127.0.0.1','内网IP','Chrome','Windows 10','0','登录成功','2019-12-19 10:29:23'),
(506,'admin','127.0.0.1','内网IP','Chrome','Windows 10','0','登录成功','2019-12-19 10:35:26'),
(507,'admin','127.0.0.1','内网IP','Chrome','Windows 10','0','登录成功','2019-12-19 10:36:00'),
(508,'admin','127.0.0.1','内网IP','Chrome','Windows 10','0','登录成功','2019-12-19 10:38:08'),
(509,'admin','127.0.0.1','内网IP','Chrome','Windows 10','0','登录成功','2019-12-19 10:44:21'),
(510,'admin','127.0.0.1','内网IP','Chrome','Windows 10','0','退出成功','2019-12-19 10:46:25'),
(511,'admin','127.0.0.1','内网IP','Chrome Mobile','Android 6.x','0','登录成功','2019-12-19 10:46:36'),
(512,'admin','127.0.0.1','内网IP','Chrome','Windows 10','0','登录成功','2019-12-19 11:11:49'),
(513,'admin','127.0.0.1','内网IP','Chrome','Windows 10','0','登录成功','2019-12-19 11:44:42'),
(514,'admin','127.0.0.1','内网IP','Chrome','Windows 10','0','登录成功','2019-12-19 13:58:58'),
(515,'admin','127.0.0.1','内网IP','Chrome Mobile','Android 6.x','0','登录成功','2019-12-19 14:10:05'),
(516,'admin','127.0.0.1','内网IP','Chrome','Windows 10','0','登录成功','2019-12-19 14:13:18'),
(517,'admin','127.0.0.1','内网IP','Chrome','Windows 10','0','登录成功','2019-12-19 14:19:49'),
(518,'admin','127.0.0.1','内网IP','Chrome Mobile','Android 6.x','0','登录成功','2019-12-19 14:20:32'),
(519,'admin','127.0.0.1','内网IP','Chrome','Windows 10','0','登录成功','2019-12-19 14:24:12'),
(520,'admin','127.0.0.1','内网IP','Chrome','Windows 10','0','登录成功','2019-12-19 14:35:21'),
(521,'admin','127.0.0.1','内网IP','Chrome','Windows 10','0','登录成功','2019-12-19 15:01:27'),
(522,'admin','127.0.0.1','内网IP','Chrome','Windows 10','0','登录成功','2019-12-19 15:51:46'),
(523,'admin','127.0.0.1','内网IP','Chrome','Windows 10','0','登录成功','2019-12-19 16:15:26'),
(524,'admin','127.0.0.1','内网IP','Chrome Mobile','Android 6.x','0','登录成功','2019-12-19 16:17:42'),
(525,'demo','127.0.0.1','内网IP','Chrome','Windows 10','0','登录成功','2019-12-19 16:37:19'),
(526,'341225200412072742','127.0.0.1','内网IP','Chrome','Windows 10','0','登录成功','2019-12-19 16:41:45'),
(527,'admin','127.0.0.1','内网IP','Chrome Mobile','Android 6.x','0','登录成功','2019-12-19 16:46:44'),
(528,'admin','127.0.0.1','内网IP','Chrome','Windows 10','0','登录成功','2019-12-19 16:50:23'),
(529,'admin','127.0.0.1','内网IP','Chrome','Windows 10','0','登录成功','2019-12-19 17:00:44'),
(530,'admin','127.0.0.1','内网IP','Chrome Mobile','Android 6.x','0','登录成功','2019-12-19 17:06:11'),
(531,'admin','127.0.0.1','内网IP','Chrome','Windows 10','0','登录成功','2019-12-19 17:28:21'),
(532,'admin','127.0.0.1','内网IP','Chrome Mobile','Android 6.x','0','登录成功','2019-12-19 17:37:01'),
(533,'admin','127.0.0.1','内网IP','Chrome','Windows 10','0','登录成功','2019-12-20 08:44:42'),
(534,'admin','127.0.0.1','内网IP','Chrome Mobile','Android 6.x','0','登录成功','2019-12-20 08:47:29'),
(535,'admin','127.0.0.1','内网IP','Chrome Mobile','Android 6.x','0','登录成功','2019-12-20 08:58:29'),
(536,'admin','127.0.0.1','内网IP','Chrome','Windows 10','0','登录成功','2019-12-20 09:02:00'),
(537,'admin','127.0.0.1','内网IP','Chrome','Windows 10','0','登录成功','2019-12-20 09:06:35'),
(538,'admin','127.0.0.1','内网IP','Chrome','Windows 10','0','登录成功','2019-12-20 09:10:47'),
(539,'admin','127.0.0.1','内网IP','Chrome Mobile','Android 6.x','0','登录成功','2019-12-20 09:23:14'),
(540,'admin','127.0.0.1','内网IP','Chrome','Windows 10','0','登录成功','2019-12-20 09:23:52'),
(541,'admin','127.0.0.1','内网IP','Chrome Mobile','Android 6.x','0','退出成功','2019-12-20 09:36:59'),
(542,'admin','127.0.0.1','内网IP','Chrome Mobile','Android 6.x','0','登录成功','2019-12-20 09:37:07'),
(543,'admin','127.0.0.1','内网IP','Chrome','Windows 10','0','登录成功','2019-12-20 09:42:54'),
(544,'admin','127.0.0.1','内网IP','Chrome Mobile','Android 6.x','0','登录成功','2019-12-20 09:46:16'),
(545,'admin','127.0.0.1','内网IP','Chrome','Windows 10','0','登录成功','2019-12-20 09:49:38'),
(546,'admin','127.0.0.1','内网IP','Chrome','Windows 10','0','登录成功','2019-12-20 09:53:09'),
(547,'admin','112.26.168.227','安徽 合肥','Internet Explorer 11','Windows 7','0','登录成功','2019-12-20 09:55:03'),
(548,'admin','127.0.0.1','内网IP','Chrome Mobile','Android 6.x','0','登录成功','2019-12-20 10:15:02'),
(549,'admin','127.0.0.1','内网IP','Chrome','Windows 10','0','登录成功','2019-12-20 10:16:00'),
(550,'admin','127.0.0.1','内网IP','Chrome Mobile','Android 6.x','0','登录成功','2019-12-20 11:08:21'),
(551,'admin','127.0.0.1','内网IP','Chrome Mobile','Android 6.x','0','登录成功','2019-12-20 11:14:53'),
(552,'admin','127.0.0.1','内网IP','Chrome','Windows 10','0','登录成功','2019-12-20 11:24:40'),
(553,'1018','117.132.191.60, 123.151.77.91','内网IP','Chrome Mobile','Android 1.x','0','退出成功','2019-12-20 12:45:33'),
(554,'1017','221.178.124.38','XX XX','Apple WebKit','Mac OS X (iPhone)','0','退出成功','2019-12-20 12:45:35'),
(555,'admin','221.178.124.38','重庆 重庆','Apple WebKit','Mac OS X (iPhone)','0','登录成功','2019-12-20 12:45:38'),
(556,'admin','117.132.191.60, 123.151.77.91','内网IP','Chrome Mobile','Android 1.x','0','登录成功','2019-12-20 12:45:39'),
(557,'admin','127.0.0.1','内网IP','Chrome','Windows 10','0','登录成功','2019-12-20 13:52:36'),
(558,'admin','127.0.0.1','内网IP','Chrome','Windows 10','0','登录成功','2019-12-20 14:17:40'),
(559,'admin','127.0.0.1','内网IP','Chrome','Windows 10','0','登录成功','2019-12-20 14:30:59'),
(560,'admin','127.0.0.1','内网IP','Chrome','Windows 10','0','登录成功','2019-12-20 14:51:03'),
(561,'admin','112.26.168.227','XX XX','Chrome','Windows 7','0','登录成功','2019-12-20 14:59:16'),
(562,'admin','127.0.0.1','内网IP','Chrome','Windows 10','0','登录成功','2019-12-20 15:08:31'),
(563,'admin','127.0.0.1','内网IP','Chrome','Windows 10','0','登录成功','2019-12-20 15:20:26'),
(564,'admin','127.0.0.1','内网IP','Chrome','Windows 10','0','登录成功','2019-12-20 15:37:48'),
(565,'admin','127.0.0.1','内网IP','Chrome','Windows 10','0','登录成功','2019-12-20 16:07:48'),
(566,'admin','127.0.0.1','内网IP','Chrome','Windows 10','0','登录成功','2019-12-20 16:16:32'),
(567,'admin','127.0.0.1','内网IP','Chrome','Windows 10','0','登录成功','2019-12-20 16:21:29'),
(568,'admin','127.0.0.1','内网IP','Chrome','Windows 10','0','登录成功','2019-12-20 16:24:30'),
(569,'admin','127.0.0.1','内网IP','Chrome','Windows 10','0','登录成功','2019-12-20 16:28:09'),
(570,'admin','127.0.0.1','内网IP','Chrome','Windows 10','0','登录成功','2019-12-20 16:56:46'),
(571,'admin','127.0.0.1','内网IP','Chrome','Windows 10','0','登录成功','2019-12-23 08:54:14'),
(572,'admin','127.0.0.1','内网IP','Chrome','Windows 10','0','登录成功','2019-12-23 11:13:25'),
(573,'admin','127.0.0.1','内网IP','Chrome','Windows 10','0','登录成功','2019-12-23 11:47:37'),
(574,'admin','127.0.0.1','内网IP','Chrome','Windows 10','0','退出成功','2019-12-23 11:50:51'),
(575,'admin','127.0.0.1','内网IP','Chrome','Windows 10','0','登录成功','2019-12-23 11:50:52'),
(576,'admin','127.0.0.1','内网IP','Chrome','Windows 10','0','登录成功','2019-12-23 11:58:52'),
(577,'admin','127.0.0.1','内网IP','Chrome','Windows 10','0','登录成功','2019-12-23 12:23:06'),
(578,'admin','127.0.0.1','内网IP','Chrome','Windows 10','0','登录成功','2019-12-23 14:06:01'),
(579,'admin','127.0.0.1','内网IP','Chrome','Windows 10','0','登录成功','2019-12-23 14:28:37'),
(580,'admin','127.0.0.1','内网IP','Chrome','Windows 10','0','登录成功','2019-12-23 14:31:47'),
(581,'admin','127.0.0.1','内网IP','Chrome','Windows 10','0','登录成功','2019-12-23 14:34:21'),
(582,'admin','127.0.0.1','内网IP','Chrome','Windows 10','0','登录成功','2019-12-23 14:37:19'),
(583,'admin','127.0.0.1','内网IP','Chrome Mobile','Android 6.x','0','登录成功','2019-12-23 15:28:34'),
(584,'admin','127.0.0.1','内网IP','Chrome','Windows 10','0','登录成功','2019-12-23 15:58:39'),
(585,'admin','127.0.0.1','内网IP','Chrome','Windows 10','0','登录成功','2019-12-23 17:34:47'),
(586,'admin','127.0.0.1','内网IP','Chrome','Windows 10','0','登录成功','2019-12-24 08:42:12'),
(587,'admin','127.0.0.1','内网IP','Chrome','Windows 10','0','登录成功','2019-12-24 11:36:25'),
(588,'admin','127.0.0.1','内网IP','Chrome','Windows 10','0','登录成功','2019-12-24 14:00:55'),
(589,'admin','127.0.0.1','内网IP','Chrome','Windows 10','0','登录成功','2019-12-24 15:05:17'),
(590,'admin','127.0.0.1','内网IP','Chrome','Windows 10','0','退出成功','2019-12-24 15:07:13'),
(591,'341225200412072742','127.0.0.1','内网IP','Chrome','Windows 10','0','登录成功','2019-12-24 15:07:18'),
(592,'341225200412072742','127.0.0.1','内网IP','Chrome','Windows 10','0','退出成功','2019-12-24 15:09:50'),
(593,'admin','127.0.0.1','内网IP','Chrome','Windows 10','0','登录成功','2019-12-24 15:09:51'),
(594,'341225200412072742','127.0.0.1','内网IP','Chrome','Windows 10','0','登录成功','2019-12-24 15:16:03'),
(595,'341225200412072742','127.0.0.1','内网IP','Chrome','Windows 10','0','登录成功','2019-12-24 15:20:34'),
(596,'341225200412072742','127.0.0.1','内网IP','Chrome','Windows 10','0','登录成功','2019-12-24 15:31:28'),
(597,'341225200412072742','127.0.0.1','内网IP','Chrome','Windows 10','0','登录成功','2019-12-24 15:35:05'),
(598,'341225200412072742','127.0.0.1','内网IP','Chrome','Windows 10','0','登录成功','2019-12-24 15:47:44'),
(599,'admin','127.0.0.1','内网IP','Chrome Mobile','Android 6.x','0','登录成功','2019-12-24 16:11:45'),
(600,'admin','127.0.0.1','内网IP','Chrome','Windows 10','0','登录成功','2019-12-24 16:17:24'),
(601,'admin','127.0.0.1','内网IP','Chrome','Windows 10','0','退出成功','2019-12-24 16:18:33'),
(602,'admin','127.0.0.1','内网IP','Chrome','Windows 10','0','登录成功','2019-12-24 16:22:43'),
(603,'admin','127.0.0.1','内网IP','Chrome','Windows 10','0','退出成功','2019-12-24 16:23:55'),
(604,'341225200412072742','127.0.0.1','内网IP','Chrome','Windows 10','0','登录成功','2019-12-24 16:23:58'),
(605,'341225200412072742','127.0.0.1','内网IP','Chrome','Windows 10','0','退出成功','2019-12-24 16:24:15'),
(606,'admin','127.0.0.1','内网IP','Chrome','Windows 10','0','登录成功','2019-12-24 16:24:16'),
(607,'admin','127.0.0.1','内网IP','Chrome','Windows 10','0','退出成功','2019-12-24 16:24:34'),
(608,'341225200412072742','127.0.0.1','内网IP','Chrome','Windows 10','0','登录成功','2019-12-24 16:24:38'),
(609,'341225200412072742','127.0.0.1','内网IP','Chrome','Windows 10','0','登录成功','2019-12-24 16:29:09'),
(610,'admin','127.0.0.1','内网IP','Chrome Mobile','Android 6.x','0','登录成功','2019-12-24 16:29:24'),
(611,'341225200412072742','127.0.0.1','内网IP','Chrome','Windows 10','0','登录成功','2019-12-24 16:42:10'),
(612,'341225200412072742','127.0.0.1','内网IP','Chrome','Windows 10','0','退出成功','2019-12-24 16:45:41'),
(613,'admin','127.0.0.1','内网IP','Chrome','Windows 10','0','登录成功','2019-12-24 16:45:42'),
(614,'admin','127.0.0.1','内网IP','Chrome Mobile','Android 6.x','0','登录成功','2019-12-24 16:58:54'),
(615,'admin','127.0.0.1','内网IP','Chrome','Windows 10','0','登录成功','2019-12-24 17:02:49'),
(616,'admin','127.0.0.1','内网IP','Chrome','Windows 10','0','登录成功','2019-12-24 17:08:54'),
(617,'admin','127.0.0.1','内网IP','Chrome Mobile','Android 6.x','0','登录成功','2019-12-24 17:09:07'),
(618,'admin','127.0.0.1','内网IP','Chrome Mobile','Android 6.x','0','登录成功','2019-12-24 17:23:42'),
(619,'1001','127.0.0.1','内网IP','Chrome','Windows 10','0','登录成功','2019-12-24 17:24:25'),
(620,'1001','127.0.0.1','内网IP','Chrome','Windows 10','0','退出成功','2019-12-24 17:24:36'),
(621,'admin','127.0.0.1','内网IP','Chrome','Windows 10','0','登录成功','2019-12-24 17:24:37'),
(622,'admin','127.0.0.1','内网IP','Chrome','Windows 10','0','退出成功','2019-12-24 17:25:19'),
(623,'admin','127.0.0.1','内网IP','Chrome','Windows 10','0','登录成功','2019-12-24 17:25:28'),
(624,'341225200412072742','112.26.168.227','未知','Mobile Safari','Mac OS X (iPhone)','0','退出成功','2019-12-24 17:30:19'),
(625,'admin','112.26.168.227','未知','Mobile Safari','Mac OS X (iPhone)','0','登录成功','2019-12-24 17:30:22'),
(626,'admin','127.0.0.1','内网IP','Chrome','Windows 10','0','退出成功','2019-12-24 17:34:40'),
(627,'1001','127.0.0.1','内网IP','Chrome','Windows 10','0','登录成功','2019-12-24 17:34:44'),
(628,'1001','127.0.0.1','内网IP','Chrome','Windows 10','0','登录成功','2019-12-25 14:32:09'),
(629,'1001','127.0.0.1','内网IP','Chrome','Windows 10','0','登录成功','2019-12-25 14:49:30'),
(630,'1001','127.0.0.1','内网IP','Chrome','Windows 10','0','登录成功','2019-12-25 14:51:39'),
(631,'1001','127.0.0.1','内网IP','Chrome','Windows 10','0','登录成功','2019-12-25 15:18:34'),
(632,'1001','127.0.0.1','内网IP','Chrome','Windows 10','0','登录成功','2019-12-25 15:22:31'),
(633,'1001','127.0.0.1','内网IP','Chrome','Windows 10','0','退出成功','2019-12-25 15:22:42'),
(634,'1001','127.0.0.1','内网IP','Chrome','Windows 10','0','登录成功','2019-12-25 15:23:08'),
(635,'1001','127.0.0.1','内网IP','Chrome','Windows 10','0','登录成功','2019-12-25 15:31:25'),
(636,'1001','127.0.0.1','内网IP','Chrome','Windows 10','0','登录成功','2019-12-25 15:34:08'),
(637,'1001','127.0.0.1','内网IP','Chrome','Windows 10','0','登录成功','2019-12-25 16:20:34'),
(638,'1001','127.0.0.1','内网IP','Chrome','Windows 10','0','登录成功','2019-12-25 16:28:31'),
(639,'1001','127.0.0.1','内网IP','Chrome','Windows 10','0','退出成功','2019-12-25 16:28:33'),
(640,'341225200412072742','127.0.0.1','内网IP','Chrome','Windows 10','0','登录成功','2019-12-25 16:28:37'),
(641,'341225200412072742','127.0.0.1','内网IP','Chrome','Windows 10','0','退出成功','2019-12-25 16:28:41'),
(642,'admin','127.0.0.1','内网IP','Chrome','Windows 10','0','登录成功','2019-12-25 16:28:43'),
(643,'admin','127.0.0.1','内网IP','Chrome','Windows 10','0','退出成功','2019-12-25 16:29:28'),
(644,'341225200412072742','127.0.0.1','内网IP','Chrome','Windows 10','0','登录成功','2019-12-25 16:29:35'),
(645,'341225200412072742','127.0.0.1','内网IP','Chrome','Windows 10','0','退出成功','2019-12-25 16:30:20'),
(646,'1001','127.0.0.1','内网IP','Chrome','Windows 10','0','登录成功','2019-12-25 16:30:24'),
(647,'1001','127.0.0.1','内网IP','Chrome','Windows 10','0','退出成功','2019-12-25 16:30:45'),
(648,'1001','127.0.0.1','内网IP','Chrome','Windows 10','0','登录成功','2019-12-25 16:30:50'),
(649,'341225200412072742','127.0.0.1','内网IP','Chrome','Windows 10','0','登录成功','2019-12-25 16:34:11'),
(650,'341225200412072742','127.0.0.1','内网IP','Chrome','Windows 10','0','退出成功','2019-12-25 16:34:24'),
(651,'1001','127.0.0.1','内网IP','Chrome','Windows 10','0','登录成功','2019-12-25 16:34:28'),
(652,'1001','127.0.0.1','内网IP','Chrome','Windows 10','0','退出成功','2019-12-25 16:35:12'),
(653,'1003','127.0.0.1','内网IP','Chrome','Windows 10','0','登录成功','2019-12-25 16:35:14'),
(654,'1003','127.0.0.1','内网IP','Chrome','Windows 10','0','退出成功','2019-12-25 16:38:39'),
(655,'341225200412072742','127.0.0.1','内网IP','Chrome','Windows 10','0','登录成功','2019-12-25 16:38:43'),
(656,'admin','127.0.0.1','内网IP','Chrome Mobile','Android 6.x','0','登录成功','2019-12-25 17:39:55'),
(657,'admin','127.0.0.1','内网IP','Chrome Mobile','Android 6.x','0','登录成功','2019-12-25 17:45:32'),
(658,'admin','127.0.0.1','内网IP','Chrome','Windows 10','0','登录成功','2019-12-26 10:52:45'),
(659,'admin','127.0.0.1','内网IP','Chrome','Windows 10','0','退出成功','2019-12-26 10:57:55'),
(660,'1001','127.0.0.1','内网IP','Chrome','Windows 10','0','登录成功','2019-12-26 10:57:59'),
(661,'1001','127.0.0.1','内网IP','Chrome','Windows 10','0','登录成功','2019-12-26 11:04:18'),
(662,'1001','127.0.0.1','内网IP','Chrome','Windows 10','0','登录成功','2019-12-26 11:12:49'),
(663,'1001','127.0.0.1','内网IP','Chrome','Windows 10','0','登录成功','2019-12-26 11:22:49'),
(664,'1001','127.0.0.1','内网IP','Chrome','Windows 10','0','登录成功','2019-12-26 11:32:33'),
(665,'1001','127.0.0.1','内网IP','Chrome','Windows 10','0','退出成功','2019-12-26 11:32:56'),
(666,'1001','127.0.0.1','内网IP','Chrome','Windows 10','0','登录成功','2019-12-26 11:32:59'),
(667,'1001','127.0.0.1','内网IP','Chrome','Windows 10','0','退出成功','2019-12-26 11:33:12'),
(668,'341225200412072742','127.0.0.1','内网IP','Chrome','Windows 10','0','登录成功','2019-12-26 11:33:15'),
(669,'341225200412072742','127.0.0.1','内网IP','Chrome','Windows 10','0','退出成功','2019-12-26 11:33:43'),
(670,'1001','127.0.0.1','内网IP','Chrome','Windows 10','0','登录成功','2019-12-26 11:33:45'),
(671,'1001','127.0.0.1','内网IP','Chrome','Windows 10','0','登录成功','2019-12-26 11:37:51'),
(672,'1001','127.0.0.1','内网IP','Chrome','Windows 10','0','退出成功','2019-12-26 11:38:07'),
(673,'341225200412072742','127.0.0.1','内网IP','Chrome','Windows 10','0','登录成功','2019-12-26 11:38:10'),
(674,'341225200412072742','127.0.0.1','内网IP','Chrome','Windows 10','0','退出成功','2019-12-26 11:38:19'),
(675,'1003','127.0.0.1','内网IP','Chrome','Windows 10','0','登录成功','2019-12-26 11:38:23'),
(676,'1003','127.0.0.1','内网IP','Chrome','Windows 10','0','登录成功','2019-12-26 16:08:03'),
(677,'1003','127.0.0.1','内网IP','Chrome','Windows 10','0','退出成功','2019-12-26 16:10:32'),
(678,'admin','127.0.0.1','内网IP','Chrome','Windows 10','0','登录成功','2019-12-26 16:10:33'),
(679,'1003','127.0.0.1','内网IP','Chrome','Windows 10','0','登录成功','2019-12-26 16:32:41'),
(680,'341225200412072742','127.0.0.1','内网IP','Chrome','Windows 10','0','登录成功','2019-12-26 16:38:45'),
(681,'341225200412072742','127.0.0.1','内网IP','Chrome','Windows 10','0','退出成功','2019-12-26 16:39:32'),
(682,'1001','127.0.0.1','内网IP','Chrome','Windows 10','0','登录成功','2019-12-26 16:39:35'),
(683,'341225200412072742','127.0.0.1','内网IP','Chrome','Windows 10','0','登录成功','2019-12-26 16:52:50'),
(684,'341225200412072742','127.0.0.1','内网IP','Chrome','Windows 10','0','退出成功','2019-12-26 16:53:18'),
(685,'1001','127.0.0.1','内网IP','Chrome','Windows 10','0','登录成功','2019-12-26 16:53:22'),
(686,'1001','127.0.0.1','内网IP','Chrome','Windows 10','0','退出成功','2019-12-26 16:54:06'),
(687,'1003','127.0.0.1','内网IP','Chrome','Windows 10','0','登录成功','2019-12-26 16:54:08'),
(688,'admin','127.0.0.1','内网IP','Chrome','Windows 10','0','登录成功','2019-12-26 16:59:01'),
(689,'admin','127.0.0.1','内网IP','Chrome','Windows 10','0','退出成功','2019-12-26 17:03:26'),
(690,'341225200412072742','127.0.0.1','内网IP','Chrome','Windows 10','0','登录成功','2019-12-26 17:03:46'),
(691,'341225200412072742','127.0.0.1','内网IP','Chrome','Windows 10','0','退出成功','2019-12-26 17:04:24'),
(692,'1001','127.0.0.1','内网IP','Chrome','Windows 10','0','登录成功','2019-12-26 17:04:27'),
(693,'1001','127.0.0.1','内网IP','Chrome','Windows 10','0','退出成功','2019-12-26 17:16:38'),
(694,'1003','127.0.0.1','内网IP','Chrome','Windows 10','0','登录成功','2019-12-26 17:16:41'),
(695,'1003','127.0.0.1','内网IP','Chrome','Windows 10','0','退出成功','2019-12-26 17:16:51'),
(696,'1001','127.0.0.1','内网IP','Chrome','Windows 10','0','登录成功','2019-12-26 17:16:53'),
(697,'1001','127.0.0.1','内网IP','Chrome','Windows 10','0','登录成功','2019-12-26 17:22:31'),
(698,'1001','127.0.0.1','内网IP','Chrome','Windows 10','0','退出成功','2019-12-26 17:22:42'),
(699,'1003','127.0.0.1','内网IP','Chrome','Windows 10','0','登录成功','2019-12-26 17:22:45'),
(700,'1003','127.0.0.1','内网IP','Chrome','Windows 10','0','登录成功','2019-12-26 17:38:56'),
(701,'1003','127.0.0.1','内网IP','Chrome','Windows 10','0','退出成功','2019-12-26 17:39:09'),
(702,'1001','127.0.0.1','内网IP','Chrome','Windows 10','0','登录成功','2019-12-26 17:39:11'),
(703,'1001','127.0.0.1','内网IP','Chrome','Windows 10','0','退出成功','2019-12-26 17:39:59'),
(704,'admin','127.0.0.1','内网IP','Chrome','Windows 10','0','登录成功','2019-12-26 17:40:00'),
(705,'admin','127.0.0.1','内网IP','Chrome','Windows 10','0','退出成功','2019-12-26 17:40:13'),
(706,'1003','127.0.0.1','内网IP','Chrome','Windows 10','0','登录成功','2019-12-26 17:40:17'),
(707,'1003','127.0.0.1','内网IP','Chrome','Windows 10','0','退出成功','2019-12-26 17:40:27'),
(708,'admin','127.0.0.1','内网IP','Chrome','Windows 10','0','登录成功','2019-12-26 17:40:29'),
(709,'admin','127.0.0.1','内网IP','Chrome','Windows 10','0','登录成功','2019-12-27 08:41:33'),
(710,'341225200412072742','127.0.0.1','内网IP','Chrome','Windows 10','0','登录成功','2019-12-27 09:23:17'),
(711,'341225200412072742','127.0.0.1','内网IP','Chrome','Windows 10','0','退出成功','2019-12-27 09:23:22'),
(712,'admin','112.26.168.227','安徽 合肥','Mobile Safari','Mac OS X (iPhone)','0','退出成功','2019-12-27 09:24:32'),
(713,'341225200412072742','112.26.168.227','安徽 合肥','Mobile Safari','Mac OS X (iPhone)','0','登录成功','2019-12-27 09:24:40'),
(714,'admin','192.168.1.81','内网IP','Chrome','Windows 10','0','登录成功','2019-12-27 10:17:37'),
(715,'admin','127.0.0.1','内网IP','Chrome','Windows 10','0','登录成功','2019-12-27 10:28:04'),
(716,'341225200412072742','112.26.168.227','安徽 合肥','Mobile Safari','Mac OS X (iPhone)','0','退出成功','2019-12-27 10:42:22'),
(717,'1001','112.26.168.227','安徽 合肥','Mobile Safari','Mac OS X (iPhone)','0','登录成功','2019-12-27 10:42:34'),
(718,'admin','192.168.1.81','内网IP','Chrome','Windows 10','0','登录成功','2019-12-27 10:43:38'),
(719,'1001','112.26.168.227','安徽 合肥','Mobile Safari','Mac OS X (iPhone)','0','退出成功','2019-12-27 10:44:30'),
(720,'1001','112.26.168.227','安徽 合肥','Mobile Safari','Mac OS X (iPhone)','0','登录成功','2019-12-27 10:44:48'),
(721,'admin','192.168.1.81','内网IP','Chrome','Windows 10','0','登录成功','2019-12-27 11:17:12'),
(722,'1003','127.0.0.1','内网IP','Chrome','Windows 10','0','登录成功','2019-12-27 11:28:05'),
(723,'1003','127.0.0.1','内网IP','Chrome','Windows 10','0','退出成功','2019-12-27 11:28:10'),
(724,'admin','192.168.1.81','内网IP','Chrome','Windows 10','0','登录成功','2019-12-27 11:39:39'),
(725,'admin','127.0.0.1','内网IP','Chrome','Windows 10','0','登录成功','2019-12-27 14:34:11'),
(726,'admin','127.0.0.1','内网IP','Chrome','Windows 10','0','退出成功','2019-12-27 14:34:32'),
(727,'1003','127.0.0.1','内网IP','Chrome','Windows 10','0','登录成功','2019-12-27 14:34:34'),
(728,'1003','127.0.0.1','内网IP','Chrome','Windows 10','0','退出成功','2019-12-27 14:34:36'),
(729,'1001','112.26.168.227','安徽 合肥','Mobile Safari','Mac OS X (iPhone)','0','退出成功','2019-12-27 14:34:51'),
(730,'1003','112.26.168.227','安徽 合肥','Mobile Safari','Mac OS X (iPhone)','0','登录成功','2019-12-27 14:35:00'),
(731,'admin','127.0.0.1','内网IP','Chrome','Windows 10','0','登录成功','2019-12-27 14:36:27'),
(732,'admin','127.0.0.1','内网IP','Chrome','Windows 10','0','登录成功','2019-12-27 14:58:43'),
(733,'admin','127.0.0.1','内网IP','Chrome','Windows 10','0','退出成功','2019-12-27 15:00:16'),
(734,'admin','127.0.0.1','内网IP','Chrome','Windows 10','0','登录成功','2019-12-27 15:00:18'),
(735,'1003','112.26.168.227','安徽 合肥','Mobile Safari','Mac OS X (iPhone)','0','退出成功','2019-12-27 15:10:52'),
(736,'341225200412072742','112.26.168.227','安徽 合肥','Mobile Safari','Mac OS X (iPhone)','0','登录成功','2019-12-27 15:11:15'),
(737,'admin','127.0.0.1','内网IP','Chrome','Windows 10','0','登录成功','2019-12-27 15:48:38'),
(738,'admin','127.0.0.1','内网IP','Chrome','Windows 10','0','登录成功','2019-12-27 17:10:15'),
(739,'admin','112.26.168.227','安徽 合肥','Chrome','Windows 10','0','登录成功','2019-12-28 11:13:35'),
(740,'admin','127.0.0.1','内网IP','Chrome','Windows 10','0','登录成功','2019-12-28 14:36:14'),
(741,'admin','127.0.0.1','内网IP','Chrome','Windows 10','0','登录成功','2019-12-28 15:17:12'),
(742,'admin','127.0.0.1','内网IP','Chrome','Windows 10','0','登录成功','2019-12-28 15:29:08'),
(743,'admin','127.0.0.1','内网IP','Chrome','Windows 10','0','登录成功','2019-12-28 16:20:49'),
(744,'341225200412072742','112.26.168.227','安徽 合肥','Mobile Safari','Mac OS X (iPhone)','0','退出成功','2019-12-28 17:04:45'),
(745,'admin','112.26.168.227','安徽 合肥','Mobile Safari','Mac OS X (iPhone)','0','登录成功','2019-12-30 08:43:02'),
(746,'admin','127.0.0.1','内网IP','Chrome','Windows 10','0','登录成功','2019-12-30 09:59:04'),
(747,'admin','127.0.0.1','内网IP','Chrome','Windows 10','0','登录成功','2019-12-30 10:13:30'),
(748,'admin','127.0.0.1','内网IP','Chrome','Windows 10','0','登录成功','2019-12-30 10:20:35'),
(749,'admin','192.168.1.68','内网IP','Chrome','Windows 10','0','登录成功','2019-12-30 11:00:57'),
(750,'admin','127.0.0.1','内网IP','Chrome','Windows 10','0','登录成功','2019-12-30 11:50:54'),
(751,'admin','127.0.0.1','内网IP','Chrome','Windows 10','0','登录成功','2019-12-30 14:17:36'),
(752,'admin','127.0.0.1','内网IP','Chrome','Windows 10','0','登录成功','2019-12-30 16:02:10'),
(753,'admin','127.0.0.1','内网IP','Chrome','Windows 10','0','登录成功','2019-12-30 17:55:07'),
(754,'admin','127.0.0.1','内网IP','Chrome','Windows 10','0','登录成功','2019-12-30 17:58:14'),
(755,'admin','127.0.0.1','内网IP','Chrome','Windows 10','0','登录成功','2019-12-31 08:35:54'),
(756,'admin','127.0.0.1','内网IP','Chrome','Windows 10','0','登录成功','2019-12-31 08:43:53'),
(757,'admin','127.0.0.1','内网IP','Chrome','Windows 10','0','登录成功','2019-12-31 09:59:43'),
(758,'admin','127.0.0.1','内网IP','Chrome','Windows 10','0','登录成功','2019-12-31 10:07:40'),
(759,'admin','127.0.0.1','内网IP','Chrome','Windows 10','0','登录成功','2019-12-31 10:37:28'),
(760,'admin','127.0.0.1','内网IP','Chrome','Windows 10','0','登录成功','2019-12-31 11:12:00'),
(761,'admin','127.0.0.1','内网IP','Chrome','Windows 10','0','退出成功','2019-12-31 11:16:10'),
(762,'demo','127.0.0.1','内网IP','Chrome','Windows 10','0','登录成功','2019-12-31 11:16:15'),
(763,'demo','127.0.0.1','内网IP','Chrome','Windows 10','0','登录成功','2019-12-31 11:21:44'),
(764,'admin','127.0.0.1','内网IP','Chrome','Windows 10','0','登录成功','2019-12-31 11:35:31'),
(765,'admin','127.0.0.1','内网IP','Chrome','Windows 10','0','退出成功','2019-12-31 11:37:50'),
(766,'admin','127.0.0.1','内网IP','Chrome','Windows 10','0','登录成功','2019-12-31 11:37:52'),
(767,'admin','127.0.0.1','内网IP','Chrome','Windows 10','0','登录成功','2019-12-31 11:45:30'),
(768,'demo','127.0.0.1','内网IP','Chrome','Windows 10','0','登录成功','2019-12-31 11:54:05'),
(769,'admin','127.0.0.1','内网IP','Chrome','Windows 10','0','登录成功','2019-12-31 14:07:21'),
(770,'demo','127.0.0.1','内网IP','Chrome','Windows 10','0','登录成功','2019-12-31 14:12:10'),
(771,'demo','127.0.0.1','内网IP','Chrome','Windows 10','0','退出成功','2019-12-31 14:15:49'),
(772,'admin','127.0.0.1','内网IP','Chrome','Windows 10','0','登录成功','2019-12-31 14:15:50'),
(773,'admin','127.0.0.1','内网IP','Chrome','Windows 10','0','登录成功','2019-12-31 14:28:59'),
(774,'admin','127.0.0.1','内网IP','Chrome','Windows 10','0','登录成功','2019-12-31 14:32:17'),
(775,'admin','127.0.0.1','内网IP','Chrome','Windows 10','0','登录成功','2019-12-31 14:34:02'),
(776,'admin','127.0.0.1','内网IP','Chrome','Windows 10','0','登录成功','2019-12-31 15:18:09'),
(777,'admin','127.0.0.1','内网IP','Chrome','Windows 10','0','登录成功','2020-01-02 08:36:48'),
(778,'admin','127.0.0.1','内网IP','Chrome','Windows 10','0','退出成功','2020-01-02 08:51:16'),
(779,'1018','127.0.0.1','内网IP','Chrome','Windows 10','0','登录成功','2020-01-02 08:51:19'),
(780,'1018','127.0.0.1','内网IP','Chrome','Windows 10','0','退出成功','2020-01-02 08:52:41'),
(781,'admin','127.0.0.1','内网IP','Chrome','Windows 10','0','登录成功','2020-01-02 08:52:43'),
(782,'admin','127.0.0.1','内网IP','Chrome','Windows 10','0','登录成功','2020-01-02 08:59:40'),
(783,'admin','127.0.0.1','内网IP','Chrome','Windows 10','0','退出成功','2020-01-02 09:04:42'),
(784,'1018','127.0.0.1','内网IP','Chrome','Windows 10','0','登录成功','2020-01-02 09:04:45'),
(785,'1018','127.0.0.1','内网IP','Chrome','Windows 10','0','登录成功','2020-01-02 09:07:19'),
(786,'admin','127.0.0.1','内网IP','Chrome','Windows 10','0','登录成功','2020-01-02 09:39:54'),
(787,'admin','127.0.0.1','内网IP','Chrome','Windows 10','0','退出成功','2020-01-02 09:51:09'),
(788,'1018','127.0.0.1','内网IP','Chrome','Windows 10','0','登录成功','2020-01-02 09:51:12'),
(789,'1018','127.0.0.1','内网IP','Chrome','Windows 10','0','退出成功','2020-01-02 10:35:56'),
(790,'admin','127.0.0.1','内网IP','Chrome','Windows 10','0','登录成功','2020-01-02 10:35:57'),
(791,'admin','127.0.0.1','内网IP','Chrome','Windows 10','0','登录成功','2020-01-02 11:53:58'),
(792,'admin','127.0.0.1','内网IP','Chrome','Windows 10','0','登录成功','2020-01-02 15:11:44'),
(793,'admin','127.0.0.1','内网IP','Chrome','Windows 10','0','退出成功','2020-01-02 15:11:56'),
(794,'1018','127.0.0.1','内网IP','Chrome','Windows 10','0','登录成功','2020-01-02 15:11:58'),
(795,'admin','192.168.1.68','内网IP','Chrome','Windows 10','0','登录成功','2020-01-02 16:47:06'),
(796,'admin','127.0.0.1','内网IP','Chrome','Windows 10','0','登录成功','2020-01-02 16:49:21'),
(797,'admin','127.0.0.1','内网IP','Chrome','Windows 10','0','登录成功','2020-01-02 17:17:20'),
(798,'admin','127.0.0.1','内网IP','Chrome','Windows 10','0','退出成功','2020-01-02 17:18:38'),
(799,'demo','127.0.0.1','内网IP','Chrome','Windows 10','0','登录成功','2020-01-02 17:18:44'),
(800,'admin','127.0.0.1','内网IP','Chrome','Windows 10','0','登录成功','2020-01-02 17:36:52'),
(801,'admin','117.132.191.60, 123.151.77.91','内网IP','Chrome Mobile','Android 1.x','0','退出成功','2020-01-02 18:05:15'),
(802,'1018','117.132.195.33, 123.151.77.91','内网IP','Chrome Mobile','Android 1.x','0','登录成功','2020-01-02 18:05:22'),
(803,'admin','127.0.0.1','内网IP','Chrome','Windows 10','0','登录成功','2020-01-03 08:50:13'),
(804,'admin','127.0.0.1','内网IP','Chrome','Windows 10','0','登录成功','2020-01-03 08:54:00'),
(805,'admin','127.0.0.1','内网IP','Chrome','Windows 10','0','登录成功','2020-01-03 08:57:21'),
(806,'admin','127.0.0.1','内网IP','Chrome','Windows 10','0','登录成功','2020-01-03 09:53:11'),
(807,'admin','127.0.0.1','内网IP','Chrome','Windows 10','0','登录成功','2020-01-03 09:55:26'),
(808,'admin','127.0.0.1','内网IP','Chrome','Windows 10','0','登录成功','2020-01-03 10:02:23'),
(809,'admin','127.0.0.1','内网IP','Chrome','Windows 10','0','登录成功','2020-01-03 10:06:14'),
(810,'1018','127.0.0.1','内网IP','Microsoft Edge','Windows 10','0','登录成功','2020-01-03 10:11:01'),
(811,'admin','127.0.0.1','内网IP','Chrome','Windows 10','0','登录成功','2020-01-03 10:49:00'),
(812,'1018','127.0.0.1','内网IP','Microsoft Edge','Windows 10','0','登录成功','2020-01-03 11:01:15'),
(813,'admin','127.0.0.1','内网IP','Chrome','Windows 10','0','登录成功','2020-01-03 11:20:05'),
(814,'1018','127.0.0.1','内网IP','Microsoft Edge','Windows 10','0','登录成功','2020-01-03 11:21:51'),
(815,'1018','117.132.195.33, 123.151.77.91','内网IP','Chrome Mobile','Android 1.x','0','退出成功','2020-01-03 11:42:55'),
(816,'admin','117.132.195.33, 123.151.77.91','内网IP','Chrome Mobile','Android 1.x','0','登录成功','2020-01-03 11:42:59'),
(817,'admin','127.0.0.1','内网IP','Chrome','Windows 10','0','登录成功','2020-01-03 11:43:49'),
(818,'admin','127.0.0.1','内网IP','Chrome','Windows 10','0','登录成功','2020-01-03 15:15:52'),
(819,'admin','127.0.0.1','内网IP','Chrome','Windows 10','0','登录成功','2020-01-03 16:55:17'),
(820,'admin','112.26.168.227','安徽 合肥','Mobile Safari','Mac OS X (iPhone)','0','退出成功','2020-01-03 16:55:41'),
(821,'1008','112.26.168.227','安徽 合肥','Mobile Safari','Mac OS X (iPhone)','0','登录成功','2020-01-03 16:55:53'),
(822,'admin','112.26.168.227','安徽 合肥','Chrome','Windows 10','0','登录成功','2020-01-06 15:57:32'),
(823,'admin','112.26.168.227','安徽 合肥','Chrome','Windows 10','0','退出成功','2020-01-06 15:57:37'),
(824,'admin','112.26.168.227','安徽 合肥','Chrome','Windows 10','0','登录成功','2020-01-06 15:58:32'),
(825,'1008','112.26.168.227, 61.151.180.39','内网IP','Chrome Mobile','Android 1.x','0','退出成功','2020-01-06 16:25:04'),
(826,'admin','112.26.168.227','未知','Chrome','Windows 10','0','退出成功','2020-01-06 16:25:49'),
(827,'admi','112.26.168.227','安徽 合肥','Chrome','Windows 10','1','用户不存在/密码错误','2020-01-06 16:52:34'),
(828,'admin','112.26.168.227','安徽 合肥','Chrome','Windows 10','0','登录成功','2020-01-06 16:52:47'),
(829,'admin','112.26.168.227, 61.151.180.39','内网IP','Chrome Mobile','Android 1.x','0','登录成功','2020-01-06 16:54:21'),
(830,'admin','112.26.168.227, 61.151.180.39','内网IP','Chrome Mobile','Android 1.x','0','登录成功','2020-01-06 16:54:42'),
(831,'admin','112.26.168.227','安徽 合肥','Mobile Safari','Mac OS X (iPhone)','0','登录成功','2020-01-06 17:02:48'),
(832,'admin','112.26.168.227','安徽 合肥','Mobile Safari','Mac OS X (iPhone)','0','退出成功','2020-01-06 17:02:53'),
(833,'admin','112.26.168.227','安徽 合肥','Mobile Safari','Mac OS X (iPhone)','0','登录成功','2020-01-06 17:02:58'),
(834,'admin','223.104.34.117','安徽 合肥','Apple WebKit','Mac OS X (iPhone)','0','退出成功','2020-01-06 17:06:56'),
(835,'admin','223.104.34.117','安徽 合肥','Apple WebKit','Mac OS X (iPhone)','0','登录成功','2020-01-06 17:06:59'),
(836,'admin','39.144.35.195, 123.151.77.132','内网IP','Chrome Mobile','Android Mobile','0','登录成功','2020-01-06 17:10:26'),
(837,'admin','112.26.168.227','安徽 合肥','Chrome','Windows 10','0','退出成功','2020-01-06 17:19:09'),
(838,'admin','112.26.168.227','安徽 合肥','Chrome','Windows 10','0','登录成功','2020-01-06 17:29:47'),
(839,'admin','112.26.168.227, 61.151.180.39','内网IP','Chrome Mobile','Android 1.x','0','退出成功','2020-01-06 17:45:36'),
(840,'admin','117.136.103.232','安徽 合肥','Chrome Mobile','Android 1.x','0','登录成功','2020-01-06 17:46:30'),
(841,'admin','117.136.103.232, 111.30.142.227','内网IP','Chrome Mobile','Android 1.x','0','登录成功','2020-01-06 17:46:41'),
(842,'admin','223.246.34.53, 120.204.17.46','内网IP','Chrome Mobile','Android Mobile','0','登录成功','2020-01-06 17:56:42'),
(843,'admin','112.32.89.102','安徽 合肥','Chrome','Windows 10','0','登录成功','2020-01-06 19:25:47'),
(844,'admin','117.136.103.232, 111.30.142.227','内网IP','Chrome Mobile','Android 1.x','0','登录成功','2020-01-06 20:48:55'),
(845,'admin','112.26.168.227','安徽 合肥','Chrome','Windows 10','0','登录成功','2020-01-07 08:50:57'),
(846,'admin','112.26.168.227','安徽 合肥','Chrome','Windows 10','1','验证码错误','2020-01-07 10:35:35'),
(847,'admin','112.26.168.227','安徽 合肥','Chrome','Windows 10','0','登录成功','2020-01-07 10:35:42'),
(848,'admin','117.136.103.232, 111.30.142.227','内网IP','Chrome Mobile','Android 1.x','0','退出成功','2020-01-07 15:31:18'),
(849,'1018','112.26.168.227, 223.166.151.238','内网IP','Chrome Mobile','Android 1.x','0','登录成功','2020-01-07 15:31:24'),
(850,'1018','112.26.168.227, 223.166.151.238','内网IP','Chrome Mobile','Android 1.x','0','退出成功','2020-01-07 15:31:45'),
(851,'1019','112.26.168.227, 223.166.151.238','内网IP','Chrome Mobile','Android 1.x','0','登录成功','2020-01-07 15:32:00'),
(852,'admin','112.26.168.227','安徽 合肥','Chrome','Windows 10','1','验证码错误','2020-01-07 16:33:56'),
(853,'admin','112.26.168.227','安徽 合肥','Chrome','Windows 10','0','登录成功','2020-01-07 16:34:01'),
(854,'admin','112.26.168.227','安徽 合肥','Chrome','Windows 10','0','退出成功','2020-01-07 16:34:36'),
(855,'admin','112.26.168.227','安徽 合肥','Chrome','Windows 10','0','登录成功','2020-01-08 09:44:09'),
(856,'admin','112.26.168.227','安徽 合肥','Chrome','Windows 10','0','登录成功','2020-01-08 11:56:14'),
(857,'admin','112.26.168.227','安徽 合肥','Chrome','Windows 10','0','登录成功','2020-01-08 12:01:19'),
(858,'admin','117.132.193.40','XX XX','Apple WebKit','Mac OS X (iPhone)','0','退出成功','2020-01-08 12:02:50'),
(859,'1020','117.132.193.40','XX XX','Apple WebKit','Mac OS X (iPhone)','0','登录成功','2020-01-08 12:02:59'),
(860,'1020','117.132.193.40','XX XX','Apple WebKit','Mac OS X (iPhone)','0','退出成功','2020-01-08 12:04:57'),
(861,'admin','117.132.193.40','XX XX','Apple WebKit','Mac OS X (iPhone)','0','登录成功','2020-01-08 12:04:59'),
(862,'admin','112.26.168.227','安徽 合肥','Chrome','Windows 10','0','登录成功','2020-01-08 14:11:52'),
(863,'admin','117.132.193.40','XX XX','Apple WebKit','Mac OS X (iPhone)','0','退出成功','2020-01-08 15:06:07'),
(864,'1001','117.132.193.40','XX XX','Apple WebKit','Mac OS X (iPhone)','0','登录成功','2020-01-08 15:06:29'),
(865,'admin','112.26.168.227','安徽 合肥','Chrome','Windows 10','0','登录成功','2020-01-08 17:07:45'),
(866,'admin','112.26.168.227','安徽 合肥','Chrome','Windows 10','0','登录成功','2020-01-09 09:59:19'),
(867,'admin','112.26.168.227','安徽 合肥','Chrome','Windows 10','0','登录成功','2020-01-09 15:41:33'),
(868,'admin','112.26.168.227','安徽 合肥','Chrome','Windows 10','0','登录成功','2020-01-10 10:25:02'),
(869,'admin','112.26.168.227','安徽 合肥','Chrome','Windows 10','0','退出成功','2020-01-10 10:52:39'),
(870,'admin','112.26.168.227','安徽 合肥','Chrome','Windows 10','0','登录成功','2020-01-11 10:17:13'),
(871,'admin','112.26.168.227','安徽 合肥','Chrome','Windows 10','0','登录成功','2020-01-11 10:28:11'),
(872,'admin','223.104.34.123','安徽 合肥','Apple WebKit','Mac OS X (iPhone)','0','登录成功','2020-01-11 10:31:23'),
(873,'admin','223.246.231.194','安徽 宣城','Chrome Mobile','Android Mobile','0','登录成功','2020-01-11 10:35:11'),
(874,'admin','112.26.168.227','安徽 合肥','Apple WebKit','Mac OS X (iPhone)','0','登录成功','2020-01-11 10:44:53'),
(875,'admin','112.26.168.227','安徽 合肥','Chrome','Windows 10','0','登录成功','2020-01-11 10:52:20'),
(876,'admin','112.26.168.227','安徽 合肥','Chrome','Windows 10','0','登录成功','2020-01-11 10:52:44'),
(877,'admin','112.26.168.227','安徽 合肥','Chrome','Windows 10','0','登录成功','2020-01-11 10:52:50'),
(878,'admin','117.136.101.133','安徽 合肥','Chrome Mobile','Android 1.x','0','登录成功','2020-01-11 10:54:01'),
(879,'admin','117.136.101.133','安徽 合肥','Chrome Mobile','Android 1.x','0','登录成功','2020-01-11 10:54:34'),
(880,'1001','117.132.197.12','XX XX','Apple WebKit','Mac OS X (iPhone)','0','退出成功','2020-01-11 11:17:19'),
(881,'admin','112.26.168.227','安徽 合肥','Chrome','Windows 10','0','登录成功','2020-01-11 11:38:16'),
(882,'admin','112.26.168.227','安徽 合肥','Apple WebKit','Mac OS X (iPhone)','0','登录成功','2020-01-11 14:04:41'),
(883,'admin','112.26.168.227','安徽 合肥','Chrome','Windows 10','0','登录成功','2020-01-11 14:31:38'),
(884,'admin','112.26.168.227','安徽 合肥','Chrome','Windows 10','0','登录成功','2020-01-11 14:32:54'),
(885,'admin','112.26.168.227','安徽 合肥','Chrome','Windows 10','0','登录成功','2020-01-13 09:35:06'),
(886,'admin','112.26.168.227','安徽 合肥','Chrome','Windows 10','0','登录成功','2020-01-13 10:47:22'),
(887,'admin','112.26.168.227','未知','Apple WebKit','Mac OS X (iPhone)','0','登录成功','2020-01-13 14:46:04'),
(888,'admin','112.26.168.227','安徽 合肥','Apple WebKit','Mac OS X (iPhone)','0','退出成功','2020-01-13 14:47:21'),
(889,'1020','112.26.168.227','未知','Apple WebKit','Mac OS X (iPhone)','0','登录成功','2020-01-13 14:47:27'),
(890,'1020','112.26.168.227','安徽 合肥','Apple WebKit','Mac OS X (iPhone)','0','退出成功','2020-01-13 14:50:29'),
(891,'admin','112.26.168.227','安徽 合肥','Apple WebKit','Mac OS X (iPhone)','0','登录成功','2020-01-13 14:50:30'),
(892,'admin','112.26.168.227','安徽 合肥','Apple WebKit','Mac OS X (iPhone)','0','退出成功','2020-01-13 14:53:07'),
(893,'1022','112.26.168.227','未知','Apple WebKit','Mac OS X (iPhone)','0','登录成功','2020-01-13 14:53:14'),
(894,'admin','112.26.168.227','未知','Chrome','Windows 10','0','登录成功','2020-01-13 14:55:40'),
(895,'1022','112.26.168.227','安徽 合肥','Apple WebKit','Mac OS X (iPhone)','0','退出成功','2020-01-13 14:58:25'),
(896,'admin','112.26.168.227','安徽 合肥','Apple WebKit','Mac OS X (iPhone)','0','登录成功','2020-01-13 14:58:26'),
(897,'admin','112.26.168.227','安徽 合肥','Apple WebKit','Mac OS X (iPhone)','0','退出成功','2020-01-13 15:41:23'),
(898,'admin','112.26.168.227','安徽 合肥','Apple WebKit','Mac OS X (iPhone)','0','登录成功','2020-01-13 15:41:25'),
(899,'admin','112.26.168.227','安徽 合肥','Apple WebKit','Mac OS X (iPhone)','0','退出成功','2020-01-13 15:41:27'),
(900,'1022','112.26.168.227','安徽 合肥','Apple WebKit','Mac OS X (iPhone)','0','登录成功','2020-01-13 15:41:33'),
(901,'admin','112.26.168.227','安徽 合肥','Chrome','Windows 10','0','登录成功','2020-01-13 16:48:35'),
(902,'1019','112.26.168.227, 61.151.180.39','内网IP','Chrome Mobile','Android 1.x','0','退出成功','2020-01-13 17:09:10'),
(903,'admin','218.204.252.51, 14.116.137.170','内网IP','Chrome Mobile','Android 1.x','0','登录成功','2020-01-13 17:09:13'),
(904,'admin','218.204.252.51, 14.116.137.170','内网IP','Chrome Mobile','Android 1.x','0','退出成功','2020-01-13 17:09:30'),
(905,'1012','218.204.252.51, 112.60.1.73','内网IP','Chrome Mobile','Android 1.x','0','登录成功','2020-01-13 17:09:38'),
(906,'admin','112.26.168.227','安徽 合肥','Chrome','Windows 10','0','登录成功','2020-01-14 09:20:52'),
(907,'admin','223.104.35.88','安徽 合肥','Chrome Mobile','Android Mobile','0','登录成功','2020-01-14 09:21:15'),
(908,'admin','117.136.101.157','安徽 合肥','Chrome Mobile','Android Mobile','0','登录成功','2020-01-14 09:21:27'),
(909,'admin','112.26.168.227','安徽 合肥','Chrome','Windows 7','0','登录成功','2020-01-14 09:21:39'),
(910,'admin','112.32.65.216','安徽 合肥','Apple WebKit','Mac OS X (iPhone)','0','登录成功','2020-01-14 09:21:49'),
(911,'admin','36.61.140.198','安徽 合肥','Chrome Mobile','Android Mobile','0','登录成功','2020-01-14 09:21:53'),
(912,'admin','183.162.19.95','安徽 安庆','Chrome Mobile','Android Mobile','0','登录成功','2020-01-14 09:21:59'),
(913,'admin','112.26.168.227','安徽 合肥','Chrome','Windows 10','0','登录成功','2020-01-14 09:48:59'),
(914,'admin','112.26.168.227','安徽 合肥','Chrome','Windows 10','0','登录成功','2020-01-14 14:56:32'),
(915,'admin','112.26.168.227','安徽 合肥','Mobile Safari','Mac OS X (iPhone)','0','登录成功','2020-01-14 16:59:13'),
(916,'admin','218.204.252.51','广东 汕头','Chrome Mobile','Android 1.x','0','登录成功','2020-01-14 17:41:37'),
(917,'admin','112.26.168.227','安徽 合肥','Chrome','Windows 10','0','登录成功','2020-01-15 08:51:28'),
(918,'admin','112.26.168.227','安徽 合肥','Chrome','Windows 10','0','登录成功','2020-01-15 09:55:19'),
(919,'admin','112.26.168.227','安徽 合肥','Chrome','Windows 10','0','登录成功','2020-01-15 09:55:56'),
(920,'admin','112.26.168.227','安徽 合肥','Chrome','Windows 10','0','登录成功','2020-01-15 10:50:39'),
(921,'admin','117.132.194.233','XX XX','Apple WebKit','Mac OS X (iPhone)','0','登录成功','2020-01-15 14:52:02'),
(922,'1022','117.132.194.233','未知','Apple WebKit','Mac OS X (iPhone)','0','退出成功','2020-01-15 14:53:02'),
(923,'admin','117.132.194.233','XX XX','Apple WebKit','Mac OS X (iPhone)','0','登录成功','2020-01-15 14:53:04'),
(924,'admin','112.26.168.227','安徽 合肥','Chrome','Windows 10','0','登录成功','2020-01-15 15:30:17'),
(925,'admin','112.26.168.227','安徽 合肥','Chrome','Windows 10','0','登录成功','2020-01-15 16:34:42'),
(926,'admin','112.26.168.227','安徽 合肥','Chrome','Windows 10','0','登录成功','2020-01-15 17:29:03'),
(927,'1012','218.204.252.51, 14.116.137.170','内网IP','Chrome Mobile','Android 1.x','0','退出成功','2020-01-16 08:39:58'),
(928,'admin','218.204.252.51, 14.116.137.170','内网IP','Chrome Mobile','Android 1.x','0','登录成功','2020-01-16 08:40:00'),
(929,'admin','112.26.168.227','安徽 合肥','Chrome','Windows 10','0','登录成功','2020-01-16 08:41:28'),
(930,'admin','112.26.168.227','安徽 合肥','Chrome','Windows 10','1','密码输入错误1次','2020-01-17 16:12:05'),
(931,'admin','112.26.168.227','安徽 合肥','Chrome','Windows 10','0','登录成功','2020-01-17 16:12:09'),
(932,'admin','112.26.168.227','未知','Chrome','Windows 10','0','登录成功','2020-01-19 09:17:47'),
(933,'admin','218.204.252.51, 14.116.137.170','内网IP','Chrome Mobile','Android 1.x','0','退出成功','2020-01-19 10:15:40'),
(934,'admin','39.144.17.82, 123.151.77.91','内网IP','Chrome Mobile','Android 1.x','0','登录成功','2020-01-19 10:17:47'),
(935,'admin','112.32.93.46','安徽 合肥','Chrome','Windows 10','0','登录成功','2020-02-10 15:03:32'),
(936,'admin','112.28.150.122','安徽 合肥','Chrome','Windows 10','0','登录成功','2020-02-10 15:03:59'),
(937,'admin','218.204.253.67','广东 汕头','Chrome Mobile','Android 1.x','0','登录成功','2020-02-11 13:44:47'),
(938,'admin','112.32.93.46','安徽 合肥','Chrome','Windows 10','0','登录成功','2020-02-11 14:03:49'),
(939,'admin','218.204.253.67, 113.96.218.50','内网IP','Chrome Mobile','Android 1.x','0','登录成功','2020-02-12 21:28:56'),
(940,'admin','112.32.89.226','安徽 合肥','Chrome','Windows 10','0','登录成功','2020-02-13 20:33:47'),
(941,'admin','112.32.89.226','安徽 合肥','Chrome','Windows 10','0','退出成功','2020-02-13 21:19:29'),
(942,'admin','112.32.89.226','安徽 合肥','Chrome','Windows 10','0','登录成功','2020-02-13 21:19:34'),
(943,'admin','112.32.89.226','未知','Chrome','Windows 10','0','退出成功','2020-02-13 21:19:44'),
(944,'0018','112.32.89.226','安徽 合肥','Chrome','Windows 10','1','用户不存在/密码错误','2020-02-13 21:19:47'),
(945,'1018','112.32.89.226','安徽 合肥','Chrome','Windows 10','0','登录成功','2020-02-13 21:19:53'),
(946,'1018','112.32.89.226','安徽 合肥','Chrome','Windows 10','0','退出成功','2020-02-13 21:20:56'),
(947,'341225200412072742','112.32.89.226','安徽 合肥','Chrome','Windows 10','0','登录成功','2020-02-13 21:20:59'),
(948,'341225200412072742','112.32.89.226','安徽 合肥','Chrome','Windows 10','0','退出成功','2020-02-13 21:21:55'),
(949,'admin','112.32.89.226','安徽 合肥','Chrome','Windows 10','0','登录成功','2020-02-13 21:22:07'),
(950,'admin','112.32.89.226','未知','Chrome','Windows 10','0','登录成功','2020-02-13 21:26:11'),
(951,'admin','112.32.89.226','安徽 合肥','Chrome','Windows 10','0','退出成功','2020-02-13 21:31:20'),
(952,'1018','112.32.89.226','安徽 合肥','Chrome','Windows 10','0','登录成功','2020-02-13 21:31:24'),
(953,'admin','114.99.113.253','安徽 安庆','Chrome','Windows 10','0','登录成功','2020-02-14 09:10:45'),
(954,'admin','114.99.113.253','安徽 安庆','Chrome','Windows 10','0','退出成功','2020-02-14 09:13:56'),
(955,'1018','114.99.113.253','未知','Chrome','Windows 10','0','登录成功','2020-02-14 09:14:20'),
(956,'admin','114.99.113.253','安徽 安庆','Chrome','Windows 10','0','登录成功','2020-02-14 12:26:21'),
(957,'admin','114.99.113.253','安徽 安庆','Chrome','Windows 10','0','登录成功','2020-02-14 15:30:57'),
(958,'admin','114.99.113.253','安徽 安庆','Chrome','Windows 10','0','退出成功','2020-02-14 15:31:20'),
(959,'1018','114.99.113.253','安徽 安庆','Chrome','Windows 10','0','登录成功','2020-02-14 15:31:44'),
(960,'admin','112.32.89.226','安徽 合肥','Chrome','Windows 10','0','登录成功','2020-02-14 15:33:31'),
(961,'admin','36.60.204.47','安徽 宿州','Apple WebKit','Mac OS X (iPhone)','0','登录成功','2020-02-14 15:34:11'),
(962,'admin','36.60.204.47','安徽 宿州','Apple WebKit','Mac OS X (iPhone)','0','退出成功','2020-02-14 15:34:42'),
(963,'admin','36.60.204.47','安徽 宿州','Apple WebKit','Mac OS X (iPhone)','0','登录成功','2020-02-14 15:36:44'),
(964,'1018','114.99.113.253','未知','Chrome','Windows 10','0','退出成功','2020-02-14 15:37:09'),
(965,'admin','114.99.113.253','安徽 安庆','Chrome','Windows 10','0','登录成功','2020-02-14 15:37:12'),
(966,'admin','112.32.95.168','安徽 合肥','Chrome','Windows 10','0','登录成功','2020-02-18 14:03:42'),
(967,'admin','36.5.158.98','安徽 合肥','Chrome','Windows 10','0','登录成功','2020-02-19 21:12:41'),
(968,'admin','112.32.93.168','安徽 合肥','Chrome','Windows 10','0','登录成功','2020-02-19 21:13:45'),
(969,'1018','112.32.93.168','安徽 合肥','Chrome','Windows 10','0','登录成功','2020-02-20 14:07:25'),
(970,'admin','36.5.153.240','安徽 合肥','Chrome','Windows 10','0','登录成功','2020-02-20 21:15:22'),
(971,'admin','112.32.93.168','安徽 合肥','Chrome','Windows 10','0','登录成功','2020-02-20 21:16:47'),
(972,'admin','112.32.93.71','安徽 合肥','Chrome','Windows 10','0','登录成功','2020-03-03 15:41:59'),
(973,'admin','112.32.93.71','未知','Chrome','Windows 10','0','登录成功','2020-03-04 10:02:34'),
(974,'admin','112.32.93.71','未知','Chrome','Windows 10','1','密码输入错误1次','2020-03-04 10:05:32'),
(975,'1018','112.32.93.71','未知','Chrome','Windows 10','0','登录成功','2020-03-04 11:18:49'),
(976,'admin','112.32.93.71','未知','Chrome','Windows 10','0','登录成功','2020-03-04 14:22:46'),
(977,'admin','112.32.93.71','安徽 合肥','Chrome','Windows 10','0','登录成功','2020-03-04 15:26:19'),
(978,'1018','112.32.93.71','未知','Chrome','Windows 10','0','登录成功','2020-03-04 16:26:13'),
(979,'1018','112.26.168.227','未知','Chrome','Windows 10','0','登录成功','2020-03-05 09:27:28'),
(980,'demo','112.26.168.227','未知','Chrome','Windows 10','0','登录成功','2020-03-05 10:20:32'),
(981,'1018','112.26.168.227','未知','Chrome','Windows 10','0','登录成功','2020-03-05 10:43:29'),
(982,'admin','112.26.168.227','未知','Chrome 8','Windows 10','0','登录成功','2020-03-05 10:49:33'),
(983,'admin','112.26.168.227','未知','Chrome 8','Windows 10','0','登录成功','2020-03-05 15:36:08'),
(984,'admin','112.32.91.79','安徽 合肥','Chrome','Windows 10','0','登录成功','2020-03-06 10:28:06'),
(985,'admin','112.32.91.79','未知','Chrome','Windows 10','0','登录成功','2020-03-06 10:33:15'),
(986,'admin','112.32.91.79','未知','Chrome','Windows 10','0','登录成功','2020-03-06 14:28:16'),
(987,'1018','112.32.91.222','安徽 合肥','Chrome','Windows 10','0','登录成功','2020-03-09 09:39:12'),
(988,'1018','112.32.91.222','未知','Chrome','Windows 10','0','退出成功','2020-03-09 10:23:33'),
(989,'admin','112.32.91.222','未知','Chrome','Windows 10','0','登录成功','2020-03-09 10:23:37'),
(990,'1018','112.32.91.222','安徽 合肥','Chrome','Windows 10','0','登录成功','2020-03-09 11:39:52'),
(991,'admin','112.32.91.222','安徽 合肥','Chrome','Windows 10','0','登录成功','2020-03-09 11:54:03'),
(992,'admin','112.32.91.222','未知','Chrome','Windows 10','0','登录成功','2020-03-09 16:54:09'),
(993,'admin','112.26.168.227','未知','Chrome 8','Windows 10','1','密码输入错误1次','2020-03-10 14:02:02'),
(994,'admin','112.26.168.227','未知','Chrome 8','Windows 10','0','登录成功','2020-03-10 14:02:08'),
(995,'admin','112.26.168.227','未知','Chrome','Windows 10','0','登录成功','2020-03-10 16:53:40'),
(996,'admin','112.26.168.227','未知','Chrome 8','Windows 10','0','登录成功','2020-03-11 08:47:44'),
(997,'admin','112.26.168.227','未知','Chrome 8','Windows 10','0','退出成功','2020-03-11 09:35:10'),
(998,'admin','112.26.168.227','安徽 合肥','Chrome 8','Windows 10','0','登录成功','2020-03-11 09:35:12'),
(999,'admin','36.61.104.168','未知','Chrome','Windows 10','0','登录成功','2020-03-11 09:58:32'),
(1000,'admin','36.33.36.79','安徽 合肥','Chrome','Windows 10','0','登录成功','2020-03-11 10:26:55'),
(1001,'admin','112.26.168.227','未知','Chrome','Windows 10','0','登录成功','2020-03-11 15:18:35'),
(1002,'admin','112.26.168.227','未知','Chrome 8','Windows 10','0','登录成功','2020-03-11 15:49:11'),
(1003,'admin','36.33.4.144','未知','Chrome','Windows 10','0','登录成功','2020-03-12 09:47:04'),
(1004,'admin','112.32.95.206','未知','Chrome','Windows 10','0','登录成功','2020-03-13 09:52:21'),
(1005,'admin','112.26.168.227','安徽 合肥','Chrome','Windows 10','0','登录成功','2020-03-13 14:13:12'),
(1006,'admin','36.33.4.144','未知','Chrome','Windows 10','0','登录成功','2020-03-14 10:03:01'),
(1007,'admin','183.161.197.175','未知','Apple WebKit','Mac OS X (iPhone)','0','登录成功','2020-03-14 11:26:41'),
(1008,'admin','112.32.95.78','未知','Chrome','Windows 10','0','登录成功','2020-03-15 18:24:13'),
(1009,'admin','112.26.168.227','未知','Chrome','Windows 10','0','登录成功','2020-03-16 10:30:35'),
(1010,'admin','112.26.168.227','未知','Chrome','Windows 10','0','退出成功','2020-03-16 10:30:44'),
(1011,'1018','112.26.168.227','未知','Chrome','Windows 10','0','登录成功','2020-03-16 10:31:11'),
(1012,'1018','112.26.168.227','未知','Chrome','Windows 10','0','退出成功','2020-03-16 10:31:31'),
(1013,'admin','112.26.168.227','未知','Chrome','Windows 10','0','登录成功','2020-03-16 10:31:36'),
(1014,'admin','112.26.168.227','未知','Chrome','Windows 10','0','登录成功','2020-03-17 14:33:15'),
(1015,'admin','112.26.168.227','未知','Chrome','Windows 10','0','登录成功','2020-03-18 15:26:19'),
(1016,'admin','112.26.168.227','未知','Chrome','Windows 10','0','登录成功','2020-03-18 15:59:28'),
(1017,'admin','112.26.168.227','未知','Chrome','Windows 10','0','登录成功','2020-03-19 17:34:46'),
(1018,'admin','112.26.168.227','未知','Chrome','Windows 10','0','退出成功','2020-03-19 17:34:51'),
(1019,'demo','112.26.168.227','未知','Chrome','Windows 10','0','登录成功','2020-03-19 17:34:55'),
(1020,'admin','112.26.168.227','未知','Chrome','Windows 10','0','登录成功','2020-03-20 08:56:48'),
(1021,'340104200305126516','183.162.22.240','未知','Apple WebKit','Mac OS X (iPhone)','0','登录成功','2020-03-20 09:56:14'),
(1022,'1101','112.26.168.227','未知','Internet Explorer 11','Windows 10','1','用户不存在/密码错误','2020-03-20 10:08:12'),
(1023,'1001','112.26.168.227','安徽 合肥','Internet Explorer 11','Windows 10','0','登录成功','2020-03-20 10:08:32'),
(1024,'admin','112.26.168.227','未知','Chrome','Windows 10','0','登录成功','2020-03-20 11:35:48'),
(1025,'admin','36.5.153.101','未知','Chrome','Windows 10','0','登录成功','2020-03-20 15:02:10'),
(1026,'admin','36.5.153.101','安徽 合肥','Chrome','Windows 10','0','登录成功','2020-03-20 16:24:52'),
(1027,'1001','36.5.153.101','安徽 合肥','Internet Explorer 11','Windows 10','0','登录成功','2020-03-20 16:32:22'),
(1028,'admin','36.5.153.101','安徽 合肥','Chrome','Windows 10','0','登录成功','2020-03-20 18:43:10'),
(1029,'admin','112.26.168.227','未知','Chrome','Windows 10','0','退出成功','2020-03-21 15:40:11'),
(1030,'admin','112.26.168.227','未知','Chrome','Windows 10','0','登录成功','2020-03-21 15:40:17'),
(1031,'admin','112.26.168.227','未知','Chrome','Windows 10','0','登录成功','2020-03-23 09:20:36'),
(1032,'admin','112.26.168.227','未知','Mobile Safari','Mac OS X (iPad)','0','登录成功','2020-03-23 09:31:30'),
(1033,'admin','112.26.168.227','未知','Chrome','Windows 10','0','登录成功','2020-03-23 13:51:13'),
(1034,'admin','112.26.168.227','未知','Chrome','Windows 10','0','登录成功','2020-03-23 17:37:45'),
(1035,'admin','112.32.95.119','未知','Chrome','Windows 10','0','登录成功','2020-03-23 23:55:53'),
(1036,'admin','117.136.100.56, 61.151.180.39','内网IP','Chrome Mobile','Android Mobile','0','登录成功','2020-03-24 17:12:45'),
(1037,'admin','112.32.91.119','未知','Chrome','Windows 10','0','登录成功','2020-03-24 21:55:25'),
(1038,'admin','112.26.168.227','未知','Chrome','Windows 10','1','密码输入错误1次','2020-03-26 10:34:34'),
(1039,'admin','112.26.168.227','未知','Chrome','Windows 10','0','登录成功','2020-03-26 10:34:38'),
(1040,'admin','112.26.168.227','未知','Chrome','Windows 10','0','登录成功','2020-03-26 16:29:20'),
(1041,'34120420030826083X','112.26.168.227, 223.166.151.233','内网IP','Chrome Mobile','Android 1.x','0','登录成功','2020-03-26 17:03:40'),
(1042,'admin','117.136.100.56, 61.151.180.39','内网IP','Chrome Mobile','Android Mobile','0','退出成功','2020-03-26 17:13:22'),
(1043,'34120420030826083X','112.26.168.227, 223.166.151.233','内网IP','Chrome Mobile','Android 1.x','0','退出成功','2020-03-26 17:14:41'),
(1044,'1055','112.26.168.227, 223.166.151.233','内网IP','Chrome Mobile','Android 1.x','0','登录成功','2020-03-26 17:14:47'),
(1045,'1055','112.26.168.227, 223.166.151.233','内网IP','Chrome Mobile','Android 1.x','0','退出成功','2020-03-26 17:15:04'),
(1046,'34120420030826083X','112.26.168.227, 223.166.151.233','内网IP','Chrome Mobile','Android 1.x','0','登录成功','2020-03-26 17:15:26'),
(1047,'34120420030826083X','112.26.168.227, 223.166.151.233','内网IP','Chrome Mobile','Android 1.x','0','退出成功','2020-03-26 17:16:23'),
(1048,'1055','112.26.168.227, 223.166.151.233','内网IP','Chrome Mobile','Android 1.x','0','登录成功','2020-03-26 17:16:29'),
(1049,'admin','112.26.168.227','未知','Chrome','Windows 10','1','密码输入错误1次','2020-03-27 11:29:47'),
(1050,'admin','112.26.168.227','未知','Chrome','Windows 10','0','登录成功','2020-03-27 11:29:57'),
(1051,'admin','112.26.168.227','未知','Chrome','Windows 10','0','登录成功','2020-03-27 14:19:30'),
(1052,'admin','112.26.168.227','未知','Chrome','Windows 10','0','退出成功','2020-03-27 14:20:16'),
(1053,'34120420030826083X','112.26.168.227','未知','Chrome','Windows 10','0','登录成功','2020-03-27 14:20:26'),
(1054,'admin','112.26.168.227','未知','Chrome','Windows 10','1','密码输入错误1次','2020-03-27 14:21:19'),
(1055,'1001','112.26.168.227','未知','Chrome','Windows 10','0','登录成功','2020-03-27 14:23:15'),
(1056,'34120420030826083X','112.26.168.227','未知','Chrome','Windows 10','0','退出成功','2020-03-27 14:23:32'),
(1057,'admin','117.136.100.53, 61.151.180.39','内网IP','Chrome Mobile','Android Mobile','1','密码输入错误1次','2020-03-27 14:25:38'),
(1058,'admin','117.136.100.53, 61.151.180.39','内网IP','Chrome Mobile','Android Mobile','1','密码输入错误2次','2020-03-27 14:25:42'),
(1059,'admin','117.136.100.53, 61.151.180.39','内网IP','Chrome Mobile','Android Mobile','0','登录成功','2020-03-27 14:26:07'),
(1060,'1001','112.26.168.227','未知','Chrome','Windows 10','0','退出成功','2020-03-27 14:44:29'),
(1061,'admin','112.26.168.227','未知','Chrome','Windows 10','0','登录成功','2020-03-27 14:44:55'),
(1062,'1055','112.26.168.227, 223.166.151.233','内网IP','Chrome Mobile','Android 1.x','0','退出成功','2020-03-27 15:44:42'),
(1063,'1001','117.132.194.198, 113.96.218.51','内网IP','Chrome Mobile','Android 1.x','0','登录成功','2020-03-27 15:44:48'),
(1064,'1001','117.132.194.198, 113.96.218.51','内网IP','Chrome Mobile','Android 1.x','0','退出成功','2020-03-27 15:45:59'),
(1065,'1002','117.132.194.198, 113.96.218.51','内网IP','Chrome Mobile','Android 1.x','0','登录成功','2020-03-27 15:46:10'),
(1066,'1002','117.132.194.198, 113.96.218.51','内网IP','Chrome Mobile','Android 1.x','0','退出成功','2020-03-27 15:46:15'),
(1067,'1003','117.132.194.198, 113.96.218.51','内网IP','Chrome Mobile','Android 1.x','0','登录成功','2020-03-27 15:46:42'),
(1068,'admin','112.26.168.227','未知','Chrome','Windows 10','1','密码输入错误1次','2020-03-28 08:41:09'),
(1069,'admin','112.26.168.227','未知','Chrome','Windows 10','1','密码输入错误2次','2020-03-28 08:41:13'),
(1070,'admin','112.26.168.227','未知','Chrome','Windows 10','1','密码输入错误3次','2020-03-28 08:41:33'),
(1071,'admin','112.26.168.227','未知','Chrome','Windows 10','0','登录成功','2020-03-28 08:42:48'),
(1072,'admin','112.26.168.227','未知','Chrome','Windows 10','0','登录成功','2020-03-28 10:32:31'),
(1073,'admin','112.26.168.227','未知','Chrome','Windows 10','0','退出成功','2020-03-30 10:58:33'),
(1074,'1005','112.26.168.227','未知','Chrome','Windows 10','0','登录成功','2020-03-30 10:58:44'),
(1075,'admin','112.26.168.227','未知','Firefox 7','Windows 10','0','登录成功','2020-03-30 11:12:55'),
(1076,'1005','112.26.168.227','未知','Chrome','Windows 10','0','登录成功','2020-03-30 14:01:49'),
(1077,'admin','112.26.168.227','未知','Firefox 7','Windows 10','1','密码输入错误1次','2020-03-30 14:44:39'),
(1078,'admin','112.26.168.227','未知','Firefox 7','Windows 10','0','登录成功','2020-03-30 14:45:16'),
(1079,'admin','112.26.168.227','未知','Chrome','Windows 10','1','密码输入错误1次','2020-03-30 15:27:35'),
(1080,'admin','112.26.168.227','未知','Chrome','Windows 10','1','密码输入错误4次','2020-03-30 15:27:35'),
(1081,'admin','112.26.168.227','未知','Chrome','Windows 10','1','密码输入错误2次','2020-03-30 15:27:44'),
(1082,'admin','112.26.168.227','未知','Chrome','Windows 10','1','密码输入错误3次','2020-03-30 15:27:48'),
(1083,'1005','112.26.168.227','未知','Chrome','Windows 10','0','登录成功','2020-03-30 15:27:52'),
(1084,'admin','112.26.168.227','未知','Chrome','Windows 10','1','密码输入错误1次','2020-03-30 16:10:12'),
(1085,'admin','112.26.168.227','未知','Chrome','Windows 10','0','登录成功','2020-03-30 16:10:20'),
(1086,'1005','112.26.168.227','未知','Chrome','Windows 10','0','退出成功','2020-03-30 16:10:24'),
(1087,'admin','112.26.168.227','未知','Firefox 7','Windows 10','0','登录成功','2020-03-30 17:29:54'),
(1088,'admin','112.26.168.227','未知','Chrome','Windows 10','0','登录成功','2020-03-30 19:16:12'),
(1089,'admin','112.26.168.227','未知','Firefox 7','Windows 10','0','登录成功','2020-03-30 19:51:21'),
(1090,'admin','112.26.168.227','未知','Chrome','Windows 10','0','登录成功','2020-03-30 20:57:00'),
(1091,'admin','112.26.168.227','安徽 合肥','Chrome','Windows 10','0','登录成功','2020-03-31 08:43:20'),
(1092,'admin','112.26.168.227','未知','Chrome','Windows 10','0','登录成功','2020-03-31 10:12:48'),
(1093,'admin','112.26.168.227','安徽 合肥','Chrome','Windows 10','0','登录成功','2020-03-31 12:35:08'),
(1094,'admin','112.26.168.227','未知','Chrome','Windows 10','1','密码输入错误1次','2020-03-31 14:09:16'),
(1095,'admin','112.26.168.227','未知','Chrome','Windows 10','0','登录成功','2020-03-31 14:09:19'),
(1096,'admin','112.26.168.227','未知','Chrome','Windows 10','0','登录成功','2020-04-01 08:43:25'),
(1097,'admin','112.26.168.227, 61.129.7.217','内网IP','Chrome Mobile','Android 1.x','1','密码输入错误1次','2020-04-02 12:40:49'),
(1098,'1003','117.136.116.125, 119.84.153.195','内网IP','Chrome Mobile','Android 1.x','0','登录成功','2020-04-04 17:25:07'),
(1099,'admin','112.26.168.227','安徽 合肥','Chrome','Windows 10','0','登录成功','2020-04-07 08:45:34'),
(1100,'admin','112.26.168.227','安徽 合肥','Chrome','Windows 7','0','登录成功','2020-04-07 08:46:49'),
(1101,'admin','112.26.168.227','未知','Chrome','Windows 10','0','登录成功','2020-04-07 17:29:52'),
(1102,'admin','112.26.168.227','未知','Chrome 8','Windows 10','0','登录成功','2020-04-09 11:19:25'),
(1103,'admin','112.26.168.227','安徽 合肥','Chrome 8','Windows 10','0','退出成功','2020-04-09 11:22:35'),
(1104,'34120420030826083X','112.26.168.227','安徽 合肥','Chrome 8','Windows 10','0','登录成功','2020-04-09 11:22:41'),
(1105,'34120420030826083X','112.26.168.227','安徽 合肥','Chrome 8','Windows 10','0','退出成功','2020-04-09 11:27:22'),
(1106,'admin','112.26.168.227','安徽 合肥','Chrome 8','Windows 10','0','登录成功','2020-04-09 11:27:28'),
(1107,'admin','112.26.168.227','未知','Chrome 8','Windows 10','0','退出成功','2020-04-09 11:27:36'),
(1108,'1001','112.26.168.227','未知','Chrome 8','Windows 10','0','登录成功','2020-04-09 11:27:40'),
(1109,'1001','112.26.168.227','安徽 合肥','Chrome 8','Windows 10','0','退出成功','2020-04-09 11:28:33'),
(1110,'admin','112.26.168.227','未知','Chrome 8','Windows 10','1','密码输入错误1次','2020-04-09 11:28:42'),
(1111,'admin','112.26.168.227','安徽 合肥','Chrome 8','Windows 10','1','密码输入错误2次','2020-04-09 11:28:47'),
(1112,'admin','112.26.168.227','未知','Chrome 8','Windows 10','0','登录成功','2020-04-09 11:28:51'),
(1113,'admin','112.26.168.227','未知','Chrome 8','Windows 10','0','登录成功','2020-04-09 13:59:47'),
(1114,'admin','112.26.168.227','未知','Chrome 8','Windows 10','0','退出成功','2020-04-09 16:33:19'),
(1115,'34120420030826083X','112.26.168.227','安徽 合肥','Chrome 8','Windows 10','0','登录成功','2020-04-09 16:33:23'),
(1116,'34120420030826083X','112.26.168.227','安徽 合肥','Chrome 8','Windows 10','0','退出成功','2020-04-09 16:47:15'),
(1117,'admin','112.26.168.227','安徽 合肥','Chrome 8','Windows 10','0','登录成功','2020-04-09 16:47:21'),
(1118,'admin','112.26.168.227','安徽 合肥','Chrome 8','Windows 10','0','登录成功','2020-04-09 19:55:13'),
(1119,'admin','112.26.168.227','未知','Chrome 8','Windows 10','0','退出成功','2020-04-09 19:55:20'),
(1120,'34120420030826083X','112.26.168.227','未知','Chrome 8','Windows 10','0','登录成功','2020-04-09 19:55:26'),
(1121,'admin','112.26.168.227','未知','Chrome 8','Windows 10','1','密码输入错误1次','2020-04-10 08:25:26'),
(1122,'admin','112.26.168.227','未知','Chrome 8','Windows 10','0','登录成功','2020-04-10 08:25:31'),
(1123,'admin','112.26.168.227','未知','Chrome 8','Windows 10','0','退出成功','2020-04-10 08:25:37'),
(1124,'34120420030826083X','112.26.168.227','未知','Chrome 8','Windows 10','1','密码输入错误1次','2020-04-10 08:25:40'),
(1125,'34120420030826083X','112.26.168.227','未知','Chrome 8','Windows 10','1','密码输入错误2次','2020-04-10 08:25:42'),
(1126,'34120420030826083X','112.26.168.227','未知','Chrome 8','Windows 10','0','登录成功','2020-04-10 08:25:46'),
(1127,'admin','112.26.168.227','安徽 合肥','Chrome 8','Windows 10','0','登录成功','2020-04-10 09:47:25'),
(1128,'admin','112.26.168.227','安徽 合肥','Chrome 8','Windows 10','0','退出成功','2020-04-10 09:52:52'),
(1129,'34120420030826083X','112.26.168.227','安徽 合肥','Chrome 8','Windows 10','0','登录成功','2020-04-10 09:52:55'),
(1130,'34120420030826083X','112.26.168.227','未知','Chrome 8','Windows 10','0','退出成功','2020-04-10 09:55:54'),
(1131,'admin','112.26.168.227','未知','Chrome 8','Windows 10','1','用户不存在/密码错误','2020-04-10 09:56:33'),
(1132,'admin','112.26.168.227','未知','Chrome 8','Windows 10','0','登录成功','2020-04-10 09:56:36'),
(1133,'admin','112.26.168.227','未知','Chrome 8','Windows 10','0','退出成功','2020-04-10 10:14:01'),
(1134,'34120420030826083X','112.26.168.227','未知','Chrome 8','Windows 10','0','登录成功','2020-04-10 10:14:04'),
(1135,'34120420030826083X','112.26.168.227','未知','Chrome 8','Windows 10','0','退出成功','2020-04-10 10:48:59'),
(1136,'admin','112.26.168.227','未知','Chrome 8','Windows 10','0','登录成功','2020-04-10 10:49:04'),
(1137,'admin','112.26.168.227','未知','Chrome 8','Windows 10','0','退出成功','2020-04-10 10:49:14'),
(1138,'1002','112.26.168.227','未知','Chrome 8','Windows 10','0','登录成功','2020-04-10 10:49:17'),
(1139,'1002','112.26.168.227','未知','Chrome 8','Windows 10','0','退出成功','2020-04-10 10:49:29'),
(1140,'1001','112.26.168.227','未知','Chrome 8','Windows 10','0','登录成功','2020-04-10 10:49:34'),
(1141,'1001','112.26.168.227','未知','Chrome 8','Windows 10','0','退出成功','2020-04-10 11:34:13'),
(1142,'admin','112.26.168.227','未知','Chrome 8','Windows 10','0','登录成功','2020-04-10 11:34:20'),
(1143,'admin','112.26.168.227','未知','Chrome 8','Windows 10','0','退出成功','2020-04-10 11:34:36'),
(1144,'demo','112.26.168.227','未知','Chrome 8','Windows 10','0','登录成功','2020-04-10 11:34:40'),
(1145,'1001','112.26.168.227','未知','Chrome 8','Windows 10','0','登录成功','2020-04-10 14:40:26'),
(1146,'1001','112.26.168.227','未知','Chrome 8','Windows 10','0','退出成功','2020-04-10 14:40:32'),
(1147,'1002','112.26.168.227','未知','Chrome 8','Windows 10','0','登录成功','2020-04-10 14:40:37'),
(1148,'1002','112.26.168.227','未知','Chrome 8','Windows 10','0','退出成功','2020-04-10 14:40:44'),
(1149,'admin','112.26.168.227','未知','Chrome 8','Windows 10','0','登录成功','2020-04-10 14:40:49'),
(1150,'admin','112.26.168.227','未知','Chrome 8','Windows 10','0','退出成功','2020-04-10 14:40:59'),
(1151,'demo','112.26.168.227','未知','Chrome 8','Windows 10','0','登录成功','2020-04-10 14:41:04'),
(1152,'demo','112.26.168.227','未知','Chrome 8','Windows 10','0','退出成功','2020-04-10 15:02:10'),
(1153,'1003','112.26.168.227','未知','Chrome 8','Windows 10','0','登录成功','2020-04-10 15:02:16'),
(1154,'1003','112.26.168.227','未知','Chrome 8','Windows 10','0','退出成功','2020-04-10 15:52:32'),
(1155,'admin','112.26.168.227','未知','Chrome 8','Windows 10','0','登录成功','2020-04-10 15:52:37'),
(1156,'admin','112.26.168.227','未知','Chrome 8','Windows 10','0','退出成功','2020-04-10 15:52:46'),
(1157,'34120420030826083X','112.26.168.227','未知','Chrome 8','Windows 10','0','登录成功','2020-04-10 15:52:49'),
(1158,'34120420030826083X','112.26.168.227','未知','Chrome 8','Windows 10','0','退出成功','2020-04-10 15:53:21'),
(1159,'demo','112.26.168.227','未知','Chrome 8','Windows 10','0','登录成功','2020-04-10 15:53:27'),
(1160,'demo','112.26.168.227','未知','Chrome 8','Windows 10','0','退出成功','2020-04-10 16:55:26'),
(1161,'admin','112.26.168.227','未知','Chrome 8','Windows 10','0','登录成功','2020-04-10 16:55:32'),
(1162,'admin','112.26.168.227','未知','Chrome','Windows 10','0','登录成功','2020-04-13 16:06:49'),
(1163,'admin','112.26.168.227','未知','Chrome 8','Windows 10','0','登录成功','2020-04-14 08:51:23'),
(1164,'admin','112.26.168.227','安徽 合肥','Chrome 8','Windows 10','0','登录成功','2020-04-14 09:55:26'),
(1165,'admin','112.26.168.227','安徽 合肥','Chrome 8','Windows 10','0','登录成功','2020-04-15 19:50:27'),
(1166,'admin','112.26.168.227','未知','Chrome','Windows 10','0','退出成功','2020-04-16 11:20:19'),
(1167,'admin','112.26.168.227','未知','Chrome','Windows 10','0','登录成功','2020-04-16 11:20:34'),
(1168,'admin','112.26.168.227','未知','Chrome','Windows 10','0','退出成功','2020-04-16 11:21:12'),
(1169,'admin','112.26.168.227','未知','Chrome','Windows 10','0','登录成功','2020-04-16 11:59:31'),
(1170,'admin','112.26.168.227','未知','Apple WebKit','Mac OS X (iPhone)','1','密码输入错误1次','2020-04-16 18:12:42'),
(1171,'admin','112.26.168.227','未知','Apple WebKit','Mac OS X (iPhone)','0','登录成功','2020-04-16 18:12:50'),
(1172,'admin','112.26.168.227','未知','Chrome 8','Windows 10','0','登录成功','2020-04-21 16:37:09'),
(1173,'admin','112.26.168.227','安徽 合肥','Chrome 8','Windows 10','0','登录成功','2020-04-21 17:38:44'),
(1174,'admin','112.26.168.227','未知','Chrome 8','Windows 10','0','登录成功','2020-04-22 08:38:19'),
(1175,'admin','112.26.168.227','未知','Chrome 8','Windows 10','0','登录成功','2020-04-22 09:55:50'),
(1176,'admin','112.26.168.227','未知','Chrome 8','Windows 10','0','登录成功','2020-04-22 11:28:06'),
(1177,'admin','112.26.168.227','安徽 合肥','Chrome 8','Windows 10','1','用户不存在/密码错误','2020-04-22 14:31:28'),
(1178,'admin','112.26.168.227','安徽 合肥','Chrome 8','Windows 10','0','登录成功','2020-04-22 14:31:30'),
(1179,'admin','112.26.168.227','未知','Chrome 8','Windows 10','0','登录成功','2020-04-23 09:00:30'),
(1180,'admin','112.26.168.227','未知','Chrome 8','Windows 10','0','登录成功','2020-04-23 11:51:51'),
(1181,'admin','112.26.168.227','未知','Chrome','Windows 10','0','登录成功','2020-04-26 15:07:57'),
(1182,'admin','112.26.168.227','安徽 合肥','Chrome','Windows 10','0','登录成功','2020-04-26 15:35:11'),
(1183,'admin','112.26.168.227','未知','Chrome','Windows 10','0','退出成功','2020-04-27 11:44:11'),
(1184,'崔静','112.26.168.227','未知','Chrome','Windows 10','1','用户不存在/密码错误','2020-04-27 11:44:17'),
(1185,'10001','112.26.168.227','未知','Chrome','Windows 10','1','用户不存在/密码错误','2020-04-27 11:44:21'),
(1186,'100001','112.26.168.227','未知','Chrome','Windows 10','1','用户不存在/密码错误','2020-04-27 11:44:24'),
(1187,'1001','112.26.168.227','未知','Chrome','Windows 10','0','登录成功','2020-04-27 11:44:28'),
(1188,'admin','112.26.168.227','未知','Chrome 8','Windows 10','0','登录成功','2020-04-27 17:08:33'),
(1189,'1003','112.26.168.227','安徽 合肥','Chrome Mobile','Android 1.x','0','登录成功','2020-04-27 17:29:17'),
(1190,'1003','112.26.168.227','安徽 合肥','Chrome Mobile','Android 1.x','0','退出成功','2020-04-27 17:29:57'),
(1191,'admin','112.26.168.227','安徽 合肥','Chrome Mobile','Android 1.x','1','密码输入错误1次','2020-04-27 17:29:59'),
(1192,'admin','112.26.168.227','未知','Chrome Mobile','Android 1.x','1','密码输入错误2次','2020-04-27 17:30:08'),
(1193,'admin','112.26.168.227','安徽 合肥','Chrome Mobile','Android 1.x','0','登录成功','2020-04-27 17:30:11'),
(1194,'admin','112.26.168.227','未知','Chrome 8','Windows 10','0','登录成功','2020-04-28 16:19:10'),
(1195,'admin','112.26.168.227','未知','Chrome','Windows 10','0','登录成功','2020-04-30 16:59:38'),
(1196,'admin','112.26.168.227','未知','Chrome 8','Windows 10','0','登录成功','2020-05-06 14:00:07'),
(1197,'admin','112.26.168.227','未知','Chrome','Windows 10','0','登录成功','2020-05-08 11:52:50'),
(1198,'admin','112.26.168.227','未知','Chrome 8','Windows 10','0','退出成功','2020-05-08 15:21:44'),
(1199,'1001','112.26.168.227','未知','Chrome 8','Windows 10','0','登录成功','2020-05-08 15:21:49'),
(1200,'admin','112.26.168.227','未知','Chrome 8','Windows 10','0','登录成功','2020-05-09 14:55:59'),
(1201,'admin','223.246.132.37','未知','Chrome','Windows 10','0','登录成功','2020-05-13 14:52:37'),
(1202,'admin','112.26.168.227','未知','Chrome','Windows 10','0','登录成功','2020-05-13 15:26:25'),
(1203,'admin','112.26.168.227','未知','Chrome','Windows 10','1','密码输入错误1次','2020-05-13 16:55:04'),
(1204,'admin','112.26.168.227','未知','Chrome','Windows 10','1','密码输入错误2次','2020-05-13 16:55:46'),
(1205,'admin','112.26.168.227','未知','Chrome','Windows 10','1','密码输入错误3次','2020-05-13 16:55:48'),
(1206,'1018','112.26.168.227','未知','Chrome','Windows 10','0','登录成功','2020-05-13 16:55:58'),
(1207,'341225200412072742','112.26.168.227','未知','Chrome','Windows 10','0','登录成功','2020-05-14 11:06:56'),
(1208,'admin','112.26.168.227','未知','Chrome','Windows 10','1','密码输入错误1次','2020-05-14 11:08:58'),
(1209,'admin','112.26.168.227','未知','Chrome','Windows 10','1','密码输入错误2次','2020-05-14 11:09:25'),
(1210,'admin','112.26.168.227','未知','Chrome','Windows 10','1','密码输入错误3次','2020-05-14 11:09:38'),
(1211,'admin','112.26.168.227','未知','Chrome','Windows 10','0','登录成功','2020-05-14 11:09:54'),
(1212,'1018','112.26.168.227','未知','Chrome','Windows 10','1','密码输入错误1次','2020-05-14 11:18:38'),
(1213,'1018','112.26.168.227','未知','Chrome','Windows 10','0','登录成功','2020-05-14 11:18:43'),
(1214,'1018','112.26.168.227','未知','Chrome','Windows 10','0','登录成功','2020-05-15 14:26:19'),
(1215,'admin','112.26.168.227','未知','Chrome','Windows 10','1','密码输入错误1次','2020-05-15 14:26:59'),
(1216,'admin','112.26.168.227','未知','Chrome','Windows 10','0','登录成功','2020-05-15 14:27:32'),
(1217,'admin','112.32.25.170','未知','Chrome','Windows 10','1','密码输入错误1次','2020-05-18 22:37:50'),
(1218,'admin','112.32.25.170','未知','Chrome','Windows 10','0','登录成功','2020-05-18 22:37:53'),
(1219,'admin','112.26.168.227','未知','Chrome','Windows 10','0','登录成功','2020-05-19 10:59:48'),
(1220,'admin','112.26.168.227','未知','Chrome','Windows 10','0','登录成功','2020-05-19 11:01:02'),
(1221,'admin','112.26.168.227','未知','Chrome 8','Windows 10','0','登录成功','2020-05-19 11:05:58'),
(1222,'admin','112.26.168.227','未知','Chrome','Windows 10','0','登录成功','2020-05-21 09:17:06'),
(1223,'admin','112.26.168.227','未知','Chrome 8','Windows 10','0','登录成功','2020-05-23 14:11:43'),
(1224,'admin','112.26.168.227','未知','Chrome','Windows 10','0','登录成功','2020-05-25 16:41:25'),
(1225,'admin','112.26.168.227','未知','Chrome','Windows 10','0','退出成功','2020-05-25 16:45:30'),
(1226,'1018','112.26.168.227','未知','Chrome','Windows 10','0','登录成功','2020-05-25 16:45:43'),
(1227,'admin','112.26.168.227','未知','Chrome','Windows 10','0','登录成功','2020-05-26 16:01:06'),
(1228,'admin','36.5.152.147','未知','Chrome','Windows 10','0','登录成功','2020-05-28 01:21:25'),
(1229,'admin','112.26.168.227','未知','Chrome','Windows 10','0','登录成功','2020-05-28 16:37:56'),
(1230,'admin','112.26.168.227','未知','Chrome','Windows 10','0','登录成功','2020-06-01 08:47:06'),
(1231,'admin','112.26.168.227','未知','Chrome','Windows 10','0','登录成功','2020-06-01 16:31:46'),
(1232,'admin','112.26.168.227','未知','Chrome 8','Windows 10','0','登录成功','2020-06-02 11:54:33'),
(1233,'admin','112.26.168.227','未知','Chrome 8','Windows 10','0','登录成功','2020-06-02 11:55:02'),
(1234,'admin','112.26.168.227','未知','Chrome 8','Windows 10','0','登录成功','2020-06-02 14:01:32'),
(1235,'admin','112.26.168.227','未知','Chrome 8','Windows 10','0','登录成功','2020-06-03 08:49:56'),
(1236,'admin','112.26.168.227','未知','Chrome 8','Windows 10','0','登录成功','2020-06-03 15:34:48'),
(1237,'admin','112.26.168.227','未知','Chrome','Windows 10','0','登录成功','2020-06-06 08:39:23'),
(1238,'17718138206','112.26.168.227','未知','Chrome Mobile','Android 1.x','0','退出成功','2020-06-06 11:02:39'),
(1239,'admin','112.26.168.227','未知','Chrome Mobile','Android 1.x','0','登录成功','2020-06-06 11:02:40'),
(1240,'admin','112.26.168.227','未知','Chrome Mobile','Android 1.x','0','退出成功','2020-06-06 11:02:48'),
(1241,'admin','112.26.168.227','未知','Chrome Mobile','Android 1.x','0','登录成功','2020-06-06 11:02:58'),
(1242,'admin','112.26.168.227','未知','Chrome','Windows 10','0','登录成功','2020-06-06 11:03:17'),
(1243,'admin','112.26.168.227','未知','Chrome','Windows 10','0','登录成功','2020-06-06 11:05:23'),
(1244,'admin','112.26.168.227','未知','Chrome Mobile','Android Mobile','0','登录成功','2020-06-06 11:13:16'),
(1245,'18956678299','36.61.98.214','未知','Apple WebKit','Mac OS X (iPhone)','0','退出成功','2020-06-06 16:56:07'),
(1246,'admin','36.61.98.214','未知','Apple WebKit','Mac OS X (iPhone)','1','密码输入错误1次','2020-06-06 16:56:09'),
(1247,'admin','36.61.98.214','未知','Apple WebKit','Mac OS X (iPhone)','1','密码输入错误2次','2020-06-06 16:56:12'),
(1248,'admin','36.61.98.214','未知','Apple WebKit','Mac OS X (iPhone)','1','密码输入错误3次','2020-06-06 16:56:30'),
(1249,'admin','36.61.98.214','未知','Apple WebKit','Mac OS X (iPhone)','0','登录成功','2020-06-06 16:56:33'),
(1250,'admin','112.26.168.227','未知','Chrome','Windows 10','1','密码输入错误1次','2020-06-06 18:44:15'),
(1251,'admin','112.26.168.227','未知','Chrome','Windows 10','1','密码输入错误2次','2020-06-06 18:44:20'),
(1252,'admin','112.26.168.227','未知','Chrome','Windows 10','0','登录成功','2020-06-06 18:44:23'),
(1253,'admin','112.26.168.227','未知','Chrome','Windows 10','0','登录成功','2020-06-06 18:45:34'),
(1254,'admin','112.26.168.227','未知','Chrome 8','Windows 10','0','登录成功','2020-06-09 16:46:53'),
(1255,'admin','112.26.168.227','未知','Chrome 8','Windows 10','0','退出成功','2020-06-09 16:46:54'),
(1256,'admin','112.26.168.227','未知','Chrome 8','Windows 10','0','登录成功','2020-06-09 16:47:19'),
(1257,'admin','112.26.168.227','未知','Chrome 8','Windows 10','0','登录成功','2020-06-10 11:27:02'),
(1258,'admin','112.26.168.227','未知','Chrome 8','Windows 10','1','密码输入错误1次','2020-06-15 14:33:39'),
(1259,'admin','112.26.168.227','未知','Chrome 8','Windows 10','0','登录成功','2020-06-15 14:33:43'),
(1260,'admin','36.5.76.143','未知','Chrome','Windows 10','0','登录成功','2020-06-16 09:10:40'),
(1261,'admin','112.26.168.227','未知','Chrome','Windows 10','0','登录成功','2020-06-16 10:05:30'),
(1262,'admin','36.5.76.143','未知','Chrome','Windows 10','0','登录成功','2020-06-16 10:32:59'),
(1263,'admin','112.26.168.227','未知','Chrome','Windows 10','0','登录成功','2020-06-16 10:53:41'),
(1264,'admin','36.5.76.143','未知','Chrome','Windows 10','0','登录成功','2020-06-16 13:38:09'),
(1265,'admin','112.26.168.227','未知','Chrome','Windows 10','0','登录成功','2020-06-17 16:55:46'),
(1266,'admin','112.26.168.227','未知','Chrome','Windows 10','0','登录成功','2020-06-17 16:57:48'),
(1267,'admin','112.26.168.227','未知','Chrome','Windows 7','1','用户不存在/密码错误','2020-06-17 17:04:51'),
(1268,'admin','112.26.168.227','未知','Chrome','Windows 7','1','用户不存在/密码错误','2020-06-17 17:05:03'),
(1269,'admin','112.26.168.227','未知','Chrome','Windows 7','1','用户不存在/密码错误','2020-06-17 17:05:04'),
(1270,'dzkj123','112.26.168.227','未知','Chrome','Windows 7','1','用户不存在/密码错误','2020-06-17 17:05:32'),
(1271,'admin','112.26.168.227','未知','Chrome','Windows 7','1','用户不存在/密码错误','2020-06-17 17:05:49'),
(1272,'admin','112.26.168.227','未知','Chrome','Windows 7','0','登录成功','2020-06-17 17:05:56'),
(1273,'admin','112.26.168.227','未知','Chrome','Windows 10','0','登录成功','2020-06-17 17:06:08'),
(1274,'admin','112.26.168.227','未知','Chrome 8','Windows 10','0','登录成功','2020-06-18 15:49:55'),
(1275,'admin','112.26.168.227','未知','Chrome 8','Windows 10','0','登录成功','2020-06-18 17:37:39'),
(1276,'admin','112.26.168.227','未知','Chrome','Windows 10','0','登录成功','2020-06-20 09:59:16'),
(1277,'admin','36.5.155.225','未知','Chrome','Windows 10','0','登录成功','2020-06-22 16:46:06'),
(1278,'admin','36.5.155.225','未知','Chrome','Windows 10','0','登录成功','2020-06-22 18:36:55'),
(1279,'admin','36.5.155.47','未知','Apple WebKit','Mac OS X (iPhone)','0','退出成功','2020-06-23 10:20:02'),
(1280,'admin','36.5.155.47','未知','Apple WebKit','Mac OS X (iPhone)','1','密码输入错误1次','2020-06-23 10:20:04'),
(1281,'admin','36.5.155.47','未知','Apple WebKit','Mac OS X (iPhone)','1','密码输入错误2次','2020-06-23 10:20:13'),
(1282,'admin','36.5.155.47','未知','Apple WebKit','Mac OS X (iPhone)','1','密码输入错误3次','2020-06-23 10:20:19'),
(1283,'admin','36.5.155.47','未知','Apple WebKit','Mac OS X (iPhone)','1','密码输入错误4次','2020-06-23 10:20:39'),
(1284,'admin','36.5.155.47','未知','Apple WebKit','Mac OS X (iPhone)','0','登录成功','2020-06-23 10:20:42'),
(1285,'admin','36.5.155.47','未知','Chrome','Windows 10','0','登录成功','2020-06-23 13:59:51'),
(1286,'admin','36.5.155.47','未知','Chrome','Windows 10','0','登录成功','2020-06-23 16:55:54'),
(1287,'admin','36.5.155.75','未知','Apple WebKit','Mac OS X (iPhone)','0','登录成功','2020-06-28 15:42:28'),
(1288,'admin','36.5.155.75','未知','Apple WebKit','Mac OS X (iPhone)','0','退出成功','2020-06-28 15:47:53'),
(1289,'admin','36.5.155.75','未知','Apple WebKit','Mac OS X (iPhone)','1','密码输入错误1次','2020-06-28 15:49:31'),
(1290,'admin','36.5.155.75','未知','Apple WebKit','Mac OS X (iPhone)','0','登录成功','2020-06-28 15:49:40'),
(1291,'admin','36.5.155.75','未知','Apple WebKit','Mac OS X (iPhone)','0','退出成功','2020-06-28 16:07:27'),
(1292,'admin','36.5.155.75','未知','Apple WebKit','Mac OS X (iPhone)','1','密码输入错误1次','2020-06-28 17:27:51'),
(1293,'admin','36.5.155.75','未知','Apple WebKit','Mac OS X (iPhone)','0','登录成功','2020-06-28 17:27:55'),
(1294,'admin','36.5.155.75','未知','Apple WebKit','Mac OS X (iPhone)','0','退出成功','2020-06-28 17:29:52'),
(1295,'34082620010914262x','36.5.155.75','未知','Apple WebKit','Mac OS X (iPhone)','0','登录成功','2020-06-28 17:30:42'),
(1296,'34082620010914262X','36.5.79.219','未知','Apple WebKit','Mac OS X (iPhone)','0','登录成功','2020-06-30 10:18:56'),
(1297,'admin','112.26.168.227','未知','Microsoft Edge','Windows 10','0','登录成功','2020-07-01 10:24:58'),
(1298,'admin','112.26.168.227','未知','Chrome','Windows 10','0','登录成功','2020-07-02 09:30:58'),
(1299,'34082620010914262X','223.246.193.106','未知','Apple WebKit','Mac OS X (iPhone)','0','退出成功','2020-07-06 16:07:50'),
(1300,'admin','223.246.193.106','未知','Apple WebKit','Mac OS X (iPhone)','1','密码输入错误1次','2020-07-06 16:07:51'),
(1301,'admin','223.246.193.106','未知','Apple WebKit','Mac OS X (iPhone)','0','登录成功','2020-07-06 16:07:58'),
(1302,'admin','36.5.152.224','未知','Apple WebKit','Mac OS X (iPhone)','0','登录成功','2020-07-07 08:38:52'),
(1303,'admin','112.26.168.227','未知','Chrome','Windows 10','1','密码输入错误1次','2020-07-07 15:16:08'),
(1304,'admin','112.26.168.227','未知','Chrome','Windows 10','0','登录成功','2020-07-07 15:16:13'),
(1305,'admin','112.26.168.227','未知','Chrome 8','Windows 10','0','登录成功','2020-07-09 15:33:09'),
(1306,'admin','112.26.168.227','未知','Chrome 8','Windows 10','0','登录成功','2020-07-09 15:34:00'),
(1307,'admin','112.26.168.227','未知','Chrome 8','Windows 10','0','登录成功','2020-07-10 08:43:00'),
(1308,'admin','112.26.168.227','未知','Chrome','Windows 10','0','登录成功','2020-07-10 10:03:20'),
(1309,'admin','112.26.168.227','未知','Chrome','Windows 10','0','登录成功','2020-07-10 11:54:15'),
(1310,'admin','36.5.155.225','未知','Apple WebKit','Mac OS X (iPhone)','0','登录成功','2020-07-10 12:55:26'),
(1311,'admin','112.26.168.227','未知','Chrome 8','Windows 10','0','登录成功','2020-07-13 11:45:15'),
(1312,'admin','221.178.124.226','未知','Chrome Mobile','Android 1.x','0','登录成功','2020-07-13 12:44:22'),
(1313,'admin','117.136.103.232','未知','Chrome Mobile','Android Mobile','1','密码输入错误1次','2020-07-13 12:44:34'),
(1314,'admin','117.136.103.232','未知','Chrome Mobile','Android Mobile','0','登录成功','2020-07-13 12:45:08'),
(1315,'admin','112.26.168.227','未知','Chrome','Windows 10','1','密码输入错误1次','2020-07-16 09:28:00'),
(1316,'admin','112.26.168.227','未知','Chrome','Windows 10','0','登录成功','2020-07-16 09:28:03'),
(1317,'admin','112.26.168.227','未知','Chrome','Windows 10','1','密码输入错误1次','2020-07-17 17:44:10'),
(1318,'admin','112.26.168.227','未知','Chrome','Windows 10','0','登录成功','2020-07-17 17:44:13'),
(1319,'admin','112.26.168.227','未知','Chrome','Windows 10','0','登录成功','2020-07-20 09:07:24'),
(1320,'admin','112.26.168.227','未知','Chrome','Windows 10','0','登录成功','2020-07-20 11:24:45'),
(1321,'admin','112.26.168.227','未知','Chrome','Windows 10','0','登录成功','2020-07-21 17:34:31'),
(1322,'admin','112.26.168.227','未知','Chrome','Windows 10','0','登录成功','2020-07-22 14:40:56'),
(1323,'admin','112.26.168.227','未知','Chrome','Windows 10','0','登录成功','2020-07-22 16:39:15'),
(1324,'admin','112.26.168.227','未知','Chrome','Windows 10','0','登录成功','2020-07-27 15:20:43'),
(1325,'admin','112.26.168.227','未知','Chrome','Windows 10','0','登录成功','2020-08-01 09:07:24'),
(1326,'admin','112.26.168.227','未知','Chrome','Windows 10','0','登录成功','2020-08-03 15:48:48'),
(1327,'admin','36.5.79.84','未知','Apple WebKit','Mac OS X (iPhone)','0','登录成功','2020-08-25 11:50:48'),
(1328,'admin','36.5.79.84','未知','Apple WebKit','Mac OS X (iPhone)','0','退出成功','2020-08-26 09:27:04'),
(1329,'admin','36.5.79.84','未知','Apple WebKit','Mac OS X (iPhone)','1','密码输入错误1次','2020-08-26 09:29:10'),
(1330,'admin','36.5.79.84','未知','Apple WebKit','Mac OS X (iPhone)','1','密码输入错误2次','2020-08-26 09:29:21'),
(1331,'admin','36.5.79.84','未知','Apple WebKit','Mac OS X (iPhone)','1','密码输入错误3次','2020-08-26 09:29:26'),
(1332,'admin','36.5.79.84','未知','Apple WebKit','Mac OS X (iPhone)','0','登录成功','2020-08-26 09:29:31'),
(1333,'admin','112.26.168.227','未知','Chrome','Windows 10','1','密码输入错误1次','2020-09-01 14:20:46'),
(1334,'admin','112.26.168.227','未知','Chrome','Windows 10','1','密码输入错误2次','2020-09-01 14:20:50'),
(1335,'admin','112.26.168.227','未知','Chrome','Windows 10','0','登录成功','2020-09-01 14:21:13'),
(1336,'admin','112.26.168.227, 61.129.10.43','内网IP','Chrome Mobile','Android Mobile','0','登录成功','2020-09-01 14:21:56'),
(1337,'admin','112.26.168.227','未知','Chrome','Windows 10','0','登录成功','2020-09-10 14:30:48'),
(1338,'admin','112.26.168.227','未知','Chrome 8','Windows 10','1','密码输入错误1次','2020-09-10 14:37:55'),
(1339,'admin','112.26.168.227','未知','Chrome 8','Windows 10','0','登录成功','2020-09-10 14:38:01'),
(1340,'admin','112.26.168.227','未知','Chrome 8','Windows 10','0','登录成功','2020-09-11 09:04:47'),
(1341,'admin','112.26.168.227','未知','Chrome 8','Windows 10','0','登录成功','2020-09-11 10:38:19'),
(1342,'admin','112.26.168.227','未知','Chrome','Windows 10','0','登录成功','2020-09-11 11:18:06'),
(1343,'admin','112.26.168.227','未知','Chrome 8','Windows 10','0','登录成功','2020-09-11 12:26:49'),
(1344,'admin','112.26.168.227','未知','Chrome 8','Windows 10','0','登录成功','2020-09-11 13:58:43'),
(1345,'admin','112.26.168.227','未知','Chrome 8','Windows 10','0','登录成功','2020-09-11 17:34:45'),
(1346,'admin','112.26.168.227','未知','Chrome','Windows 10','0','登录成功','2020-09-23 17:07:38'),
(1347,'admin','112.26.168.227','未知','Chrome','Windows 7','0','登录成功','2020-09-25 10:59:29'),
(1348,'admin','112.26.168.227','未知','Microsoft Edge','Windows 10','0','登录成功','2020-09-28 15:38:12'),
(1349,'admin','112.26.168.227','未知','Microsoft Edge','Windows 10','0','登录成功','2020-09-28 16:26:53'),
(1350,'admin','112.26.168.227','未知','Chrome 8','Windows 10','1','密码输入错误1次','2020-09-28 16:31:58'),
(1351,'admin','112.26.168.227','未知','Chrome 8','Windows 10','0','登录成功','2020-09-28 16:32:09'),
(1352,'admin','112.26.168.227','未知','Chrome','Windows 7','1','密码输入错误1次','2020-09-28 17:13:42'),
(1353,'admin','112.26.168.227','未知','Chrome','Windows 7','0','登录成功','2020-09-28 17:14:03'),
(1354,'admin','112.26.168.227','未知','Apple WebKit','Mac OS X (iPhone)','1','密码输入错误1次','2020-09-28 17:16:51'),
(1355,'admin','112.26.168.227','未知','Apple WebKit','Mac OS X (iPhone)','1','密码输入错误2次','2020-09-28 17:16:52'),
(1356,'admin','112.26.168.227','未知','Apple WebKit','Mac OS X (iPhone)','0','登录成功','2020-09-28 17:16:58'),
(1357,'admin','112.26.168.227','未知','Chrome','Windows 7','0','登录成功','2020-09-28 17:58:01'),
(1358,'admin','112.26.168.227','未知','Chrome 8','Windows 7','0','登录成功','2020-09-30 15:01:47'),
(1359,'admin','112.26.168.227','未知','Chrome','Windows 7','0','登录成功','2020-10-09 09:14:34'),
(1360,'admin','112.26.168.227','未知','Chrome','Windows 7','0','登录成功','2020-10-12 14:14:20'),
(1361,'admin','39.144.35.104','未知','Chrome','Windows 7','0','登录成功','2020-10-13 14:29:56'),
(1362,'admin','112.26.168.227','未知','Chrome','Windows 10','0','登录成功','2020-10-13 16:59:59'),
(1363,'admin','39.144.12.86','未知','Chrome Mobile','Android 1.x','1','密码输入错误1次','2020-10-13 17:03:14'),
(1364,'admin','39.144.12.86','未知','Chrome Mobile','Android 1.x','0','登录成功','2020-10-13 17:03:21'),
(1365,'admin','112.26.168.227','未知','Chrome','Windows 7','0','登录成功','2020-10-13 17:07:53'),
(1366,'admin','112.26.168.227','未知','Chrome','Windows 7','0','登录成功','2020-10-13 17:12:55'),
(1367,'admin','112.26.168.227','未知','Chrome','Windows 10','0','登录成功','2020-10-13 17:45:18'),
(1368,'admin','112.26.168.227','未知','Chrome 8','Windows 7','0','登录成功','2020-10-14 08:24:45'),
(1369,'admin','112.26.168.227','未知','Chrome','Windows 7','0','登录成功','2020-10-14 08:48:24'),
(1370,'admin','112.26.168.227','未知','Chrome','Windows 10','0','登录成功','2020-10-14 09:17:44'),
(1371,'admin','112.26.168.227','未知','Chrome 8','Windows 10','0','登录成功','2020-10-14 09:23:05'),
(1372,'admin','112.26.168.227','未知','Chrome 8','Windows 10','0','登录成功','2020-10-14 09:24:59'),
(1373,'admin','112.26.168.227','未知','Chrome 8','Windows 10','0','登录成功','2020-10-14 09:28:34'),
(1374,'admin','112.26.168.227','未知','Chrome','Windows 10','0','登录成功','2020-10-14 10:45:05'),
(1375,'admin','112.26.168.227','未知','Chrome','Windows 10','0','登录成功','2020-10-14 10:52:17'),
(1376,'admin','112.26.168.227','未知','Chrome 8','Windows 10','0','登录成功','2020-10-14 10:58:55'),
(1377,'admin','112.26.168.227','未知','Chrome Mobile','Android 1.x','0','登录成功','2020-10-14 11:01:58'),
(1378,'admin','112.26.168.227','未知','Chrome 8','Windows 7','0','登录成功','2020-10-14 15:06:36'),
(1379,'admin','112.26.168.227','未知','Chrome','Windows 10','0','登录成功','2020-10-14 15:07:04'),
(1380,'admin','112.26.168.227','未知','Chrome 8','Windows 7','0','登录成功','2020-10-14 17:02:05'),
(1381,'admin','112.26.168.227','未知','Chrome 8','Windows 7','0','登录成功','2020-10-15 08:37:33'),
(1382,'admin','112.26.168.227','未知','Chrome 8','Windows 7','0','登录成功','2020-10-15 16:16:21'),
(1383,'admin','112.26.168.227','未知','Chrome','Windows 10','0','登录成功','2020-10-15 16:19:57'),
(1384,'admin','112.26.168.227','未知','Chrome 8','Windows 7','0','登录成功','2020-10-15 17:32:31'),
(1385,'admin','112.26.168.227','未知','Chrome','Windows 10','0','登录成功','2020-10-15 17:41:23'),
(1386,'admin','112.26.168.227','未知','Chrome','Windows 10','0','退出成功','2020-10-15 17:42:29'),
(1387,'1001','112.26.168.227','未知','Chrome','Windows 10','0','登录成功','2020-10-15 17:42:32'),
(1388,'1001','112.26.168.227','未知','Chrome','Windows 10','0','退出成功','2020-10-15 17:42:45'),
(1389,'admin','112.26.168.227','未知','Chrome 8','Windows 7','0','登录成功','2020-10-15 17:51:21'),
(1390,'admin','112.26.168.227','未知','Chrome 8','Windows 7','0','登录成功','2020-10-15 18:01:26'),
(1391,'admin','112.26.168.227','未知','Chrome 8','Windows 7','0','登录成功','2020-10-16 08:35:27'),
(1392,'admin','112.26.168.227','未知','Chrome','Windows 10','0','登录成功','2020-10-16 17:38:52'),
(1393,'admin','112.32.89.135','未知','Chrome','Windows 10','0','登录成功','2020-10-17 10:39:43'),
(1394,'admin','112.32.89.135','未知','Chrome','Windows 10','0','登录成功','2020-10-17 11:30:37'),
(1395,'admin','112.32.89.135','未知','Chrome','Windows 10','0','登录成功','2020-10-17 11:55:09'),
(1396,'admin','112.32.89.135','未知','Chrome','Windows 10','0','登录成功','2020-10-17 12:00:21'),
(1397,'admin','112.32.89.135','未知','Chrome','Windows 10','0','登录成功','2020-10-17 12:12:49'),
(1398,'admin','112.32.89.135','未知','Chrome','Windows 10','0','登录成功','2020-10-18 01:04:23'),
(1399,'admin','112.32.93.110','未知','Chrome','Windows 10','0','登录成功','2020-10-19 07:31:32'),
(1400,'admin','39.144.1.18','未知','Chrome 8','Windows 10','0','登录成功','2020-10-19 19:14:32'),
(1401,'admin','117.136.102.106','未知','Microsoft Edge','Windows 10','0','登录成功','2020-10-29 15:09:47'),
(1402,'admin','112.26.168.227','未知','Microsoft Edge','Windows 10','0','登录成功','2020-10-30 14:35:53'),
(1403,'admin','112.26.168.227','未知','Chrome Mobile','Android 1.x','0','登录成功','2020-10-30 14:45:29'),
(1404,'admin','112.26.168.227, 61.151.178.171','内网IP','Chrome Mobile','Android 1.x','1','密码输入错误1次','2020-10-30 16:13:39'),
(1405,'admin','112.26.168.227, 61.151.178.171','内网IP','Chrome Mobile','Android 1.x','1','密码输入错误2次','2020-10-30 16:13:41'),
(1406,'admin','112.26.168.227, 61.151.178.171','内网IP','Chrome Mobile','Android 1.x','0','登录成功','2020-10-30 16:14:10'),
(1407,'admin','112.26.168.227','未知','Chrome','Windows 7','0','登录成功','2020-11-02 17:08:08'),
(1408,'admin','112.26.168.227','未知','Chrome 8','Windows 10','0','登录成功','2020-11-03 16:04:53'),
(1409,'admin','112.26.168.227','未知','Chrome 8','Windows 10','0','退出成功','2020-11-03 16:20:07'),
(1410,'admin','112.26.168.227','未知','Chrome 8','Windows 10','0','登录成功','2020-11-03 16:20:13'),
(1411,'admin','127.0.0.1','内网IP','Chrome 8','Windows 10','1','密码输入错误1次','2020-11-03 16:37:01'),
(1412,'admin','127.0.0.1','内网IP','Chrome 8','Windows 10','0','登录成功','2020-11-03 16:37:07'),
(1413,'admin','127.0.0.1','内网IP','Chrome 8','Windows 10','0','登录成功','2020-11-03 17:53:20'),
(1414,'admin','127.0.0.1','内网IP','Chrome 8','Windows 10','0','登录成功','2020-11-04 08:33:14'),
(1415,'admin','127.0.0.1','内网IP','Chrome 8','Windows 10','0','登录成功','2020-11-05 08:36:22'),
(1416,'admin','192.168.1.122','内网IP','Internet Explorer 11','Windows 10','1','密码输入错误1次','2020-11-05 17:22:31'),
(1417,'admin','192.168.1.122','内网IP','Internet Explorer 11','Windows 10','0','登录成功','2020-11-05 17:22:43'),
(1418,'admin','192.168.1.103','内网IP','Chrome 8','Windows 10','0','登录成功','2020-11-05 17:49:56'),
(1419,'admin','127.0.0.1','内网IP','Chrome 8','Windows 10','0','退出成功','2020-11-07 14:08:20'),
(1420,'340403200405113018','127.0.0.1','内网IP','Chrome 8','Windows 10','0','登录成功','2020-11-07 14:09:08'),
(1421,'340403200405113018','127.0.0.1','内网IP','Chrome 8','Windows 10','0','退出成功','2020-11-07 14:09:55'),
(1422,'admin','127.0.0.1','内网IP','Chrome 8','Windows 10','0','登录成功','2020-11-07 14:09:57'),
(1423,'admin','127.0.0.1','内网IP','Chrome 8','Windows 10','0','退出成功','2020-11-07 14:11:11'),
(1424,'340403200405113018','127.0.0.1','内网IP','Chrome 8','Windows 10','0','登录成功','2020-11-07 14:11:16'),
(1425,'340403200405113018','127.0.0.1','内网IP','Chrome 8','Windows 10','0','退出成功','2020-11-07 14:12:19'),
(1426,'admin','127.0.0.1','内网IP','Chrome 8','Windows 10','0','登录成功','2020-11-07 14:12:20'),
(1427,'admin','127.0.0.1','内网IP','Chrome 8','Windows 10','0','退出成功','2020-11-07 14:16:15'),
(1428,'340403200405113018','127.0.0.1','内网IP','Chrome 8','Windows 10','0','登录成功','2020-11-07 14:16:20'),
(1429,'340403200405113018','127.0.0.1','内网IP','Chrome 8','Windows 10','0','退出成功','2020-11-07 14:16:52'),
(1430,'admin','127.0.0.1','内网IP','Chrome 8','Windows 10','0','登录成功','2020-11-07 14:16:54'),
(1431,'admin','127.0.0.1','内网IP','Chrome 8','Windows 10','0','登录成功','2020-11-07 14:22:38'),
(1432,'admin','127.0.0.1','内网IP','Chrome 8','Windows 10','0','登录成功','2020-11-07 14:26:38'),
(1433,'admin','127.0.0.1','内网IP','Chrome 8','Windows 10','0','退出成功','2020-11-07 14:28:38'),
(1434,'340403200405113018','127.0.0.1','内网IP','Chrome 8','Windows 10','0','登录成功','2020-11-07 14:28:43'),
(1435,'340403200405113018','127.0.0.1','内网IP','Chrome 8','Windows 10','0','退出成功','2020-11-07 14:29:02'),
(1436,'admin','127.0.0.1','内网IP','Chrome 8','Windows 10','0','登录成功','2020-11-07 14:29:04'),
(1437,'admin','127.0.0.1','内网IP','Chrome 8','Windows 10','0','退出成功','2020-11-07 14:31:40'),
(1438,'340403200405113018','127.0.0.1','内网IP','Chrome 8','Windows 10','0','登录成功','2020-11-07 14:31:45'),
(1439,'340403200405113018','127.0.0.1','内网IP','Chrome 8','Windows 10','0','退出成功','2020-11-07 14:32:04'),
(1440,'admin','127.0.0.1','内网IP','Chrome 8','Windows 10','0','登录成功','2020-11-07 14:32:05'),
(1441,'admin','127.0.0.1','内网IP','Chrome 8','Windows 10','0','退出成功','2020-11-07 14:32:45'),
(1442,'340403200405113018','127.0.0.1','内网IP','Chrome 8','Windows 10','0','登录成功','2020-11-07 14:32:52'),
(1443,'340403200405113018','127.0.0.1','内网IP','Chrome 8','Windows 10','0','退出成功','2020-11-07 14:33:47'),
(1444,'admin','127.0.0.1','内网IP','Chrome 8','Windows 10','0','登录成功','2020-11-07 14:33:48'),
(1445,'admin','127.0.0.1','内网IP','Chrome 8','Windows 10','0','退出成功','2020-11-07 14:38:23'),
(1446,'340403200405113018','127.0.0.1','内网IP','Chrome 8','Windows 10','0','登录成功','2020-11-07 14:38:29'),
(1447,'340403200405113018','127.0.0.1','内网IP','Chrome 8','Windows 10','0','退出成功','2020-11-07 14:41:01'),
(1448,'admin','127.0.0.1','内网IP','Chrome 8','Windows 10','0','登录成功','2020-11-07 14:41:02'),
(1449,'admin','127.0.0.1','内网IP','Chrome 8','Windows 10','0','登录成功','2020-11-07 14:52:12'),
(1450,'admin','127.0.0.1','内网IP','Chrome 8','Windows 10','0','登录成功','2020-11-07 15:29:04'),
(1451,'admin','127.0.0.1','内网IP','Chrome 8','Windows 10','0','退出成功','2020-11-07 17:34:55'),
(1452,'340403200405113018','127.0.0.1','内网IP','Chrome 8','Windows 10','0','登录成功','2020-11-07 17:35:00'),
(1453,'admin','127.0.0.1','内网IP','Chrome 8','Windows 10','0','登录成功','2020-11-09 08:38:35'),
(1454,'admin','127.0.0.1','内网IP','Chrome 8','Windows 10','0','登录成功','2020-11-09 09:04:24'),
(1455,'admin','127.0.0.1','内网IP','Chrome 8','Windows 10','0','退出成功','2020-11-09 09:16:24'),
(1456,'340403200405113018','127.0.0.1','内网IP','Chrome 8','Windows 10','1','密码输入错误1次','2020-11-09 09:16:26'),
(1457,'340403200405113018','127.0.0.1','内网IP','Chrome 8','Windows 10','0','登录成功','2020-11-09 09:16:30'),
(1458,'admin','127.0.0.1','内网IP','Chrome 8','Windows 10','0','登录成功','2020-11-09 09:27:43'),
(1459,'admin','127.0.0.1','内网IP','Chrome 8','Windows 10','0','退出成功','2020-11-09 09:27:56'),
(1460,'340403200405113018','127.0.0.1','内网IP','Chrome 8','Windows 10','1','密码输入错误1次','2020-11-09 09:27:58'),
(1461,'340403200405113018','127.0.0.1','内网IP','Chrome 8','Windows 10','0','登录成功','2020-11-09 09:28:04'),
(1462,'340403200405113018','127.0.0.1','内网IP','Chrome 8','Windows 10','0','退出成功','2020-11-09 09:30:35'),
(1463,'admin','127.0.0.1','内网IP','Chrome 8','Windows 10','0','登录成功','2020-11-09 09:30:36'),
(1464,'admin','127.0.0.1','内网IP','Chrome 8','Windows 10','0','登录成功','2020-11-09 09:40:07'),
(1465,'admin','127.0.0.1','内网IP','Chrome 8','Windows 10','0','登录成功','2020-11-09 09:52:06'),
(1466,'admin','127.0.0.1','内网IP','Chrome 8','Windows 10','0','登录成功','2020-11-09 10:09:46'),
(1467,'admin','127.0.0.1','内网IP','Chrome 8','Windows 10','0','登录成功','2020-11-10 08:53:05'),
(1468,'admin','127.0.0.1','内网IP','Chrome 8','Windows 10','0','登录成功','2020-11-10 08:56:31'),
(1469,'admin','127.0.0.1','内网IP','Chrome 8','Windows 10','0','登录成功','2020-11-10 09:12:50'),
(1470,'admin','127.0.0.1','内网IP','Chrome 8','Windows 10','0','登录成功','2020-11-10 09:15:38'),
(1471,'admin','127.0.0.1','内网IP','Chrome 8','Windows 10','0','登录成功','2020-11-10 10:27:31'),
(1472,'admin','127.0.0.1','内网IP','Chrome 8','Windows 10','0','退出成功','2020-11-10 10:27:57'),
(1473,'340403200405113018','127.0.0.1','内网IP','Chrome 8','Windows 10','0','登录成功','2020-11-10 10:28:02'),
(1474,'admin','127.0.0.1','内网IP','Chrome 8','Windows 10','0','登录成功','2020-11-11 08:50:35'),
(1475,'admin','127.0.0.1','内网IP','Chrome 8','Windows 10','0','登录成功','2020-11-11 09:10:59'),
(1476,'admin','192.168.1.150','内网IP','Chrome 8','Windows 10','0','登录成功','2020-11-11 09:11:15'),
(1477,'admin','127.0.0.1','内网IP','Chrome 8','Windows 10','0','登录成功','2020-11-11 09:29:01'),
(1478,'admin','127.0.0.1','内网IP','Chrome 8','Windows 10','0','登录成功','2020-11-11 09:49:40'),
(1479,'admin','127.0.0.1','内网IP','Chrome 8','Windows 10','0','登录成功','2020-11-11 10:07:59'),
(1480,'admin','192.168.1.150','内网IP','Chrome 8','Windows 10','1','密码输入错误1次','2020-11-11 10:09:51'),
(1481,'admin','192.168.1.150','内网IP','Chrome 8','Windows 10','1','密码输入错误2次','2020-11-11 10:09:57'),
(1482,'admin','192.168.1.150','内网IP','Chrome 8','Windows 10','0','登录成功','2020-11-11 10:09:59'),
(1483,'admin','127.0.0.1','内网IP','Chrome 8','Windows 10','0','登录成功','2020-11-11 10:15:46'),
(1484,'admin','127.0.0.1','内网IP','Chrome 8','Windows 10','0','登录成功','2020-11-11 10:17:29'),
(1485,'admin','192.168.1.150','内网IP','Chrome 8','Windows 10','1','密码输入错误1次','2020-11-11 10:18:02'),
(1486,'admin','192.168.1.150','内网IP','Chrome 8','Windows 10','0','登录成功','2020-11-11 10:18:04'),
(1487,'admin','127.0.0.1','内网IP','Chrome 8','Windows 10','0','登录成功','2020-11-11 10:26:33'),
(1488,'admin','127.0.0.1','内网IP','Chrome 8','Windows 10','0','登录成功','2020-11-11 10:28:15'),
(1489,'admin','127.0.0.1','内网IP','Chrome 8','Windows 10','0','登录成功','2020-11-11 10:44:22'),
(1490,'admin','192.168.1.150','内网IP','Chrome 8','Windows 10','0','登录成功','2020-11-11 10:44:25'),
(1491,'admin','127.0.0.1','内网IP','Chrome 8','Windows 10','0','登录成功','2020-11-11 10:46:43'),
(1492,'admin','127.0.0.1','内网IP','Chrome 8','Windows 10','0','登录成功','2020-11-11 11:19:14'),
(1493,'admin','127.0.0.1','内网IP','Chrome 8','Windows 10','0','登录成功','2020-11-11 11:22:45'),
(1494,'admin','127.0.0.1','内网IP','Chrome 8','Windows 10','0','登录成功','2020-11-11 11:28:56'),
(1495,'admin','127.0.0.1','内网IP','Chrome 8','Windows 10','0','登录成功','2020-11-11 11:30:41'),
(1496,'admin','127.0.0.1','内网IP','Chrome 8','Windows 10','0','登录成功','2020-11-11 11:34:22'),
(1497,'admin','127.0.0.1','内网IP','Chrome 8','Windows 10','0','登录成功','2020-11-11 11:49:33'),
(1498,'admin','127.0.0.1','内网IP','Chrome 8','Windows 10','0','登录成功','2020-11-11 11:52:41'),
(1499,'admin','127.0.0.1','内网IP','Chrome 8','Windows 10','0','登录成功','2020-11-11 11:56:06'),
(1500,'admin','127.0.0.1','内网IP','Chrome 8','Windows 10','0','登录成功','2020-11-11 11:59:29'),
(1501,'admin','127.0.0.1','内网IP','Chrome 8','Windows 10','0','登录成功','2020-11-11 14:10:27'),
(1502,'admin','127.0.0.1','内网IP','Chrome 8','Windows 10','0','登录成功','2020-11-11 14:23:30'),
(1503,'admin','127.0.0.1','内网IP','Chrome 8','Windows 10','0','登录成功','2020-11-11 14:30:33'),
(1504,'admin','127.0.0.1','内网IP','Chrome 8','Windows 10','0','登录成功','2020-11-11 14:39:21'),
(1505,'admin','127.0.0.1','内网IP','Chrome 8','Windows 10','0','登录成功','2020-11-11 14:42:46'),
(1506,'admin','127.0.0.1','内网IP','Chrome 8','Windows 10','0','登录成功','2020-11-11 14:46:28'),
(1507,'admin','127.0.0.1','内网IP','Chrome 8','Windows 10','0','登录成功','2020-11-11 14:51:11'),
(1508,'admin','127.0.0.1','内网IP','Chrome 8','Windows 10','0','登录成功','2020-11-11 14:52:53'),
(1509,'admin','127.0.0.1','内网IP','Chrome 8','Windows 10','0','登录成功','2020-11-11 14:59:11'),
(1510,'admin','127.0.0.1','内网IP','Chrome 8','Windows 10','0','登录成功','2020-11-11 15:02:27'),
(1511,'admin','127.0.0.1','内网IP','Chrome 8','Windows 10','0','登录成功','2020-11-11 15:08:39'),
(1512,'admin','127.0.0.1','内网IP','Chrome 8','Windows 10','0','登录成功','2020-11-11 15:26:33'),
(1513,'admin','127.0.0.1','内网IP','Chrome 8','Windows 10','0','登录成功','2020-11-11 15:54:48'),
(1514,'admin','127.0.0.1','内网IP','Chrome 8','Windows 10','0','登录成功','2020-11-11 15:57:18'),
(1515,'admin','127.0.0.1','内网IP','Chrome 8','Windows 10','0','登录成功','2020-11-11 16:12:02'),
(1516,'admin','127.0.0.1','内网IP','Chrome 8','Windows 10','0','登录成功','2020-11-11 16:22:42'),
(1517,'admin','127.0.0.1','内网IP','Chrome 8','Windows 10','0','登录成功','2020-11-11 16:33:20'),
(1518,'admin','127.0.0.1','内网IP','Chrome 8','Windows 10','0','登录成功','2020-11-11 16:38:11'),
(1519,'admin','127.0.0.1','内网IP','Chrome 8','Windows 10','0','登录成功','2020-11-19 11:16:33'),
(1520,'admin','127.0.0.1','内网IP','Chrome 8','Windows 10','0','登录成功','2020-11-19 11:22:07'),
(1521,'admin','127.0.0.1','内网IP','Chrome 8','Windows 10','0','登录成功','2020-11-19 11:43:35'),
(1522,'admin','127.0.0.1','内网IP','Chrome 8','Windows 10','0','登录成功','2020-11-19 11:47:14'),
(1523,'admin','127.0.0.1','内网IP','Chrome 8','Windows 10','0','登录成功','2020-11-19 14:15:27'),
(1524,'admin','127.0.0.1','内网IP','Chrome 8','Windows 10','0','登录成功','2020-11-19 14:26:48'),
(1525,'admin','127.0.0.1','内网IP','Chrome 8','Windows 10','0','登录成功','2020-11-19 16:19:46'),
(1526,'admin','127.0.0.1','内网IP','Chrome 8','Windows 10','0','登录成功','2020-11-19 16:21:09'),
(1527,'admin','127.0.0.1','内网IP','Chrome 8','Windows 10','0','登录成功','2020-11-19 17:15:53'),
(1528,'admin','127.0.0.1','内网IP','Chrome','Windows 10','0','登录成功','2020-11-26 14:01:54'),
(1529,'admin','127.0.0.1','内网IP','Chrome','Windows 10','0','退出成功','2020-11-26 14:02:52'),
(1530,'admin','127.0.0.1','内网IP','Chrome','Windows 10','1','密码输入错误1次','2020-11-26 14:14:41'),
(1531,'admin','127.0.0.1','内网IP','Chrome','Windows 10','0','登录成功','2020-11-26 14:14:51'),
(1532,'admin','127.0.0.1','内网IP','Chrome 8','Windows 10','0','登录成功','2020-11-26 14:46:09'),
(1533,'admin','127.0.0.1','内网IP','Chrome','Windows 10','1','密码输入错误1次','2020-11-27 10:31:26'),
(1534,'admin','127.0.0.1','内网IP','Chrome','Windows 10','1','密码输入错误2次','2020-11-27 10:31:31'),
(1535,'admin','127.0.0.1','内网IP','Chrome','Windows 10','1','密码输入错误3次','2020-11-27 10:31:36'),
(1536,'admin','127.0.0.1','内网IP','Chrome','Windows 10','1','密码输入错误1次','2020-11-27 10:46:40'),
(1537,'admin','127.0.0.1','内网IP','Chrome','Windows 10','1','密码输入错误2次','2020-11-27 10:46:43'),
(1538,'admin','127.0.0.1','内网IP','Chrome','Windows 10','0','登录成功','2020-11-27 10:46:48'),
(1539,'admin','127.0.0.1','内网IP','Chrome 8','Windows 10','0','登录成功','2020-11-27 16:53:15'),
(1540,'admin','127.0.0.1','内网IP','Chrome 8','Windows 10','1','密码输入错误1次','2020-11-30 08:53:55'),
(1541,'admin','127.0.0.1','内网IP','Chrome 8','Windows 10','1','密码输入错误2次','2020-11-30 08:54:08'),
(1542,'admin','127.0.0.1','内网IP','Chrome 8','Windows 10','0','登录成功','2020-11-30 08:54:17'),
(1543,'admin','127.0.0.1','内网IP','Chrome','Windows 10','0','登录成功','2020-11-30 08:59:51'),
(1544,'admin','127.0.0.1','内网IP','Chrome','Windows 10','1','密码输入错误1次','2020-11-30 10:31:46'),
(1545,'admin','127.0.0.1','内网IP','Chrome','Windows 10','1','密码输入错误2次','2020-11-30 10:31:49'),
(1546,'admin','127.0.0.1','内网IP','Chrome','Windows 10','0','登录成功','2020-11-30 10:31:52'),
(1547,'admin','127.0.0.1','内网IP','Chrome','Windows 10','1','密码输入错误1次','2020-11-30 10:49:34'),
(1548,'admin','127.0.0.1','内网IP','Chrome','Windows 10','0','登录成功','2020-11-30 10:49:39'),
(1549,'admin','127.0.0.1','内网IP','Mobile Safari','Mac OS X (iPhone)','0','退出成功','2020-11-30 10:51:12'),
(1550,'360122200212256926','127.0.0.1','内网IP','Mobile Safari','Mac OS X (iPhone)','0','登录成功','2020-11-30 10:51:35'),
(1551,'360122200212256926','127.0.0.1','内网IP','Mobile Safari','Mac OS X (iPhone)','0','退出成功','2020-11-30 10:51:41'),
(1552,'360122200212256926jz','127.0.0.1','内网IP','Mobile Safari','Mac OS X (iPhone)','0','登录成功','2020-11-30 10:51:49'),
(1553,'1139','127.0.0.1','内网IP','Firefox 8','Windows 10','0','登录成功','2020-11-30 15:16:42'),
(1554,'1139','127.0.0.1','内网IP','Firefox 8','Windows 10','0','退出成功','2020-11-30 15:17:43'),
(1555,'1139','127.0.0.1','内网IP','Firefox 8','Windows 10','0','登录成功','2020-11-30 15:17:49'),
(1556,'1139','127.0.0.1','内网IP','Firefox 8','Windows 10','0','退出成功','2020-11-30 15:20:48'),
(1557,'1139','127.0.0.1','内网IP','Firefox 8','Windows 10','0','登录成功','2020-11-30 15:20:56'),
(1558,'admin','127.0.0.1','内网IP','Chrome 8','Windows 10','1','密码输入错误1次','2020-11-30 16:16:45'),
(1559,'admin','127.0.0.1','内网IP','Chrome 8','Windows 10','0','登录成功','2020-11-30 16:16:53'),
(1560,'1139','127.0.0.1','内网IP','Firefox 8','Windows 10','0','退出成功','2020-11-30 16:27:21'),
(1561,'1139','127.0.0.1','内网IP','Firefox 8','Windows 10','0','登录成功','2020-11-30 16:27:30'),
(1562,'1139','127.0.0.1','内网IP','Firefox 8','Windows 10','0','退出成功','2020-11-30 16:28:39'),
(1563,'1139','127.0.0.1','内网IP','Firefox 8','Windows 10','0','登录成功','2020-11-30 16:28:43'),
(1564,'1139','127.0.0.1','内网IP','Firefox 8','Windows 10','0','登录成功','2020-11-30 16:39:51'),
(1565,'1139','127.0.0.1','内网IP','Firefox 8','Windows 10','0','登录成功','2020-11-30 16:56:15'),
(1566,'1139','127.0.0.1','内网IP','Firefox 8','Windows 10','0','登录成功','2020-11-30 17:03:43'),
(1567,'admin','127.0.0.1','内网IP','Chrome 8','Windows 10','0','登录成功','2020-12-03 15:05:45'),
(1568,'admin','127.0.0.1','内网IP','Chrome 8','Windows 10','0','登录成功','2020-12-28 09:08:35'),
(1569,'admin','127.0.0.1','内网IP','Chrome 8','Windows 10','0','登录成功','2020-12-28 11:32:01'),
(1570,'admin','127.0.0.1','内网IP','Chrome 8','Windows 10','0','登录成功','2020-12-28 14:33:47'),
(1571,'admin','192.168.1.117','内网IP','Chrome 8','Windows 10','1','密码输入错误1次','2020-12-28 14:48:23'),
(1572,'admin','192.168.1.117','内网IP','Chrome 8','Windows 10','0','登录成功','2020-12-28 14:48:31'),
(1573,'admin','192.168.1.150','内网IP','Chrome 8','Windows 10','0','登录成功','2020-12-28 14:49:22'),
(1574,'admin','127.0.0.1','内网IP','Chrome 8','Windows 10','0','登录成功','2020-12-28 16:31:05'),
(1575,'admin','192.168.1.117','内网IP','Chrome 8','Windows 10','1','密码输入错误1次','2020-12-28 17:00:56'),
(1576,'admin','192.168.1.117','内网IP','Chrome 8','Windows 10','0','登录成功','2020-12-28 17:01:11'),
(1577,'admin','192.168.1.150','内网IP','Chrome 8','Windows 10','1','密码输入错误1次','2020-12-29 09:54:07'),
(1578,'admin','192.168.1.150','内网IP','Chrome 8','Windows 10','0','登录成功','2020-12-29 09:54:10'),
(1579,'admin','192.168.1.150','内网IP','Chrome 8','Windows 10','0','登录成功','2020-12-30 09:30:22'),
(1580,'admin','192.168.1.131','内网IP','Chrome 8','Windows 10','0','登录成功','2020-12-31 14:45:24'),
(1581,'admin','192.168.1.131','内网IP','Chrome 8','Windows 10','0','登录成功','2020-12-31 14:46:32'),
(1582,'admin','192.168.1.122','内网IP','Chrome','Windows 10','1','密码输入错误1次','2020-12-31 14:56:57'),
(1583,'admin','192.168.1.122','内网IP','Chrome','Windows 10','0','登录成功','2020-12-31 14:57:00'),
(1584,'admin','127.0.0.1','内网IP','Chrome 8','Windows 10','0','登录成功','2022-01-12 14:39:46'),
(1585,'admin','112.26.168.227','未知','Chrome 8','Windows 10','0','登录成功','2022-01-12 14:48:56'),
(1586,'admin','223.104.37.171','未知','Chrome Mobile','Android 1.x','0','登录成功','2022-01-12 14:49:33'),
(1587,'admin','112.26.168.227','未知','Chrome 8','Windows 10','0','登录成功','2022-01-12 14:52:54'),
(1588,'admin','223.104.37.171','未知','Chrome Mobile','Android 1.x','1','密码输入错误1次','2022-01-12 14:55:05'),
(1589,'admin','127.0.0.1','内网IP','Chrome 8','Windows 10','0','登录成功','2022-02-04 09:53:09'),
(1590,'admin','127.0.0.1','内网IP','Chrome','Windows 10','1','密码输入错误1次','2022-04-12 16:44:40'),
(1591,'admin','127.0.0.1','内网IP','Chrome','Windows 10','0','登录成功','2022-04-12 16:44:45'),
(1592,'admin','127.0.0.1','内网IP','Chrome 8','Mac OS X','0','登录成功','2022-04-12 21:34:17'),
(1593,'admin','127.0.0.1','内网IP','Chrome 8','Mac OS X','0','登录成功','2022-04-12 22:14:54'),
(1594,'admin','127.0.0.1','内网IP','Chrome 8','Windows 10','1','密码输入错误1次','2022-04-13 20:40:06'),
(1595,'admin','127.0.0.1','内网IP','Chrome 8','Windows 10','1','密码输入错误2次','2022-04-13 20:40:10'),
(1596,'admin','127.0.0.1','内网IP','Chrome 8','Windows 10','0','登录成功','2022-04-13 20:40:15'),
(1597,'admin','127.0.0.1','内网IP','Chrome 8','Windows 10','0','登录成功','2022-04-13 21:03:56'),
(1598,'admin','127.0.0.1','内网IP','Chrome 8','Windows 10','0','登录成功','2022-04-13 21:12:52'),
(1599,'admin','127.0.0.1','内网IP','Chrome 8','Windows 10','0','退出成功','2022-04-13 21:13:35'),
(1600,'js1','127.0.0.1','内网IP','Chrome 8','Windows 10','1','密码输入错误1次','2022-04-13 21:13:40'),
(1601,'js1','127.0.0.1','内网IP','Chrome 8','Windows 10','0','登录成功','2022-04-13 21:13:44'),
(1602,'js1','127.0.0.1','内网IP','Chrome 8','Windows 10','0','登录成功','2022-04-13 21:24:50'),
(1603,'js1','127.0.0.1','内网IP','Chrome 8','Windows 10','0','登录成功','2022-04-13 21:28:56'),
(1604,'js1','127.0.0.1','内网IP','Chrome 8','Windows 10','0','登录成功','2022-04-13 21:34:17'),
(1605,'admin','127.0.0.1','内网IP','Chrome 8','Windows 10','1','密码输入错误1次','2022-04-13 21:36:37'),
(1606,'admin','127.0.0.1','内网IP','Chrome 8','Windows 10','0','登录成功','2022-04-13 21:36:41'),
(1607,'admin','127.0.0.1','内网IP','Chrome 8','Windows 10','0','退出成功','2022-04-13 21:43:28'),
(1608,'js12','127.0.0.1','内网IP','Chrome 8','Windows 10','0','登录成功','2022-04-13 21:43:34'),
(1609,'js12','127.0.0.1','内网IP','Chrome 8','Windows 10','0','退出成功','2022-04-13 21:43:54'),
(1610,'js11','127.0.0.1','内网IP','Chrome 8','Windows 10','1','密码输入错误1次','2022-04-13 21:43:59'),
(1611,'js11','127.0.0.1','内网IP','Chrome 8','Windows 10','1','密码输入错误2次','2022-04-13 21:44:02'),
(1612,'js11','127.0.0.1','内网IP','Chrome 8','Windows 10','1','密码输入错误3次','2022-04-13 21:44:07'),
(1613,'js11','127.0.0.1','内网IP','Chrome 8','Windows 10','1','密码输入错误4次','2022-04-13 21:44:11'),
(1614,'js11','127.0.0.1','内网IP','Chrome 8','Windows 10','1','密码输入错误5次','2022-04-13 21:45:06'),
(1615,'admin','127.0.0.1','内网IP','Chrome 8','Windows 10','1','密码输入错误1次','2022-04-13 21:45:31'),
(1616,'admin','127.0.0.1','内网IP','Chrome 8','Windows 10','0','登录成功','2022-04-13 21:45:37'),
(1617,'admin','127.0.0.1','内网IP','Chrome 8','Windows 10','0','退出成功','2022-04-13 21:45:54'),
(1618,'js11','127.0.0.1','内网IP','Chrome 8','Windows 10','1','密码输入错误5次，帐户锁定10分钟','2022-04-13 21:46:00'),
(1619,'js12','127.0.0.1','内网IP','Chrome 8','Windows 10','0','登录成功','2022-04-13 21:51:37'),
(1620,'js11','127.0.0.1','内网IP','Chrome 8','Windows 10','0','登录成功','2022-04-13 21:53:02'),
(1621,'js11','127.0.0.1','内网IP','Chrome 8','Windows 10','0','登录成功','2022-04-13 21:54:52'),
(1622,'js11','127.0.0.1','内网IP','Chrome 8','Windows 10','0','退出成功','2022-04-13 21:59:57'),
(1623,'admin','127.0.0.1','内网IP','Chrome 8','Windows 10','1','密码输入错误1次','2022-04-13 22:00:02'),
(1624,'admin','127.0.0.1','内网IP','Chrome 8','Windows 10','1','密码输入错误2次','2022-04-13 22:00:10'),
(1625,'admin','127.0.0.1','内网IP','Chrome 8','Windows 10','0','登录成功','2022-04-13 22:00:13'),
(1626,'admin','127.0.0.1','内网IP','Chrome 8','Windows 10','0','退出成功','2022-04-13 22:00:34'),
(1627,'js11','127.0.0.1','内网IP','Chrome 8','Windows 10','0','登录成功','2022-04-13 22:02:17'),
(1628,'js11','127.0.0.1','内网IP','Chrome 8','Windows 10','0','登录成功','2022-04-13 22:07:15'),
(1629,'js11','127.0.0.1','内网IP','Chrome 8','Windows 10','0','登录成功','2022-04-13 22:09:32'),
(1630,'js11','127.0.0.1','内网IP','Chrome 8','Windows 10','0','退出成功','2022-04-13 22:10:15'),
(1631,'admin','127.0.0.1','内网IP','Chrome 8','Windows 10','1','密码输入错误1次','2022-04-13 22:19:49'),
(1632,'admin','127.0.0.1','内网IP','Chrome 8','Windows 10','0','登录成功','2022-04-13 22:19:52'),
(1633,'js11','127.0.0.1','内网IP','Chrome 8','Windows 10','0','登录成功','2022-04-14 09:39:46'),
(1634,'admin','127.0.0.1','内网IP','Chrome 8','Windows 10','0','登录成功','2022-04-14 14:11:11'),
(1635,'admin','127.0.0.1','内网IP','Chrome 8','Windows 10','0','退出成功','2022-04-14 14:13:44'),
(1636,'jl11','127.0.0.1','内网IP','Chrome 8','Windows 10','1','密码输入错误1次','2022-04-14 14:15:13'),
(1637,'jl11','127.0.0.1','内网IP','Chrome 8','Windows 10','1','密码输入错误2次','2022-04-14 14:15:18'),
(1638,'jl11','127.0.0.1','内网IP','Chrome 8','Windows 10','1','密码输入错误3次','2022-04-14 14:16:05'),
(1639,'jl11','127.0.0.1','内网IP','Chrome 8','Windows 10','1','密码输入错误4次','2022-04-14 14:16:11'),
(1640,'admin','127.0.0.1','内网IP','Chrome 8','Windows 10','0','登录成功','2022-04-14 14:16:19'),
(1641,'admin','127.0.0.1','内网IP','Chrome 8','Windows 10','0','退出成功','2022-04-14 14:16:40'),
(1642,'jl11','127.0.0.1','内网IP','Chrome 8','Windows 10','0','登录成功','2022-04-14 14:16:47'),
(1643,'jl11','127.0.0.1','内网IP','Chrome 8','Windows 10','0','登录成功','2022-04-14 14:20:45'),
(1644,'jl11','127.0.0.1','内网IP','Chrome 8','Windows 10','1','密码输入错误1次','2022-04-14 14:24:27'),
(1645,'jl11','127.0.0.1','内网IP','Chrome 8','Windows 10','0','登录成功','2022-04-14 14:24:31'),
(1646,'jl11','127.0.0.1','内网IP','Chrome 8','Windows 10','1','密码输入错误1次','2022-04-14 14:29:19'),
(1647,'jl11','127.0.0.1','内网IP','Chrome 8','Windows 10','0','登录成功','2022-04-14 14:29:24'),
(1648,'jl11','127.0.0.1','内网IP','Chrome 8','Windows 10','0','登录成功','2022-04-14 14:32:33'),
(1649,'jl11','127.0.0.1','内网IP','Chrome 8','Windows 10','1','密码输入错误1次','2022-04-14 14:35:50'),
(1650,'jl11','127.0.0.1','内网IP','Chrome 8','Windows 10','0','登录成功','2022-04-14 14:35:54'),
(1651,'jl11','127.0.0.1','内网IP','Chrome 8','Windows 10','1','密码输入错误1次','2022-04-14 15:15:14'),
(1652,'jl11','127.0.0.1','内网IP','Chrome 8','Windows 10','1','密码输入错误2次','2022-04-14 15:15:18'),
(1653,'jl11','127.0.0.1','内网IP','Chrome 8','Windows 10','0','登录成功','2022-04-14 15:15:21'),
(1654,'jl11','127.0.0.1','内网IP','Chrome 8','Windows 10','0','登录成功','2022-04-14 15:22:23'),
(1655,'jl11','127.0.0.1','内网IP','Chrome 8','Windows 10','0','登录成功','2022-04-14 15:32:17'),
(1656,'jl11','127.0.0.1','内网IP','Chrome 8','Windows 10','1','密码输入错误1次','2022-04-14 15:58:49'),
(1657,'jl11','127.0.0.1','内网IP','Chrome 8','Windows 10','0','登录成功','2022-04-14 15:58:55'),
(1658,'jl11','127.0.0.1','内网IP','Chrome 8','Windows 10','0','退出成功','2022-04-14 16:15:22'),
(1659,'admin','127.0.0.1','内网IP','Chrome 8','Windows 10','0','登录成功','2022-04-14 16:15:28'),
(1660,'jl11','127.0.0.1','内网IP','Chrome 8','Windows 10','0','登录成功','2022-04-14 16:35:06'),
(1661,'jl11','127.0.0.1','内网IP','Chrome 8','Windows 10','0','退出成功','2022-04-14 16:38:53'),
(1662,'admin','127.0.0.1','内网IP','Chrome 8','Windows 10','1','密码输入错误1次','2022-04-14 16:38:56'),
(1663,'admin','127.0.0.1','内网IP','Chrome 8','Windows 10','0','登录成功','2022-04-14 16:39:27'),
(1664,'admin','127.0.0.1','内网IP','Chrome 8','Windows 10','0','退出成功','2022-04-14 16:40:51'),
(1665,'jl12','127.0.0.1','内网IP','Chrome 8','Windows 10','0','登录成功','2022-04-14 16:41:19'),
(1666,'admin','127.0.0.1','内网IP','Chrome 8','Mac OS X','0','登录成功','2022-04-14 21:11:45'),
(1667,'admin','127.0.0.1','内网IP','Chrome 8','Mac OS X','0','登录成功','2022-04-14 22:41:19'),
(1668,'admin','127.0.0.1','内网IP','Chrome 8','Mac OS X','0','退出成功','2022-04-14 22:46:36'),
(1669,'jl11','127.0.0.1','内网IP','Chrome 8','Mac OS X','0','登录成功','2022-04-14 22:46:42'),
(1670,'jl11','127.0.0.1','内网IP','Chrome 8','Mac OS X','0','退出成功','2022-04-14 22:46:49'),
(1671,'admin','127.0.0.1','内网IP','Chrome 8','Mac OS X','0','登录成功','2022-04-14 22:46:55'),
(1672,'admin','127.0.0.1','内网IP','Chrome 8','Mac OS X','0','退出成功','2022-04-14 22:47:15'),
(1673,'jl11','127.0.0.1','内网IP','Chrome 8','Mac OS X','0','登录成功','2022-04-14 22:47:22'),
(1674,'jl11','127.0.0.1','内网IP','Chrome 8','Mac OS X','0','登录成功','2022-04-14 22:51:19'),
(1675,'jl11','127.0.0.1','内网IP','Chrome 8','Mac OS X','0','登录成功','2022-04-14 23:05:07'),
(1676,'jl11','127.0.0.1','内网IP','Chrome 8','Mac OS X','0','登录成功','2022-04-14 23:12:46'),
(1677,'jl11','127.0.0.1','内网IP','Chrome 8','Mac OS X','0','登录成功','2022-04-14 23:17:29'),
(1678,'jl11','127.0.0.1','内网IP','Chrome 8','Mac OS X','0','退出成功','2022-04-14 23:21:59'),
(1679,'jl12','127.0.0.1','内网IP','Chrome 8','Mac OS X','0','登录成功','2022-04-14 23:22:05'),
(1680,'jl12','127.0.0.1','内网IP','Chrome 8','Mac OS X','0','登录成功','2022-04-14 23:27:38'),
(1681,'jl12','127.0.0.1','内网IP','Chrome 8','Mac OS X','0','登录成功','2022-04-14 23:34:57'),
(1682,'jl11','127.0.0.1','内网IP','Chrome 8','Mac OS X','0','登录成功','2022-04-14 23:35:30'),
(1683,'jl12','127.0.0.1','内网IP','Chrome 8','Mac OS X','0','登录成功','2022-04-14 23:44:58'),
(1684,'jl12','127.0.0.1','内网IP','Chrome 8','Mac OS X','0','登录成功','2022-04-14 23:48:54'),
(1685,'admin','127.0.0.1','内网IP','Chrome 8','Mac OS X','0','登录成功','2022-04-15 21:50:04'),
(1686,'admin','127.0.0.1','内网IP','Chrome 8','Mac OS X','0','登录成功','2022-04-15 22:02:46'),
(1687,'admin','127.0.0.1','内网IP','Chrome 8','Mac OS X','0','退出成功','2022-04-15 22:03:00'),
(1688,'jl11','127.0.0.1','内网IP','Chrome 8','Mac OS X','0','登录成功','2022-04-15 22:03:07'),
(1689,'jl11','127.0.0.1','内网IP','Chrome 8','Mac OS X','0','登录成功','2022-04-15 22:09:09'),
(1690,'jl12','127.0.0.1','内网IP','Chrome 8','Mac OS X','0','登录成功','2022-04-15 22:12:43'),
(1691,'jl12','127.0.0.1','内网IP','Chrome 8','Mac OS X','0','退出成功','2022-04-15 22:16:39'),
(1692,'jl11','127.0.0.1','内网IP','Chrome 8','Mac OS X','0','登录成功','2022-04-15 22:16:49'),
(1693,'jl11','127.0.0.1','内网IP','Chrome 8','Mac OS X','0','退出成功','2022-04-15 22:17:36'),
(1694,'jl12','127.0.0.1','内网IP','Chrome 8','Mac OS X','0','登录成功','2022-04-15 22:17:41'),
(1695,'jl12','127.0.0.1','内网IP','Chrome 8','Mac OS X','0','登录成功','2022-04-15 22:19:56'),
(1696,'admin','127.0.0.1','内网IP','Chrome 8','Windows 10','0','登录成功','2022-04-16 14:47:43'),
(1697,'admin','127.0.0.1','内网IP','Chrome 8','Windows 10','0','退出成功','2022-04-16 14:50:13'),
(1698,'cj11','127.0.0.1','内网IP','Chrome 8','Windows 10','1','密码输入错误1次','2022-04-16 14:50:19'),
(1699,'cj11','127.0.0.1','内网IP','Chrome 8','Windows 10','1','密码输入错误2次','2022-04-16 14:50:23'),
(1700,'cj1','127.0.0.1','内网IP','Chrome 8','Windows 10','1','用户不存在/密码错误','2022-04-16 14:50:27'),
(1701,'admin','127.0.0.1','内网IP','Chrome 8','Windows 10','0','登录成功','2022-04-16 14:50:33'),
(1702,'admin','127.0.0.1','内网IP','Chrome 8','Windows 10','0','退出成功','2022-04-16 14:50:54'),
(1703,'cj11','127.0.0.1','内网IP','Chrome 8','Windows 10','0','登录成功','2022-04-16 14:51:01'),
(1704,'cj11','127.0.0.1','内网IP','Chrome 8','Windows 10','0','退出成功','2022-04-16 15:00:35'),
(1705,'admin','127.0.0.1','内网IP','Chrome 8','Windows 10','0','登录成功','2022-04-16 15:00:40'),
(1706,'admin','127.0.0.1','内网IP','Chrome 8','Windows 10','0','退出成功','2022-04-16 15:01:37'),
(1707,'cj11','127.0.0.1','内网IP','Chrome 8','Windows 10','1','密码输入错误1次','2022-04-16 15:01:42'),
(1708,'cj11','127.0.0.1','内网IP','Chrome 8','Windows 10','0','登录成功','2022-04-16 15:01:46'),
(1709,'cj11','127.0.0.1','内网IP','Chrome 8','Windows 10','0','登录成功','2022-04-16 15:06:54'),
(1710,'cj11','127.0.0.1','内网IP','Chrome 8','Windows 10','0','登录成功','2022-04-16 15:09:28'),
(1711,'cj11','127.0.0.1','内网IP','Chrome 8','Windows 10','0','退出成功','2022-04-16 15:09:38'),
(1712,'cj12','127.0.0.1','内网IP','Chrome 8','Windows 10','1','密码输入错误1次','2022-04-16 15:09:43'),
(1713,'cj12','127.0.0.1','内网IP','Chrome 8','Windows 10','1','密码输入错误2次','2022-04-16 15:09:48'),
(1714,'jl11','127.0.0.1','内网IP','Chrome 8','Windows 10','0','登录成功','2022-04-16 15:09:56'),
(1715,'jl11','127.0.0.1','内网IP','Chrome 8','Windows 10','0','退出成功','2022-04-16 15:10:12'),
(1716,'admin','127.0.0.1','内网IP','Chrome 8','Windows 10','0','登录成功','2022-04-16 16:29:45'),
(1717,'admin','127.0.0.1','内网IP','Chrome 8','Windows 10','0','退出成功','2022-04-16 16:31:41'),
(1718,'cj11','127.0.0.1','内网IP','Chrome 8','Windows 10','1','密码输入错误1次','2022-04-16 16:37:20'),
(1719,'cj11','127.0.0.1','内网IP','Chrome 8','Windows 10','0','登录成功','2022-04-16 16:37:27'),
(1720,'cj11','127.0.0.1','内网IP','Chrome 8','Windows 10','0','退出成功','2022-04-16 16:41:01'),
(1721,'jl11','127.0.0.1','内网IP','Chrome 8','Windows 10','1','密码输入错误1次','2022-04-16 16:41:07'),
(1722,'jl11','127.0.0.1','内网IP','Chrome 8','Windows 10','0','登录成功','2022-04-16 16:41:09'),
(1723,'jl11','127.0.0.1','内网IP','Chrome 8','Windows 10','0','退出成功','2022-04-16 16:42:01'),
(1724,'admin','127.0.0.1','内网IP','Chrome 8','Mac OS X','0','登录成功','2022-04-16 23:38:32'),
(1725,'admin','127.0.0.1','内网IP','Chrome 8','Mac OS X','0','退出成功','2022-04-16 23:41:38'),
(1726,'cj11','127.0.0.1','内网IP','Chrome 8','Mac OS X','0','登录成功','2022-04-16 23:41:43'),
(1727,'cj11','127.0.0.1','内网IP','Chrome 8','Mac OS X','0','登录成功','2022-04-16 23:45:50'),
(1728,'cj11','127.0.0.1','内网IP','Chrome 8','Mac OS X','0','退出成功','2022-04-16 23:48:43'),
(1729,'jl12','127.0.0.1','内网IP','Chrome 8','Mac OS X','0','登录成功','2022-04-16 23:48:50'),
(1730,'admin','127.0.0.1','内网IP','Chrome 8','Mac OS X','0','登录成功','2022-04-17 09:36:26'),
(1731,'admin','127.0.0.1','内网IP','Chrome 8','Mac OS X','0','退出成功','2022-04-17 09:44:21'),
(1732,'cj11','127.0.0.1','内网IP','Chrome 8','Mac OS X','0','登录成功','2022-04-17 09:44:28'),
(1733,'cj11','127.0.0.1','内网IP','Chrome 8','Mac OS X','0','退出成功','2022-04-17 09:47:26'),
(1734,'cj11','127.0.0.1','内网IP','Chrome 8','Mac OS X','0','登录成功','2022-04-17 09:48:30'),
(1735,'cj11','127.0.0.1','内网IP','Chrome 8','Mac OS X','0','登录成功','2022-04-17 09:51:23'),
(1736,'cj11','127.0.0.1','内网IP','Chrome 8','Mac OS X','0','登录成功','2022-04-17 10:15:53'),
(1737,'admin','127.0.0.1','内网IP','Chrome 8','Mac OS X','0','登录成功','2022-04-17 11:26:29'),
(1738,'admin','127.0.0.1','内网IP','Chrome 8','Mac OS X','0','退出成功','2022-04-17 11:28:09'),
(1739,'js11','127.0.0.1','内网IP','Chrome 8','Mac OS X','0','登录成功','2022-04-17 11:28:27'),
(1740,'js11','127.0.0.1','内网IP','Chrome 8','Mac OS X','0','退出成功','2022-04-17 11:29:54'),
(1741,'jl11','127.0.0.1','内网IP','Chrome 8','Mac OS X','0','登录成功','2022-04-17 11:30:00'),
(1742,'jl11','127.0.0.1','内网IP','Chrome 8','Mac OS X','0','退出成功','2022-04-17 11:30:22'),
(1743,'cj11','127.0.0.1','内网IP','Chrome 8','Mac OS X','0','登录成功','2022-04-17 11:30:27'),
(1744,'cj11','127.0.0.1','内网IP','Chrome 8','Mac OS X','0','退出成功','2022-04-17 11:31:04'),
(1745,'admin','127.0.0.1','内网IP','Chrome 8','Mac OS X','0','登录成功','2022-04-17 11:36:40'),
(1746,'admin','127.0.0.1','内网IP','Chrome 8','Mac OS X','0','退出成功','2022-04-17 11:40:06'),
(1747,'cj11','127.0.0.1','内网IP','Chrome 8','Mac OS X','0','登录成功','2022-04-17 11:40:16'),
(1748,'cj11','127.0.0.1','内网IP','Chrome 8','Mac OS X','0','退出成功','2022-04-17 11:47:58'),
(1749,'cj12','127.0.0.1','内网IP','Chrome 8','Mac OS X','1','密码输入错误1次','2022-04-17 11:48:03'),
(1750,'cj12','127.0.0.1','内网IP','Chrome 8','Mac OS X','1','密码输入错误2次','2022-04-17 11:48:08'),
(1751,'jl11','127.0.0.1','内网IP','Chrome 8','Mac OS X','0','登录成功','2022-04-17 11:48:18'),
(1752,'jl11','127.0.0.1','内网IP','Chrome 8','Mac OS X','0','登录成功','2022-04-17 11:49:29'),
(1753,'admin','127.0.0.1','内网IP','Chrome 8','Mac OS X','0','登录成功','2022-04-17 12:27:11'),
(1754,'admin','127.0.0.1','内网IP','Chrome 8','Mac OS X','0','退出成功','2022-04-17 12:31:52'),
(1755,'cj11','127.0.0.1','内网IP','Chrome 8','Mac OS X','0','登录成功','2022-04-17 12:31:58'),
(1756,'cj11','127.0.0.1','内网IP','Chrome 8','Mac OS X','0','退出成功','2022-04-17 12:32:30'),
(1757,'cj11','127.0.0.1','内网IP','Chrome 8','Mac OS X','0','登录成功','2022-04-17 12:34:21'),
(1758,'cj11','127.0.0.1','内网IP','Chrome 8','Mac OS X','0','退出成功','2022-04-17 12:41:44'),
(1759,'jl11','127.0.0.1','内网IP','Chrome 8','Mac OS X','0','登录成功','2022-04-17 12:41:51'),
(1760,'jl11','127.0.0.1','内网IP','Chrome 8','Mac OS X','0','退出成功','2022-04-17 12:42:43'),
(1761,'admin','127.0.0.1','内网IP','Chrome 8','Mac OS X','0','登录成功','2022-04-17 13:56:28'),
(1762,'admin','127.0.0.1','内网IP','Chrome 8','Mac OS X','0','退出成功','2022-04-17 14:00:59'),
(1763,'cj11','127.0.0.1','内网IP','Chrome 8','Mac OS X','0','登录成功','2022-04-17 14:01:06'),
(1764,'cj11','127.0.0.1','内网IP','Chrome 8','Mac OS X','0','退出成功','2022-04-17 14:03:48'),
(1765,'jl11','127.0.0.1','内网IP','Chrome 8','Mac OS X','0','登录成功','2022-04-17 14:03:54'),
(1766,'admin','127.0.0.1','内网IP','Chrome 8','Windows 10','0','登录成功','2022-04-17 17:18:43'),
(1767,'admin','127.0.0.1','内网IP','Chrome 8','Windows 10','0','退出成功','2022-04-17 17:23:28'),
(1768,'cj11','127.0.0.1','内网IP','Chrome 8','Windows 10','0','登录成功','2022-04-17 17:23:32'),
(1769,'cj11','127.0.0.1','内网IP','Chrome 8','Windows 10','0','登录成功','2022-04-17 17:25:11'),
(1770,'cj11','127.0.0.1','内网IP','Chrome 8','Windows 10','0','退出成功','2022-04-17 17:25:47'),
(1771,'jl11','127.0.0.1','内网IP','Chrome 8','Windows 10','0','登录成功','2022-04-17 17:25:55'),
(1772,'jl11','127.0.0.1','内网IP','Chrome 8','Windows 10','0','退出成功','2022-04-17 17:26:52'),
(1773,'admin','127.0.0.1','内网IP','Chrome 8','Windows 10','0','登录成功','2022-04-17 17:26:56'),
(1774,'admin','127.0.0.1','内网IP','Chrome 8','Windows 10','0','退出成功','2022-04-17 17:28:16'),
(1775,'jl11','127.0.0.1','内网IP','Chrome 8','Windows 10','0','登录成功','2022-04-17 17:28:21'),
(1776,'admin','127.0.0.1','内网IP','Chrome 8','Windows 10','0','登录成功','2022-04-17 18:29:57'),
(1777,'admin','127.0.0.1','内网IP','Chrome 8','Windows 10','0','退出成功','2022-04-17 18:33:12'),
(1778,'cj11','127.0.0.1','内网IP','Chrome 8','Windows 10','0','登录成功','2022-04-17 18:33:18'),
(1779,'cj11','127.0.0.1','内网IP','Chrome 8','Windows 10','0','登录成功','2022-04-17 18:36:27'),
(1780,'cj11','127.0.0.1','内网IP','Chrome 8','Windows 10','0','退出成功','2022-04-17 18:37:55'),
(1781,'jl11','127.0.0.1','内网IP','Chrome 8','Windows 10','0','登录成功','2022-04-17 18:38:10'),
(1782,'jl11','127.0.0.1','内网IP','Chrome 8','Windows 10','0','退出成功','2022-04-17 18:41:41'),
(1783,'admin','127.0.0.1','内网IP','Chrome 8','Windows 10','0','登录成功','2022-04-17 18:41:48'),
(1784,'admin','127.0.0.1','内网IP','Chrome 8','Windows 10','0','退出成功','2022-04-17 18:43:59'),
(1785,'jl11','127.0.0.1','内网IP','Chrome 8','Windows 10','0','登录成功','2022-04-17 18:44:06'),
(1786,'jl11','127.0.0.1','内网IP','Chrome 8','Windows 10','0','退出成功','2022-04-17 18:44:35'),
(1787,'admin','127.0.0.1','内网IP','Chrome 8','Windows 10','0','登录成功','2022-04-18 01:43:36'),
(1788,'admin','127.0.0.1','内网IP','Chrome 8','Windows 10','0','退出成功','2022-04-18 01:48:32'),
(1789,'cj11','127.0.0.1','内网IP','Chrome 8','Windows 10','0','登录成功','2022-04-18 01:48:53'),
(1790,'cj11','127.0.0.1','内网IP','Chrome 8','Windows 10','0','退出成功','2022-04-18 01:49:26'),
(1791,'jl11','127.0.0.1','内网IP','Chrome 8','Windows 10','0','登录成功','2022-04-18 01:49:32'),
(1792,'jl11','127.0.0.1','内网IP','Chrome 8','Windows 10','0','退出成功','2022-04-18 01:49:56'),
(1793,'cj11','127.0.0.1','内网IP','Chrome 8','Windows 10','0','登录成功','2022-04-18 01:50:01'),
(1794,'jl11','127.0.0.1','内网IP','Chrome 8','Windows 10','0','登录成功','2022-04-18 01:53:34'),
(1795,'admin','127.0.0.1','内网IP','Chrome 8','Windows 10','0','登录成功','2022-04-18 14:30:54'),
(1796,'admin','127.0.0.1','内网IP','Chrome 8','Windows 10','0','退出成功','2022-04-18 14:32:59'),
(1797,'jl11','127.0.0.1','内网IP','Chrome 8','Windows 10','0','登录成功','2022-04-18 14:33:07'),
(1798,'jl11','127.0.0.1','内网IP','Chrome 8','Windows 10','0','登录成功','2022-04-18 14:34:14'),
(1799,'jl11','127.0.0.1','内网IP','Chrome 8','Windows 10','0','登录成功','2022-04-18 14:35:50'),
(1800,'jl11','127.0.0.1','内网IP','Chrome 8','Windows 10','0','登录成功','2022-04-18 14:38:42'),
(1801,'jl11','127.0.0.1','内网IP','Chrome 8','Windows 10','0','退出成功','2022-04-18 14:39:04'),
(1802,'js11','127.0.0.1','内网IP','Chrome 8','Windows 10','0','登录成功','2022-04-18 14:39:10'),
(1803,'admin','127.0.0.1','内网IP','Chrome 8','Windows 10','1','密码输入错误1次','2022-04-18 15:05:18'),
(1804,'admin','127.0.0.1','内网IP','Chrome 8','Windows 10','0','登录成功','2022-04-18 15:05:22'),
(1805,'admin','127.0.0.1','内网IP','Chrome 8','Windows 10','0','退出成功','2022-04-18 15:07:29'),
(1806,'jl11','127.0.0.1','内网IP','Chrome 8','Windows 10','0','登录成功','2022-04-18 15:07:34'),
(1807,'jl11','127.0.0.1','内网IP','Chrome 8','Windows 10','0','退出成功','2022-04-18 15:08:09'),
(1808,'js11','127.0.0.1','内网IP','Chrome 8','Windows 10','0','登录成功','2022-04-18 15:08:15'),
(1809,'admin','127.0.0.1','内网IP','Chrome 8','Windows 10','0','登录成功','2022-04-18 15:21:24'),
(1810,'admin','127.0.0.1','内网IP','Chrome 8','Windows 10','0','退出成功','2022-04-18 15:24:36'),
(1811,'cj11','127.0.0.1','内网IP','Chrome 8','Windows 10','0','登录成功','2022-04-18 15:24:41'),
(1812,'cj11','127.0.0.1','内网IP','Chrome 8','Windows 10','0','退出成功','2022-04-18 15:25:13'),
(1813,'js11','127.0.0.1','内网IP','Chrome 8','Windows 10','1','密码输入错误1次','2022-04-18 15:25:19'),
(1814,'js11','127.0.0.1','内网IP','Chrome 8','Windows 10','0','登录成功','2022-04-18 15:25:22'),
(1815,'admin','127.0.0.1','内网IP','Chrome 8','Windows 10','0','登录成功','2022-04-18 15:52:13'),
(1816,'admin','127.0.0.1','内网IP','Chrome 8','Windows 10','0','退出成功','2022-04-18 15:58:12'),
(1817,'cj11','127.0.0.1','内网IP','Chrome 8','Windows 10','0','登录成功','2022-04-18 15:58:17'),
(1818,'cj11','127.0.0.1','内网IP','Chrome 8','Windows 10','0','登录成功','2022-04-18 15:59:36'),
(1819,'cj11','127.0.0.1','内网IP','Chrome 8','Windows 10','0','登录成功','2022-04-18 16:03:01'),
(1820,'cj11','127.0.0.1','内网IP','Chrome 8','Windows 10','0','登录成功','2022-04-18 16:04:26'),
(1821,'cj11','127.0.0.1','内网IP','Chrome 8','Windows 10','0','退出成功','2022-04-18 16:04:56'),
(1822,'jl11','127.0.0.1','内网IP','Chrome 8','Windows 10','0','登录成功','2022-04-18 16:05:01'),
(1823,'admin','127.0.0.1','内网IP','Chrome 8','Windows 10','0','登录成功','2022-04-18 16:17:44'),
(1824,'admin','127.0.0.1','内网IP','Chrome 8','Windows 10','0','退出成功','2022-04-18 16:20:53'),
(1825,'cj11','127.0.0.1','内网IP','Chrome 8','Windows 10','0','登录成功','2022-04-18 16:20:58'),
(1826,'cj11','127.0.0.1','内网IP','Chrome 8','Windows 10','0','退出成功','2022-04-18 16:21:30'),
(1827,'cj11','127.0.0.1','内网IP','Chrome 8','Windows 10','0','登录成功','2022-04-18 16:21:34'),
(1828,'cj11','127.0.0.1','内网IP','Chrome 8','Windows 10','0','退出成功','2022-04-18 16:21:47'),
(1829,'jl11','127.0.0.1','内网IP','Chrome 8','Windows 10','0','登录成功','2022-04-18 16:21:51'),
(1830,'admin','127.0.0.1','内网IP','Chrome 8','Windows 10','0','登录成功','2022-04-26 20:23:21'),
(1831,'admin','127.0.0.1','内网IP','Chrome 9','Mac OS X','1','密码输入错误1次','2022-10-24 11:48:24'),
(1832,'admin','127.0.0.1','内网IP','Chrome 9','Mac OS X','0','登录成功','2022-10-24 11:48:29'),
(1833,'admin','127.0.0.1','内网IP','Chrome 9','Windows 10','1','密码输入错误1次','2022-10-24 14:19:27'),
(1834,'admin','127.0.0.1','内网IP','Chrome 9','Windows 10','1','密码输入错误2次','2022-10-24 14:19:30'),
(1835,'admin','127.0.0.1','内网IP','Chrome 9','Windows 10','1','密码输入错误3次','2022-10-24 14:19:35'),
(1836,'admin','127.0.0.1','内网IP','Chrome 9','Windows 10','0','登录成功','2022-10-24 14:19:37'),
(1837,'admin','127.0.0.1','内网IP','Chrome 9','Windows 10','0','登录成功','2022-10-24 15:28:19'),
(1838,'admin','127.0.0.1','内网IP','Chrome 9','Windows 10','0','登录成功','2022-10-24 15:30:03'),
(1839,'admin','127.0.0.1','内网IP','Chrome 9','Windows 10','0','退出成功','2022-10-24 15:52:08'),
(1840,'admin','127.0.0.1','内网IP','Chrome 9','Windows 10','0','登录成功','2022-10-24 16:58:14'),
(1841,'admin','127.0.0.1','内网IP','Chrome 9','Windows 10','0','登录成功','2022-10-24 17:04:18'),
(1842,'admin','127.0.0.1','内网IP','Chrome 9','Windows 10','0','登录成功','2022-10-24 17:05:34'),
(1843,'admin','127.0.0.1','内网IP','Chrome 9','Windows 10','0','登录成功','2022-10-26 23:14:42'),
(1844,'admin','127.0.0.1','内网IP','Chrome 9','Windows 10','0','登录成功','2022-10-26 23:18:31'),
(1845,'admin','127.0.0.1','内网IP','Chrome 9','Windows 10','0','登录成功','2022-10-26 23:24:30'),
(1846,'admin','127.0.0.1','内网IP','Chrome 9','Windows 10','0','登录成功','2022-10-27 21:52:35'),
(1847,'admin','127.0.0.1','内网IP','Chrome 9','Windows 10','0','登录成功','2022-10-27 22:14:41'),
(1848,'admin','127.0.0.1','内网IP','Chrome 9','Windows 10','0','登录成功','2022-10-27 22:16:13'),
(1849,'admin','127.0.0.1','内网IP','Chrome 9','Windows 10','0','登录成功','2022-10-27 22:18:31'),
(1850,'admin','127.0.0.1','内网IP','Chrome 9','Windows 10','0','登录成功','2022-10-27 22:27:34'),
(1851,'admin','127.0.0.1','内网IP','Chrome 9','Windows 10','0','登录成功','2022-10-27 22:32:38'),
(1852,'admin','127.0.0.1','内网IP','Chrome 9','Windows 10','0','登录成功','2022-10-29 22:28:55'),
(1853,'admin','127.0.0.1','内网IP','Chrome 9','Windows 10','0','登录成功','2022-10-29 22:30:07'),
(1854,'admin','127.0.0.1','内网IP','Chrome 9','Windows 10','0','登录成功','2022-10-29 23:15:33'),
(1855,'admin','127.0.0.1','内网IP','Chrome 9','Windows 10','0','登录成功','2022-10-30 10:49:47'),
(1856,'admin','127.0.0.1','内网IP','Chrome 9','Windows 10','0','登录成功','2022-10-30 11:26:14'),
(1857,'admin','127.0.0.1','内网IP','Chrome 9','Windows 10','0','登录成功','2022-10-30 11:35:05'),
(1858,'admin','127.0.0.1','内网IP','Chrome 9','Windows 10','0','登录成功','2022-10-30 11:49:35'),
(1859,'admin','127.0.0.1','内网IP','Chrome 9','Windows 10','0','登录成功','2022-10-30 11:51:52'),
(1860,'admin','127.0.0.1','内网IP','Chrome 9','Windows 10','0','登录成功','2022-10-30 12:25:48'),
(1861,'admin','127.0.0.1','内网IP','Chrome 9','Windows 10','0','登录成功','2022-10-30 12:32:26'),
(1862,'admin','127.0.0.1','内网IP','Chrome 9','Windows 10','0','登录成功','2022-10-30 12:49:42'),
(1863,'admin','127.0.0.1','内网IP','Chrome 9','Windows 10','0','登录成功','2022-10-30 12:58:02'),
(1864,'admin','127.0.0.1','内网IP','Chrome 9','Windows 10','0','登录成功','2022-10-30 14:19:03'),
(1865,'admin','127.0.0.1','内网IP','Chrome 9','Windows 10','0','登录成功','2022-10-30 14:22:31'),
(1866,'admin','127.0.0.1','内网IP','Chrome 9','Windows 10','0','登录成功','2022-10-30 14:25:23'),
(1867,'admin','127.0.0.1','内网IP','Chrome 9','Windows 10','0','登录成功','2022-10-30 14:27:19'),
(1868,'admin','127.0.0.1','内网IP','Chrome 9','Windows 10','0','登录成功','2022-10-30 14:29:49'),
(1869,'admin','127.0.0.1','内网IP','Chrome 9','Windows 10','0','登录成功','2022-10-30 14:46:58'),
(1870,'admin','127.0.0.1','内网IP','Chrome 9','Windows 10','0','登录成功','2022-10-30 23:19:24'),
(1871,'admin','127.0.0.1','内网IP','Chrome 9','Windows 10','0','登录成功','2022-10-30 23:21:09'),
(1872,'admin','127.0.0.1','内网IP','Chrome 9','Windows 10','0','登录成功','2022-10-30 23:21:12'),
(1873,'admin','127.0.0.1','内网IP','Chrome 9','Windows 10','0','登录成功','2022-10-30 23:33:47'),
(1874,'admin','127.0.0.1','内网IP','Chrome 9','Windows 10','0','登录成功','2022-10-31 00:02:04'),
(1875,'admin','127.0.0.1','内网IP','Chrome 9','Windows 10','0','登录成功','2022-10-31 00:05:05'),
(1876,'admin','127.0.0.1','内网IP','Chrome 9','Windows 10','0','登录成功','2022-10-31 00:10:46'),
(1877,'admin','127.0.0.1','内网IP','Chrome 9','Windows 10','0','登录成功','2022-10-31 00:48:52'),
(1878,'admin','127.0.0.1','内网IP','Chrome 9','Windows 10','0','登录成功','2022-10-31 00:54:38'),
(1879,'admin','127.0.0.1','内网IP','Chrome 9','Windows 10','0','登录成功','2022-10-31 00:58:43'),
(1880,'admin','127.0.0.1','内网IP','Chrome 9','Windows 10','0','登录成功','2022-10-31 01:01:23'),
(1881,'admin','127.0.0.1','内网IP','Chrome 9','Windows 10','0','登录成功','2022-10-31 01:05:29'),
(1882,'admin','127.0.0.1','内网IP','Chrome 9','Windows 10','0','退出成功','2022-10-31 01:16:22'),
(1883,'zhangsan','127.0.0.1','内网IP','Chrome 9','Windows 10','0','登录成功','2022-10-31 01:16:27'),
(1884,'admin','127.0.0.1','内网IP','Chrome 9','Windows 10','0','登录成功','2022-10-31 01:19:54'),
(1885,'admin','127.0.0.1','内网IP','Chrome 9','Windows 10','0','退出成功','2022-10-31 01:20:00'),
(1886,'lisi','127.0.0.1','内网IP','Chrome 9','Windows 10','1','密码输入错误1次','2022-10-31 01:20:05'),
(1887,'zhangsan','127.0.0.1','内网IP','Chrome 9','Windows 10','0','登录成功','2022-10-31 01:20:11'),
(1888,'admin','127.0.0.1','内网IP','Chrome 9','Windows 10','0','登录成功','2022-10-31 12:02:29'),
(1889,'admin','127.0.0.1','内网IP','Chrome 9','Windows 10','0','登录成功','2022-10-31 12:03:39'),
(1890,'admin','127.0.0.1','内网IP','Chrome 9','Windows 10','0','登录成功','2022-10-31 12:05:45'),
(1891,'admin','127.0.0.1','内网IP','Chrome 9','Windows 10','0','登录成功','2022-10-31 12:23:45'),
(1892,'admin','127.0.0.1','内网IP','Chrome 9','Windows 10','0','登录成功','2022-10-31 12:28:04'),
(1893,'admin','127.0.0.1','内网IP','Chrome 9','Windows 10','0','登录成功','2022-10-31 12:29:44'),
(1894,'admin','127.0.0.1','内网IP','Chrome 9','Windows 10','0','登录成功','2022-10-31 12:51:28'),
(1895,'admin','127.0.0.1','内网IP','Chrome 9','Windows 10','0','退出成功','2022-10-31 12:52:48'),
(1896,'zhangsan','127.0.0.1','内网IP','Chrome 9','Windows 10','0','登录成功','2022-10-31 12:52:54'),
(1897,'zhangsan','127.0.0.1','内网IP','Chrome 9','Windows 10','0','退出成功','2022-10-31 12:54:02'),
(1898,'admin','127.0.0.1','内网IP','Chrome 9','Windows 10','0','登录成功','2022-10-31 12:54:04'),
(1899,'admin','127.0.0.1','内网IP','Chrome 9','Windows 10','0','退出成功','2022-10-31 12:54:16'),
(1900,'zhangsan','127.0.0.1','内网IP','Chrome 9','Windows 10','0','登录成功','2022-10-31 12:54:24'),
(1901,'zhangsan','127.0.0.1','内网IP','Chrome 9','Windows 10','0','退出成功','2022-10-31 12:54:48'),
(1902,'admin','127.0.0.1','内网IP','Chrome 9','Windows 10','0','登录成功','2022-10-31 12:54:49'),
(1903,'admin','127.0.0.1','内网IP','Chrome 9','Windows 10','0','登录成功','2022-10-31 12:57:06'),
(1904,'admin','127.0.0.1','内网IP','Chrome 9','Windows 10','0','退出成功','2022-10-31 12:57:55'),
(1905,'zhangsan','127.0.0.1','内网IP','Chrome 9','Windows 10','0','登录成功','2022-10-31 12:57:59'),
(1906,'zhangsan','127.0.0.1','内网IP','Chrome 9','Windows 10','0','退出成功','2022-10-31 12:58:09'),
(1907,'admin','127.0.0.1','内网IP','Chrome 9','Windows 10','0','登录成功','2022-10-31 12:58:10'),
(1908,'admin','127.0.0.1','内网IP','Chrome 9','Windows 10','0','登录成功','2022-10-31 13:14:56');

/*Table structure for table `sys_menu` */

DROP TABLE IF EXISTS `sys_menu`;

CREATE TABLE `sys_menu` (
  `menu_id` bigint NOT NULL AUTO_INCREMENT COMMENT '菜单ID',
  `menu_name` varchar(50) CHARACTER SET utf8 COLLATE utf8_general_ci NOT NULL COMMENT '菜单名称',
  `parent_id` bigint DEFAULT '0' COMMENT '父菜单ID',
  `order_num` int DEFAULT '0' COMMENT '显示顺序',
  `url` varchar(200) CHARACTER SET utf8 COLLATE utf8_general_ci DEFAULT '#' COMMENT '请求地址',
  `menu_top_id` bigint DEFAULT NULL,
  `target` varchar(20) CHARACTER SET utf8 COLLATE utf8_general_ci DEFAULT '' COMMENT '打开方式（menuItem页签 menuBlank新窗口）',
  `menu_type` char(1) CHARACTER SET utf8 COLLATE utf8_general_ci DEFAULT '' COMMENT '菜单类型（M目录 C菜单 F按钮）',
  `visible` char(1) CHARACTER SET utf8 COLLATE utf8_general_ci DEFAULT '0' COMMENT '菜单状态（0显示 1隐藏）',
  `perms` varchar(100) CHARACTER SET utf8 COLLATE utf8_general_ci DEFAULT NULL COMMENT '权限标识',
  `icon` varchar(100) CHARACTER SET utf8 COLLATE utf8_general_ci DEFAULT '#' COMMENT '菜单图标',
  `create_by` varchar(64) CHARACTER SET utf8 COLLATE utf8_general_ci DEFAULT '' COMMENT '创建者',
  `create_time` datetime DEFAULT NULL COMMENT '创建时间',
  `update_by` varchar(64) CHARACTER SET utf8 COLLATE utf8_general_ci DEFAULT '' COMMENT '更新者',
  `update_time` datetime DEFAULT NULL COMMENT '更新时间',
  `remark` varchar(500) CHARACTER SET utf8 COLLATE utf8_general_ci DEFAULT '' COMMENT '备注',
  `delete_by` varchar(64) CHARACTER SET utf8 COLLATE utf8_general_ci DEFAULT NULL,
  `delete_time` datetime DEFAULT NULL,
  `delete_flag` tinyint DEFAULT '0',
  PRIMARY KEY (`menu_id`) USING BTREE
) ENGINE=InnoDB AUTO_INCREMENT=2310 DEFAULT CHARSET=utf8mb3 COMMENT='菜单权限表';

/*Data for the table `sys_menu` */

insert  into `sys_menu`(`menu_id`,`menu_name`,`parent_id`,`order_num`,`url`,`menu_top_id`,`target`,`menu_type`,`visible`,`perms`,`icon`,`create_by`,`create_time`,`update_by`,`update_time`,`remark`,`delete_by`,`delete_time`,`delete_flag`) values 
(1,'系统管理',0,40,'#',1,'menuItem','M','0','','fa fa-bars','admin','2018-03-16 11:33:00','demo','2019-12-31 14:13:09','系统管理目录',NULL,NULL,0),
(2,'系统监控',0,30,'#',1,'menuItem','M','0','','fa fa-video-camera','admin','2018-03-16 11:33:00','admin','2019-08-11 16:21:09','系统监控目录',NULL,NULL,0),
(100,'用户管理',1,120,'/system/user',3,'menuItem','C','0','system:user:view','#','admin','2018-03-16 11:33:00','admin','2022-04-12 16:54:35','用户管理菜单',NULL,NULL,0),
(101,'角色管理',1,110,'/system/role',NULL,'menuItem','C','0','system:role:view','#','admin','2018-03-16 11:33:00','admin','2019-08-11 16:21:49','角色管理菜单',NULL,NULL,0),
(102,'菜单管理',1,100,'/system/menu',NULL,'menuItem','C','0','system:menu:view','#','admin','2018-03-16 11:33:00','admin','2019-08-11 16:22:41','菜单管理菜单',NULL,NULL,0),
(103,'部门管理',1,90,'/system/dept',NULL,'menuItem','C','0','system:dept:view','#','admin','2018-03-16 11:33:00','admin','2019-08-11 16:22:50','部门管理菜单',NULL,NULL,0),
(104,'岗位管理',1,80,'/system/post',NULL,'menuItem','C','0','system:post:view','#','admin','2018-03-16 11:33:00','admin','2019-08-11 16:23:00','岗位管理菜单',NULL,NULL,0),
(105,'字典管理',1,70,'/system/dict',NULL,'menuItem','C','0','system:dict:view','#','admin','2018-03-16 11:33:00','admin','2019-08-11 16:23:07','字典管理菜单',NULL,NULL,0),
(106,'参数设置',1,60,'/system/config',NULL,'menuItem','C','0','system:config:view','#','admin','2018-03-16 11:33:00','admin','2019-08-11 16:23:14','参数设置菜单',NULL,NULL,0),
(108,'日志管理',2,50,'#',1,'menuItem','M','0','','#','admin','2018-03-16 11:33:00','demo','2019-11-13 16:15:57','日志管理菜单',NULL,NULL,0),
(109,'在线用户',2,30,'/monitor/online',NULL,'menuItem','C','0','monitor:online:view','#','admin','2018-03-16 11:33:00','admin','2019-08-11 16:24:31','在线用户菜单',NULL,NULL,0),
(111,'数据监控',2,10,'/monitor/data',NULL,'menuItem','C','0','monitor:data:view','#','admin','2018-03-16 11:33:00','admin','2019-08-11 16:24:04','数据监控菜单',NULL,NULL,0),
(500,'操作日志',108,1,'/monitor/operlog',NULL,'','C','0','monitor:operlog:view','#','admin','2018-03-16 11:33:00','admin','2018-03-16 11:33:00','操作日志菜单',NULL,NULL,0),
(501,'登录日志',108,2,'/monitor/logininfor',NULL,'','C','0','monitor:logininfor:view','#','admin','2018-03-16 11:33:00','admin','2018-03-16 11:33:00','登录日志菜单',NULL,NULL,0),
(1000,'用户查询',100,1,'#',NULL,'','F','0','system:user:list','#','admin','2018-03-16 11:33:00','admin','2018-03-16 11:33:00','',NULL,NULL,0),
(1001,'用户新增',100,2,'#',NULL,'','F','0','system:user:add','#','admin','2018-03-16 11:33:00','admin','2018-03-16 11:33:00','',NULL,NULL,0),
(1002,'用户修改',100,3,'#',NULL,'','F','0','system:user:edit','#','admin','2018-03-16 11:33:00','admin','2018-03-16 11:33:00','',NULL,NULL,0),
(1003,'用户删除',100,4,'#',NULL,'','F','0','system:user:remove','#','admin','2018-03-16 11:33:00','admin','2018-03-16 11:33:00','',NULL,NULL,0),
(1004,'用户导出',100,5,'#',NULL,'','F','0','system:user:export','#','admin','2018-03-16 11:33:00','admin','2018-03-16 11:33:00','',NULL,NULL,0),
(1005,'用户导入',100,6,'#',NULL,'','F','0','system:user:import','#','admin','2018-03-16 11:33:00','admin','2018-03-16 11:33:00','',NULL,NULL,0),
(1006,'重置密码',100,7,'#',NULL,'','F','0','system:user:resetPwd','#','admin','2018-03-16 11:33:00','admin','2018-03-16 11:33:00','',NULL,NULL,0),
(1007,'角色查询',101,1,'#',NULL,'','F','0','system:role:list','#','admin','2018-03-16 11:33:00','admin','2018-03-16 11:33:00','',NULL,NULL,0),
(1008,'角色新增',101,2,'#',NULL,'','F','0','system:role:add','#','admin','2018-03-16 11:33:00','admin','2018-03-16 11:33:00','',NULL,NULL,0),
(1009,'角色修改',101,3,'#',NULL,'','F','0','system:role:edit','#','admin','2018-03-16 11:33:00','admin','2018-03-16 11:33:00','',NULL,NULL,0),
(1010,'角色删除',101,4,'#',NULL,'','F','0','system:role:remove','#','admin','2018-03-16 11:33:00','admin','2018-03-16 11:33:00','',NULL,NULL,0),
(1011,'角色导出',101,5,'#',NULL,'','F','0','system:role:export','#','admin','2018-03-16 11:33:00','admin','2018-03-16 11:33:00','',NULL,NULL,0),
(1012,'菜单查询',102,1,'#',NULL,'','F','0','system:menu:list','#','admin','2018-03-16 11:33:00','admin','2018-03-16 11:33:00','',NULL,NULL,0),
(1013,'菜单新增',102,2,'#',NULL,'','F','0','system:menu:add','#','admin','2018-03-16 11:33:00','admin','2018-03-16 11:33:00','',NULL,NULL,0),
(1014,'菜单修改',102,3,'#',NULL,'','F','0','system:menu:edit','#','admin','2018-03-16 11:33:00','admin','2018-03-16 11:33:00','',NULL,NULL,0),
(1015,'菜单删除',102,4,'#',NULL,'','F','0','system:menu:remove','#','admin','2018-03-16 11:33:00','admin','2018-03-16 11:33:00','',NULL,NULL,0),
(1016,'部门查询',103,1,'#',NULL,'','F','0','system:dept:list','#','admin','2018-03-16 11:33:00','admin','2018-03-16 11:33:00','',NULL,NULL,0),
(1017,'部门新增',103,2,'#',NULL,'','F','0','system:dept:add','#','admin','2018-03-16 11:33:00','admin','2018-03-16 11:33:00','',NULL,NULL,0),
(1018,'部门修改',103,3,'#',NULL,'','F','0','system:dept:edit','#','admin','2018-03-16 11:33:00','admin','2018-03-16 11:33:00','',NULL,NULL,0),
(1019,'部门删除',103,4,'#',NULL,'','F','0','system:dept:remove','#','admin','2018-03-16 11:33:00','admin','2018-03-16 11:33:00','',NULL,NULL,0),
(1020,'岗位查询',104,1,'#',NULL,'','F','0','system:post:list','#','admin','2018-03-16 11:33:00','admin','2018-03-16 11:33:00','',NULL,NULL,0),
(1021,'岗位新增',104,2,'#',NULL,'','F','0','system:post:add','#','admin','2018-03-16 11:33:00','admin','2018-03-16 11:33:00','',NULL,NULL,0),
(1022,'岗位修改',104,3,'#',NULL,'','F','0','system:post:edit','#','admin','2018-03-16 11:33:00','admin','2018-03-16 11:33:00','',NULL,NULL,0),
(1023,'岗位删除',104,4,'#',NULL,'','F','0','system:post:remove','#','admin','2018-03-16 11:33:00','admin','2018-03-16 11:33:00','',NULL,NULL,0),
(1024,'岗位导出',104,5,'#',NULL,'','F','0','system:post:export','#','admin','2018-03-16 11:33:00','admin','2018-03-16 11:33:00','',NULL,NULL,0),
(1025,'字典查询',105,1,'#',NULL,'','F','0','system:dict:list','#','admin','2018-03-16 11:33:00','admin','2018-03-16 11:33:00','',NULL,NULL,0),
(1026,'字典新增',105,2,'#',NULL,'','F','0','system:dict:add','#','admin','2018-03-16 11:33:00','admin','2018-03-16 11:33:00','',NULL,NULL,0),
(1027,'字典修改',105,3,'#',NULL,'','F','0','system:dict:edit','#','admin','2018-03-16 11:33:00','admin','2018-03-16 11:33:00','',NULL,NULL,0),
(1028,'字典删除',105,4,'#',NULL,'','F','0','system:dict:remove','#','admin','2018-03-16 11:33:00','admin','2018-03-16 11:33:00','',NULL,NULL,0),
(1029,'字典导出',105,5,'#',NULL,'','F','0','system:dict:export','#','admin','2018-03-16 11:33:00','admin','2018-03-16 11:33:00','',NULL,NULL,0),
(1030,'参数查询',106,1,'#',NULL,'','F','0','system:config:list','#','admin','2018-03-16 11:33:00','admin','2018-03-16 11:33:00','',NULL,NULL,0),
(1031,'参数新增',106,2,'#',NULL,'','F','0','system:config:add','#','admin','2018-03-16 11:33:00','admin','2018-03-16 11:33:00','',NULL,NULL,0),
(1032,'参数修改',106,3,'#',NULL,'','F','0','system:config:edit','#','admin','2018-03-16 11:33:00','admin','2018-03-16 11:33:00','',NULL,NULL,0),
(1033,'参数删除',106,4,'#',NULL,'','F','0','system:config:remove','#','admin','2018-03-16 11:33:00','admin','2018-03-16 11:33:00','',NULL,NULL,0),
(1034,'参数导出',106,5,'#',NULL,'','F','0','system:config:export','#','admin','2018-03-16 11:33:00','admin','2018-03-16 11:33:00','',NULL,NULL,0),
(1039,'操作查询',500,1,'#',NULL,'','F','0','monitor:operlog:list','#','admin','2018-03-16 11:33:00','admin','2018-03-16 11:33:00','',NULL,NULL,0),
(1040,'操作删除',500,2,'#',NULL,'','F','0','monitor:operlog:remove','#','admin','2018-03-16 11:33:00','admin','2018-03-16 11:33:00','',NULL,NULL,0),
(1041,'详细信息',500,3,'#',NULL,'','F','0','monitor:operlog:detail','#','admin','2018-03-16 11:33:00','admin','2018-03-16 11:33:00','',NULL,NULL,0),
(1042,'日志导出',500,4,'#',NULL,'','F','0','monitor:operlog:export','#','admin','2018-03-16 11:33:00','admin','2018-03-16 11:33:00','',NULL,NULL,0),
(1043,'登录查询',501,1,'#',NULL,'','F','0','monitor:logininfor:list','#','admin','2018-03-16 11:33:00','admin','2018-03-16 11:33:00','',NULL,NULL,0),
(1044,'登录删除',501,2,'#',NULL,'','F','0','monitor:logininfor:remove','#','admin','2018-03-16 11:33:00','admin','2018-03-16 11:33:00','',NULL,NULL,0),
(1045,'日志导出',501,3,'#',NULL,'','F','0','monitor:logininfor:export','#','admin','2018-03-16 11:33:00','admin','2018-03-16 11:33:00','',NULL,NULL,0),
(1046,'在线查询',109,1,'#',NULL,'','F','0','monitor:online:list','#','admin','2018-03-16 11:33:00','admin','2018-03-16 11:33:00','',NULL,NULL,0),
(1047,'批量强退',109,2,'#',NULL,'','F','0','monitor:online:batchForceLogout','#','admin','2018-03-16 11:33:00','admin','2018-03-16 11:33:00','',NULL,NULL,0),
(1048,'单条强退',109,3,'#',NULL,'','F','0','monitor:online:forceLogout','#','admin','2018-03-16 11:33:00','admin','2018-03-16 11:33:00','',NULL,NULL,0),
(2005,'项目配置',1,30,'/system/config/projectConfig',NULL,'menuItem','C','0','','#','admin','2019-08-07 23:29:26','admin','2019-08-11 16:23:48','',NULL,NULL,0),
(2287,'顶部菜单',1,105,'/system/menutop',NULL,'menuItem','C','0','system:menutop:view','#','admin','2019-12-31 10:39:33','admin','2019-12-31 11:13:39','',NULL,NULL,0),
(2288,'查看',2287,10,'#',NULL,'menuItem','F','0','system:menutop:list','#','admin','2019-12-31 11:13:58','',NULL,'',NULL,NULL,0),
(2289,'新增',2287,9,'#',NULL,'menuItem','F','0','system:menutop:add','#','admin','2019-12-31 11:14:27','',NULL,'',NULL,NULL,0),
(2290,'修改',2287,8,'#',NULL,'menuItem','F','0','system:menutop:edit','#','admin','2019-12-31 11:14:49','',NULL,'',NULL,NULL,0),
(2291,'删除',2287,7,'#',NULL,'menuItem','F','0','system:menutop:remove','#','admin','2019-12-31 11:15:14','',NULL,'',NULL,NULL,0),
(2292,'俱乐部管理',0,100,'#',2,'menuItem','M','0','','fa fa-file-word-o','admin','2022-10-24 15:32:00','admin','2022-10-29 23:15:54','',NULL,NULL,0),
(2293,'会员管理',2292,5,'/club/member',2,'menuItem','C','0','','#','admin','2022-10-24 15:32:19','admin','2022-10-31 01:06:10','',NULL,NULL,0),
(2294,'会员等级',2292,20,'/club/level',2,'menuItem','C','0',NULL,'#','admin','2022-10-24 16:58:45','',NULL,'',NULL,NULL,0),
(2295,'项目管理',2292,10,'/club/project',2,'menuItem','C','0',NULL,'#','admin','2022-10-27 21:53:00','',NULL,'',NULL,NULL,0),
(2296,'器械管理',2292,20,'/club/machine',2,'menuItem','C','0',NULL,'#','admin','2022-10-27 21:53:26','',NULL,'',NULL,NULL,0),
(2297,'教练管理',2292,30,'/club/coach',2,'menuItem','C','0',NULL,'#','admin','2022-10-29 22:35:21','',NULL,'',NULL,NULL,0),
(2298,'论坛管理',0,80,'#',2,'menuItem','M','0','','fa fa-circle-thin','admin','2022-10-29 23:16:26','admin','2022-10-29 23:16:34','',NULL,NULL,0),
(2299,'版块管理',2298,100,'/bbs/section',2,'menuItem','C','0',NULL,'#','admin','2022-10-29 23:16:56','',NULL,'',NULL,NULL,0),
(2300,'运动消费记录',2292,50,'/club/record',2,'menuItem','C','0',NULL,'#','admin','2022-10-30 23:21:39','',NULL,'',NULL,NULL,0),
(2301,'会员生日',2292,3,'/club/member/birth',2,'menuItem','C','0',NULL,'#','admin','2022-10-31 01:06:30','',NULL,'',NULL,NULL,0),
(2302,'新增',2300,10,'#',2,'menuItem','F','0','club:record:add','#','admin','2022-10-31 01:07:32','',NULL,'',NULL,NULL,0),
(2303,'修改',2300,9,'#',2,'menuItem','F','0','club:record:edit','#','admin','2022-10-31 01:08:16','',NULL,'',NULL,NULL,0),
(2304,'删除',2300,8,'#',2,'menuItem','F','0','club:record:delete','#','admin','2022-10-31 01:08:30','',NULL,'',NULL,NULL,0),
(2305,'详情新增',2300,6,'#',2,'menuItem','F','0','club:detail:add','#','admin','2022-10-31 01:08:48','',NULL,'',NULL,NULL,0),
(2306,'详情删除',2300,4,'#',2,'menuItem','F','0','club:detail:delete','#','admin','2022-10-31 01:09:08','',NULL,'',NULL,NULL,0),
(2307,'详情列表',2300,1,'#',2,'menuItem','F','0',NULL,'#','admin','2022-10-31 01:15:20','',NULL,'',NULL,NULL,0),
(2308,'余额提醒',2292,1,'/club/member/money',2,'menuItem','C','0',NULL,'#','admin','2022-10-31 12:24:32','',NULL,'',NULL,NULL,0),
(2309,'我的推荐项目',2292,49,'/club/project/recommend',2,'menuItem','C','0',NULL,'#','admin','2022-10-31 12:52:13','',NULL,'',NULL,NULL,0);

/*Table structure for table `sys_menu_top` */

DROP TABLE IF EXISTS `sys_menu_top`;

CREATE TABLE `sys_menu_top` (
  `menu_id` bigint NOT NULL AUTO_INCREMENT COMMENT '菜单ID',
  `menu_name` varchar(50) CHARACTER SET utf8 COLLATE utf8_general_ci NOT NULL COMMENT '菜单名称',
  `order_num` int DEFAULT '0' COMMENT '显示顺序',
  `target` varchar(20) CHARACTER SET utf8 COLLATE utf8_general_ci DEFAULT '' COMMENT '打开方式（menuItem页签 menuBlank新窗口）',
  `icon` varchar(100) CHARACTER SET utf8 COLLATE utf8_general_ci DEFAULT '#' COMMENT '菜单图标',
  `create_by` varchar(64) CHARACTER SET utf8 COLLATE utf8_general_ci DEFAULT '' COMMENT '创建者',
  `create_time` datetime DEFAULT NULL COMMENT '创建时间',
  `update_by` varchar(64) CHARACTER SET utf8 COLLATE utf8_general_ci DEFAULT '' COMMENT '更新者',
  `update_time` datetime DEFAULT NULL COMMENT '更新时间',
  `remark` varchar(500) CHARACTER SET utf8 COLLATE utf8_general_ci DEFAULT '' COMMENT '备注',
  `delete_by` varchar(64) CHARACTER SET utf8 COLLATE utf8_general_ci DEFAULT NULL,
  `delete_time` datetime DEFAULT NULL,
  `delete_flag` tinyint DEFAULT '0',
  PRIMARY KEY (`menu_id`) USING BTREE
) ENGINE=InnoDB AUTO_INCREMENT=3 DEFAULT CHARSET=utf8mb3 COMMENT='顶部菜单表';

/*Data for the table `sys_menu_top` */

insert  into `sys_menu_top`(`menu_id`,`menu_name`,`order_num`,`target`,`icon`,`create_by`,`create_time`,`update_by`,`update_time`,`remark`,`delete_by`,`delete_time`,`delete_flag`) values 
(1,'系统管理',10,'','fa fa-bars','',NULL,'demo','2019-12-31 14:13:22','',NULL,NULL,0),
(2,'俱乐部管理',100,'','fa fa-bar-chart','admin','2022-04-13 21:05:38','admin','2022-10-24 15:31:42','',NULL,NULL,0);

/*Table structure for table `sys_oper_log` */

DROP TABLE IF EXISTS `sys_oper_log`;

CREATE TABLE `sys_oper_log` (
  `oper_id` bigint NOT NULL AUTO_INCREMENT COMMENT '日志主键',
  `title` varchar(50) CHARACTER SET utf8 COLLATE utf8_general_ci DEFAULT '' COMMENT '模块标题',
  `business_type` int DEFAULT '0' COMMENT '业务类型（0其它 1新增 2修改 3删除）',
  `method` varchar(100) CHARACTER SET utf8 COLLATE utf8_general_ci DEFAULT '' COMMENT '方法名称',
  `operator_type` int DEFAULT '0' COMMENT '操作类别（0其它 1后台用户 2手机端用户）',
  `oper_name` varchar(50) CHARACTER SET utf8 COLLATE utf8_general_ci DEFAULT '' COMMENT '操作人员',
  `oper_user_id` bigint DEFAULT NULL COMMENT '操作人ID',
  `oper_user_type` int DEFAULT NULL COMMENT '用户类型',
  `dept_name` varchar(50) CHARACTER SET utf8 COLLATE utf8_general_ci DEFAULT '' COMMENT '部门名称',
  `oper_url` varchar(255) CHARACTER SET utf8 COLLATE utf8_general_ci DEFAULT '' COMMENT '请求URL',
  `oper_ip` varchar(50) CHARACTER SET utf8 COLLATE utf8_general_ci DEFAULT '' COMMENT '主机地址',
  `oper_location` varchar(255) CHARACTER SET utf8 COLLATE utf8_general_ci DEFAULT '' COMMENT '操作地点',
  `oper_param` varchar(2000) CHARACTER SET utf8 COLLATE utf8_general_ci DEFAULT '' COMMENT '请求参数',
  `status` int DEFAULT '0' COMMENT '操作状态（0正常 1异常）',
  `error_msg` varchar(2000) CHARACTER SET utf8 COLLATE utf8_general_ci DEFAULT '' COMMENT '错误消息',
  `oper_time` datetime DEFAULT NULL COMMENT '操作时间',
  `oper_date` varchar(32) CHARACTER SET utf8 COLLATE utf8_general_ci DEFAULT NULL,
  PRIMARY KEY (`oper_id`) USING BTREE
) ENGINE=MyISAM AUTO_INCREMENT=256 DEFAULT CHARSET=utf8mb3 COMMENT='操作日志记录';

/*Data for the table `sys_oper_log` */

insert  into `sys_oper_log`(`oper_id`,`title`,`business_type`,`method`,`operator_type`,`oper_name`,`oper_user_id`,`oper_user_type`,`dept_name`,`oper_url`,`oper_ip`,`oper_location`,`oper_param`,`status`,`error_msg`,`oper_time`,`oper_date`) values 
(1,'部门管理',3,'com.study.web.controller.system.SysDeptController.remove()',1,'admin',1,0,'学校处室','/gp/system/dept/remove/103','127.0.0.1',NULL,'{ }',0,NULL,'2022-04-12 21:34:41','2022-04-12'),
(2,'用户管理',2,'com.study.web.controller.system.SysUserController.editSave()',1,'admin',1,0,'学校处室','/gp/system/user/edit','127.0.0.1',NULL,'{\n  \"userId\" : [ \"1\" ],\n  \"deptId\" : [ \"202\" ],\n  \"loginName\" : [ \"admin\" ],\n  \"userName\" : [ \"超级管理员\" ],\n  \"dept.deptName\" : [ \"学生\" ],\n  \"phonenumber\" : [ \"13866725169\" ],\n  \"email\" : [ \"ahuwangqun@163.com\" ],\n  \"idcardno\" : [ \"0001\" ],\n  \"userCode\" : [ \"0001\" ],\n  \"sex\" : [ \"1\" ],\n  \"role\" : [ \"1\" ],\n  \"remark\" : [ \"管理员\" ],\n  \"status\" : [ \"0\" ],\n  \"roleIds\" : [ \"1\" ],\n  \"postIds\" : [ \"1\" ]\n}',0,NULL,'2022-04-12 21:35:02','2022-04-12'),
(3,'部门管理',1,'com.study.web.controller.system.SysDeptController.addSave()',1,'admin',1,0,'学校处室','/gp/system/dept/add','127.0.0.1',NULL,'{\n  \"parentId\" : [ \"101\" ],\n  \"deptName\" : [ \"承建单位1\" ],\n  \"orderNum\" : [ \"100\" ],\n  \"leader\" : [ \"\" ],\n  \"phone\" : [ \"\" ],\n  \"email\" : [ \"\" ],\n  \"status\" : [ \"0\" ]\n}',0,NULL,'2022-04-12 21:38:22','2022-04-12'),
(4,'部门管理',1,'com.study.web.controller.system.SysDeptController.addSave()',1,'admin',1,0,'学校处室','/gp/system/dept/add','127.0.0.1',NULL,'{\n  \"parentId\" : [ \"101\" ],\n  \"deptName\" : [ \"承建单位2\" ],\n  \"orderNum\" : [ \"90\" ],\n  \"leader\" : [ \"\" ],\n  \"phone\" : [ \"\" ],\n  \"email\" : [ \"\" ],\n  \"status\" : [ \"0\" ]\n}',0,NULL,'2022-04-12 21:38:33','2022-04-12'),
(5,'部门管理',1,'com.study.web.controller.system.SysDeptController.addSave()',1,'admin',1,0,'学校处室','/gp/system/dept/add','127.0.0.1',NULL,'{\n  \"parentId\" : [ \"101\" ],\n  \"deptName\" : [ \"承建单位3\" ],\n  \"orderNum\" : [ \"70\" ],\n  \"leader\" : [ \"\" ],\n  \"phone\" : [ \"\" ],\n  \"email\" : [ \"\" ],\n  \"status\" : [ \"0\" ]\n}',0,NULL,'2022-04-12 21:38:45','2022-04-12'),
(6,'部门管理',1,'com.study.web.controller.system.SysDeptController.addSave()',1,'admin',1,0,'学校处室','/gp/system/dept/add','127.0.0.1',NULL,'{\n  \"parentId\" : [ \"202\" ],\n  \"deptName\" : [ \"监理单位1\" ],\n  \"orderNum\" : [ \"100\" ],\n  \"leader\" : [ \"\" ],\n  \"phone\" : [ \"\" ],\n  \"email\" : [ \"\" ],\n  \"status\" : [ \"0\" ]\n}',0,NULL,'2022-04-12 21:38:56','2022-04-12'),
(7,'部门管理',1,'com.study.web.controller.system.SysDeptController.addSave()',1,'admin',1,0,'学校处室','/gp/system/dept/add','127.0.0.1',NULL,'{\n  \"parentId\" : [ \"202\" ],\n  \"deptName\" : [ \"监理单位2\" ],\n  \"orderNum\" : [ \"90\" ],\n  \"leader\" : [ \"\" ],\n  \"phone\" : [ \"\" ],\n  \"email\" : [ \"\" ],\n  \"status\" : [ \"0\" ]\n}',0,NULL,'2022-04-12 21:39:05','2022-04-12'),
(8,'部门管理',1,'com.study.web.controller.system.SysDeptController.addSave()',1,'admin',1,0,'学校处室','/gp/system/dept/add','127.0.0.1',NULL,'{\n  \"parentId\" : [ \"202\" ],\n  \"deptName\" : [ \"监理单位3\" ],\n  \"orderNum\" : [ \"70\" ],\n  \"leader\" : [ \"\" ],\n  \"phone\" : [ \"\" ],\n  \"email\" : [ \"\" ],\n  \"status\" : [ \"0\" ]\n}',0,NULL,'2022-04-12 21:39:14','2022-04-12'),
(9,'部门管理',1,'com.study.web.controller.system.SysDeptController.addSave()',1,'admin',1,0,'学校处室','/gp/system/dept/add','127.0.0.1',NULL,'{\n  \"parentId\" : [ \"102\" ],\n  \"deptName\" : [ \"建设单位1\" ],\n  \"orderNum\" : [ \"100\" ],\n  \"leader\" : [ \"\" ],\n  \"phone\" : [ \"\" ],\n  \"email\" : [ \"\" ],\n  \"status\" : [ \"0\" ]\n}',0,NULL,'2022-04-12 21:39:26','2022-04-12'),
(10,'部门管理',1,'com.study.web.controller.system.SysDeptController.addSave()',1,'admin',1,0,'学校处室','/gp/system/dept/add','127.0.0.1',NULL,'{\n  \"parentId\" : [ \"102\" ],\n  \"deptName\" : [ \"建设单位2\" ],\n  \"orderNum\" : [ \"90\" ],\n  \"leader\" : [ \"\" ],\n  \"phone\" : [ \"\" ],\n  \"email\" : [ \"\" ],\n  \"status\" : [ \"0\" ]\n}',0,NULL,'2022-04-12 21:39:34','2022-04-12'),
(11,'部门管理',1,'com.study.web.controller.system.SysDeptController.addSave()',1,'admin',1,0,'学校处室','/gp/system/dept/add','127.0.0.1',NULL,'{\n  \"parentId\" : [ \"102\" ],\n  \"deptName\" : [ \"建设单位3\" ],\n  \"orderNum\" : [ \"70\" ],\n  \"leader\" : [ \"\" ],\n  \"phone\" : [ \"\" ],\n  \"email\" : [ \"\" ],\n  \"status\" : [ \"0\" ]\n}',0,NULL,'2022-04-12 21:39:43','2022-04-12'),
(12,'岗位管理',2,'com.study.web.controller.system.SysPostController.editSave()',1,'admin',1,0,'学校处室','/gp/system/post/edit','127.0.0.1',NULL,'{\n  \"postId\" : [ \"4\" ],\n  \"postName\" : [ \"项目经理\" ],\n  \"postCode\" : [ \"pl\" ],\n  \"postSort\" : [ \"4\" ],\n  \"status\" : [ \"0\" ],\n  \"remark\" : [ \"\" ]\n}',0,NULL,'2022-04-12 21:40:25','2022-04-12'),
(13,'岗位管理',2,'com.study.web.controller.system.SysPostController.editSave()',1,'admin',1,0,'学校处室','/gp/system/post/edit','127.0.0.1',NULL,'{\n  \"postId\" : [ \"3\" ],\n  \"postName\" : [ \"监理人员\" ],\n  \"postCode\" : [ \"jl\" ],\n  \"postSort\" : [ \"3\" ],\n  \"status\" : [ \"0\" ],\n  \"remark\" : [ \"\" ]\n}',0,NULL,'2022-04-12 21:40:42','2022-04-12'),
(14,'岗位管理',2,'com.study.web.controller.system.SysPostController.editSave()',1,'admin',1,0,'学校处室','/gp/system/post/edit','127.0.0.1',NULL,'{\n  \"postId\" : [ \"2\" ],\n  \"postName\" : [ \"业主\" ],\n  \"postCode\" : [ \"yz\" ],\n  \"postSort\" : [ \"2\" ],\n  \"status\" : [ \"0\" ],\n  \"remark\" : [ \"\" ]\n}',0,NULL,'2022-04-12 21:40:55','2022-04-12'),
(15,'岗位管理',3,'com.study.web.controller.system.SysPostController.remove()',1,'admin',1,0,'学校处室','/gp/system/post/remove','127.0.0.1',NULL,'{\n  \"ids\" : [ \"1\" ]\n}',0,NULL,'2022-04-12 21:40:59','2022-04-12'),
(16,'用户管理',2,'com.study.web.controller.system.SysUserController.editSave()',1,'admin',1,0,'学校处室','/gp/system/user/edit','127.0.0.1',NULL,'{\n  \"userId\" : [ \"1\" ],\n  \"deptId\" : [ \"100\" ],\n  \"loginName\" : [ \"admin\" ],\n  \"userName\" : [ \"超级管理员\" ],\n  \"dept.deptName\" : [ \"根\" ],\n  \"phonenumber\" : [ \"13866725169\" ],\n  \"email\" : [ \"ahuwangqun@163.com\" ],\n  \"idcardno\" : [ \"0001\" ],\n  \"userCode\" : [ \"0001\" ],\n  \"sex\" : [ \"1\" ],\n  \"role\" : [ \"1\" ],\n  \"remark\" : [ \"管理员\" ],\n  \"status\" : [ \"0\" ],\n  \"roleIds\" : [ \"1\" ],\n  \"postIds\" : [ \"\" ]\n}',0,NULL,'2022-04-12 21:41:08','2022-04-12'),
(17,'岗位管理',2,'com.study.web.controller.system.SysPostController.editSave()',1,'admin',1,0,'学校处室','/gp/system/post/edit','127.0.0.1',NULL,'{\n  \"postId\" : [ \"1\" ],\n  \"postName\" : [ \"管理员\" ],\n  \"postCode\" : [ \"gly\" ],\n  \"postSort\" : [ \"1\" ],\n  \"status\" : [ \"0\" ],\n  \"remark\" : [ \"\" ]\n}',0,NULL,'2022-04-12 21:41:27','2022-04-12'),
(18,'参数管理',3,'com.study.web.controller.system.SysConfigController.remove()',1,'admin',1,0,'学校处室','/gp/system/config/remove','127.0.0.1',NULL,'{\n  \"ids\" : [ \"111,117\" ]\n}',0,NULL,'2022-04-12 21:41:43','2022-04-12'),
(19,'参数管理',1,'com.study.web.controller.system.SysConfigController.addSave()',1,'admin',1,0,'学校处室','/gp/system/config/add','127.0.0.1',NULL,'{\n  \"configName\" : [ \"建设单位根目录ID\" ],\n  \"configKey\" : [ \"js_root_dept_id\" ],\n  \"configValue\" : [ \"102\" ],\n  \"configType\" : [ \"Y\" ],\n  \"remark\" : [ \"\" ]\n}',0,NULL,'2022-04-12 21:42:43','2022-04-12'),
(20,'参数管理',1,'com.study.web.controller.system.SysConfigController.addSave()',1,'admin',1,0,'学校处室','/gp/system/config/add','127.0.0.1',NULL,'{\n  \"configName\" : [ \"承建单位根目录ID\" ],\n  \"configKey\" : [ \"cj_root_dept_id\" ],\n  \"configValue\" : [ \"102\" ],\n  \"configType\" : [ \"Y\" ],\n  \"remark\" : [ \"\" ]\n}',0,NULL,'2022-04-12 21:43:14','2022-04-12'),
(21,'参数管理',1,'com.study.web.controller.system.SysConfigController.addSave()',1,'admin',1,0,'学校处室','/gp/system/config/add','127.0.0.1',NULL,'{\n  \"configName\" : [ \"监理单位根目录ID\" ],\n  \"configKey\" : [ \"jl_root_dept_id\" ],\n  \"configValue\" : [ \"202\" ],\n  \"configType\" : [ \"Y\" ],\n  \"remark\" : [ \"\" ]\n}',0,NULL,'2022-04-12 21:43:45','2022-04-12'),
(22,'字典类型',3,'com.study.web.controller.system.SysDictTypeController.remove()',1,'admin',1,0,'学校处室','/gp/system/dict/remove','127.0.0.1',NULL,'{\n  \"ids\" : [ \"101,100,105,4,5\" ]\n}',1,'文章置顶已分配,不能删除','2022-04-12 21:44:42','2022-04-12'),
(23,'字典数据',3,'com.study.web.controller.system.SysDictDataController.remove()',1,'admin',1,0,'学校处室','/gp/system/dict/data/remove','127.0.0.1',NULL,'{\n  \"ids\" : [ \"105,106\" ]\n}',0,NULL,'2022-04-12 21:44:54','2022-04-12'),
(24,'字典类型',3,'com.study.web.controller.system.SysDictTypeController.remove()',1,'admin',1,0,'学校处室','/gp/system/dict/remove','127.0.0.1',NULL,'{\n  \"ids\" : [ \"101\" ]\n}',0,NULL,'2022-04-12 21:45:07','2022-04-12'),
(25,'字典数据',3,'com.study.web.controller.system.SysDictDataController.remove()',1,'admin',1,0,'学校处室','/gp/system/dict/data/remove','127.0.0.1',NULL,'{\n  \"ids\" : [ \"104,103\" ]\n}',0,NULL,'2022-04-12 21:45:12','2022-04-12'),
(26,'字典数据',3,'com.study.web.controller.system.SysDictDataController.remove()',1,'admin',1,0,'学校处室','/gp/system/dict/data/remove','127.0.0.1',NULL,'{\n  \"ids\" : [ \"117,118\" ]\n}',0,NULL,'2022-04-12 21:45:20','2022-04-12'),
(27,'字典类型',3,'com.study.web.controller.system.SysDictTypeController.remove()',1,'admin',1,0,'学校处室','/gp/system/dict/remove','127.0.0.1',NULL,'{\n  \"ids\" : [ \"100,105\" ]\n}',0,NULL,'2022-04-12 21:45:25','2022-04-12'),
(28,'字典数据',3,'com.study.web.controller.system.SysDictDataController.remove()',1,'admin',1,0,'学校处室','/gp/system/dict/data/remove','127.0.0.1',NULL,'{\n  \"ids\" : [ \"15,14\" ]\n}',0,NULL,'2022-04-12 21:45:32','2022-04-12'),
(29,'字典数据',3,'com.study.web.controller.system.SysDictDataController.remove()',1,'admin',1,0,'学校处室','/gp/system/dict/data/remove','127.0.0.1',NULL,'{\n  \"ids\" : [ \"17,16\" ]\n}',0,NULL,'2022-04-12 21:45:39','2022-04-12'),
(30,'字典类型',3,'com.study.web.controller.system.SysDictTypeController.remove()',1,'admin',1,0,'学校处室','/gp/system/dict/remove','127.0.0.1',NULL,'{\n  \"ids\" : [ \"7,8\" ]\n}',0,NULL,'2022-04-12 21:45:56','2022-04-12'),
(31,'角色管理',1,'com.study.web.controller.system.SysRoleController.addSave()',1,'admin',1,0,'根','/gp/system/role/add','127.0.0.1',NULL,'{\n  \"roleName\" : [ \"业主\" ],\n  \"roleKey\" : [ \"yz\" ],\n  \"roleSort\" : [ \"100\" ],\n  \"status\" : [ \"0\" ],\n  \"remark\" : [ \"\" ],\n  \"menuIds\" : [ \"\" ]\n}',0,NULL,'2022-04-12 22:16:03','2022-04-12'),
(32,'角色管理',1,'com.study.web.controller.system.SysRoleController.addSave()',1,'admin',1,0,'根','/gp/system/role/add','127.0.0.1',NULL,'{\n  \"roleName\" : [ \"监理\" ],\n  \"roleKey\" : [ \"jl\" ],\n  \"roleSort\" : [ \"90\" ],\n  \"status\" : [ \"0\" ],\n  \"remark\" : [ \"\" ],\n  \"menuIds\" : [ \"\" ]\n}',0,NULL,'2022-04-12 22:23:51','2022-04-12'),
(33,'角色管理',1,'com.study.web.controller.system.SysRoleController.addSave()',1,'admin',1,0,'根','/gp/system/role/add','127.0.0.1',NULL,'{\n  \"roleName\" : [ \"项目经理\" ],\n  \"roleKey\" : [ \"xmjl\" ],\n  \"roleSort\" : [ \"80\" ],\n  \"status\" : [ \"0\" ],\n  \"remark\" : [ \"\" ],\n  \"menuIds\" : [ \"\" ]\n}',0,NULL,'2022-04-12 22:24:05','2022-04-12'),
(34,'用户管理',1,'com.study.web.controller.system.SysUserController.addSave()',1,'admin',1,0,'根','/gp/system/user/add','127.0.0.1',NULL,'{\n  \"deptId\" : [ \"204\" ],\n  \"loginName\" : [ \"cj1\" ],\n  \"password\" : [ \"123456\" ],\n  \"userName\" : [ \"承建1\" ],\n  \"deptName\" : [ \"承建单位1\" ],\n  \"phonenumber\" : [ \"\" ],\n  \"email\" : [ \"\" ],\n  \"idcardno\" : [ \"\" ],\n  \"userCode\" : [ \"\" ],\n  \"sex\" : [ \"2\" ],\n  \"role\" : [ \"114\" ],\n  \"remark\" : [ \"\" ],\n  \"status\" : [ \"0\" ],\n  \"roleIds\" : [ \"114\" ],\n  \"postIds\" : [ \"4\" ]\n}',0,NULL,'2022-04-12 22:27:40','2022-04-12'),
(35,'用户管理',1,'com.study.web.controller.system.SysUserController.addSave()',1,'admin',1,0,'根','/gp/system/user/add','127.0.0.1',NULL,'{\n  \"deptId\" : [ \"207\" ],\n  \"loginName\" : [ \"jl1\" ],\n  \"password\" : [ \"123456\" ],\n  \"userName\" : [ \"监理1\" ],\n  \"deptName\" : [ \"监理单位1\" ],\n  \"phonenumber\" : [ \"\" ],\n  \"email\" : [ \"\" ],\n  \"idcardno\" : [ \"\" ],\n  \"userCode\" : [ \"\" ],\n  \"sex\" : [ \"2\" ],\n  \"role\" : [ \"113\" ],\n  \"remark\" : [ \"\" ],\n  \"status\" : [ \"0\" ],\n  \"roleIds\" : [ \"113\" ],\n  \"postIds\" : [ \"3\" ]\n}',0,NULL,'2022-04-12 22:28:41','2022-04-12'),
(36,'用户管理',1,'com.study.web.controller.system.SysUserController.addSave()',1,'admin',1,0,'根','/gp/system/user/add','127.0.0.1',NULL,'{\n  \"deptId\" : [ \"210\" ],\n  \"loginName\" : [ \"js1\" ],\n  \"password\" : [ \"123456\" ],\n  \"userName\" : [ \"建设1\" ],\n  \"deptName\" : [ \"建设单位1\" ],\n  \"phonenumber\" : [ \"\" ],\n  \"email\" : [ \"\" ],\n  \"idcardno\" : [ \"\" ],\n  \"userCode\" : [ \"\" ],\n  \"sex\" : [ \"2\" ],\n  \"role\" : [ \"112\" ],\n  \"remark\" : [ \"\" ],\n  \"status\" : [ \"0\" ],\n  \"roleIds\" : [ \"112\" ],\n  \"postIds\" : [ \"2\" ]\n}',0,NULL,'2022-04-12 22:30:02','2022-04-12'),
(37,'角色管理',1,'com.study.web.controller.system.SysRoleController.addSave()',1,'admin',1,0,'根','/gp/system/role/add','127.0.0.1',NULL,'{\r\n  \"roleName\" : [ \"建设单位-负责人\" ],\r\n  \"roleKey\" : [ \"jsfzr\" ],\r\n  \"roleSort\" : [ \"100\" ],\r\n  \"status\" : [ \"0\" ],\r\n  \"remark\" : [ \"\" ],\r\n  \"menuIds\" : [ \"\" ]\r\n}',0,NULL,'2022-04-13 20:40:58','2022-04-13'),
(38,'角色管理',2,'com.study.web.controller.system.SysRoleController.editSave()',1,'admin',1,0,'根','/gp/system/role/edit','127.0.0.1',NULL,'{\r\n  \"roleId\" : [ \"112\" ],\r\n  \"roleName\" : [ \"建设单位-业主\" ],\r\n  \"roleKey\" : [ \"yz\" ],\r\n  \"roleSort\" : [ \"100\" ],\r\n  \"status\" : [ \"0\" ],\r\n  \"remark\" : [ \"\" ],\r\n  \"menuIds\" : [ \"\" ]\r\n}',0,NULL,'2022-04-13 20:41:07','2022-04-13'),
(39,'角色管理',2,'com.study.web.controller.system.SysRoleController.editSave()',1,'admin',1,0,'根','/gp/system/role/edit','127.0.0.1',NULL,'{\r\n  \"roleId\" : [ \"113\" ],\r\n  \"roleName\" : [ \"监理单位-监理\" ],\r\n  \"roleKey\" : [ \"jl\" ],\r\n  \"roleSort\" : [ \"90\" ],\r\n  \"status\" : [ \"0\" ],\r\n  \"remark\" : [ \"\" ],\r\n  \"menuIds\" : [ \"\" ]\r\n}',0,NULL,'2022-04-13 20:41:14','2022-04-13'),
(40,'角色管理',2,'com.study.web.controller.system.SysRoleController.editSave()',1,'admin',1,0,'根','/gp/system/role/edit','127.0.0.1',NULL,'{\r\n  \"roleId\" : [ \"114\" ],\r\n  \"roleName\" : [ \"承建单位-项目经理\" ],\r\n  \"roleKey\" : [ \"xmjl\" ],\r\n  \"roleSort\" : [ \"80\" ],\r\n  \"status\" : [ \"0\" ],\r\n  \"remark\" : [ \"\" ],\r\n  \"menuIds\" : [ \"\" ]\r\n}',0,NULL,'2022-04-13 20:41:23','2022-04-13'),
(41,'菜单管理',1,'com.study.web.controller.system.SysMenuController.addSave()',1,'admin',1,0,'根','/gp/system/menu/add','127.0.0.1',NULL,'{\r\n  \"parentId\" : [ \"2292\" ],\r\n  \"menuTopId\" : [ \"2\" ],\r\n  \"menuType\" : [ \"C\" ],\r\n  \"menuName\" : [ \"监理授权\" ],\r\n  \"url\" : [ \"/earlier/supervisorgrant\" ],\r\n  \"target\" : [ \"menuItem\" ],\r\n  \"perms\" : [ \"earlier:sg:view\" ],\r\n  \"orderNum\" : [ \"90\" ],\r\n  \"icon\" : [ \"\" ],\r\n  \"visible\" : [ \"0\" ]\r\n}',0,NULL,'2022-04-14 14:11:59','2022-04-14'),
(42,'菜单管理',1,'com.study.web.controller.system.SysMenuController.addSave()',1,'admin',1,0,'根','/gp/system/menu/add','127.0.0.1',NULL,'{\r\n  \"parentId\" : [ \"2298\" ],\r\n  \"menuTopId\" : [ \"2\" ],\r\n  \"menuType\" : [ \"F\" ],\r\n  \"menuName\" : [ \"列表\" ],\r\n  \"url\" : [ \"\" ],\r\n  \"target\" : [ \"menuItem\" ],\r\n  \"perms\" : [ \"earlier:sg:list\" ],\r\n  \"orderNum\" : [ \"10\" ],\r\n  \"icon\" : [ \"\" ],\r\n  \"visible\" : [ \"0\" ]\r\n}',0,NULL,'2022-04-14 14:12:20','2022-04-14'),
(43,'菜单管理',1,'com.study.web.controller.system.SysMenuController.addSave()',1,'admin',1,0,'根','/gp/system/menu/add','127.0.0.1',NULL,'{\r\n  \"parentId\" : [ \"2298\" ],\r\n  \"menuTopId\" : [ \"2\" ],\r\n  \"menuType\" : [ \"F\" ],\r\n  \"menuName\" : [ \"新增\" ],\r\n  \"url\" : [ \"\" ],\r\n  \"target\" : [ \"menuItem\" ],\r\n  \"perms\" : [ \"earlier:sg:add\" ],\r\n  \"orderNum\" : [ \"9\" ],\r\n  \"icon\" : [ \"\" ],\r\n  \"visible\" : [ \"0\" ]\r\n}',0,NULL,'2022-04-14 14:12:34','2022-04-14'),
(44,'菜单管理',1,'com.study.web.controller.system.SysMenuController.addSave()',1,'admin',1,0,'根','/gp/system/menu/add','127.0.0.1',NULL,'{\r\n  \"parentId\" : [ \"2298\" ],\r\n  \"menuTopId\" : [ \"2\" ],\r\n  \"menuType\" : [ \"F\" ],\r\n  \"menuName\" : [ \"修改\" ],\r\n  \"url\" : [ \"\" ],\r\n  \"target\" : [ \"menuItem\" ],\r\n  \"perms\" : [ \"earlier:sg:edit\" ],\r\n  \"orderNum\" : [ \"8\" ],\r\n  \"icon\" : [ \"\" ],\r\n  \"visible\" : [ \"0\" ]\r\n}',0,NULL,'2022-04-14 14:12:51','2022-04-14'),
(45,'菜单管理',1,'com.study.web.controller.system.SysMenuController.addSave()',1,'admin',1,0,'根','/gp/system/menu/add','127.0.0.1',NULL,'{\r\n  \"parentId\" : [ \"2298\" ],\r\n  \"menuTopId\" : [ \"2\" ],\r\n  \"menuType\" : [ \"F\" ],\r\n  \"menuName\" : [ \"删除\" ],\r\n  \"url\" : [ \"\" ],\r\n  \"target\" : [ \"menuItem\" ],\r\n  \"perms\" : [ \"earlier:sg:remove\" ],\r\n  \"orderNum\" : [ \"7\" ],\r\n  \"icon\" : [ \"\" ],\r\n  \"visible\" : [ \"0\" ]\r\n}',0,NULL,'2022-04-14 14:13:09','2022-04-14'),
(46,'角色管理',2,'com.study.web.controller.system.SysRoleController.editSave()',1,'admin',1,0,'根','/gp/system/role/edit','127.0.0.1',NULL,'{\r\n  \"roleId\" : [ \"113\" ],\r\n  \"roleName\" : [ \"监理单位-监理\" ],\r\n  \"roleKey\" : [ \"jl\" ],\r\n  \"roleSort\" : [ \"90\" ],\r\n  \"status\" : [ \"0\" ],\r\n  \"remark\" : [ \"\" ],\r\n  \"menuIds\" : [ \"2292,2298,2299,2300,2301,2302\" ]\r\n}',0,NULL,'2022-04-14 14:13:43','2022-04-14'),
(47,'重置密码',2,'com.study.web.controller.system.SysUserController.resetPwd()',1,'admin',1,0,'根','/gp/system/user/resetPwd/12699','127.0.0.1',NULL,'{ }',0,NULL,'2022-04-14 14:16:34','2022-04-14'),
(48,'重置密码',2,'com.study.web.controller.system.SysUserController.resetPwdSave()',1,'admin',1,0,'根','/gp/system/user/resetPwd','127.0.0.1',NULL,'{\r\n  \"userId\" : [ \"12699\" ],\r\n  \"loginName\" : [ \"jl11\" ],\r\n  \"password\" : [ \"123456\" ]\r\n}',0,NULL,'2022-04-14 14:16:39','2022-04-14'),
(49,'监理授权',1,'com.study.earlier.controller.SupervisorGrantController.addSave()',1,'jl11',12699,0,'监理单位1','/gp/earlier/supervisorgrant/add','127.0.0.1',NULL,'{\r\n  \"createBy\" : [ \"jl11\" ],\r\n  \"jsdw.deptId\" : [ \"210\" ],\r\n  \"project.projectId\" : [ \"5\" ],\r\n  \"docName\" : [ \"授权1\" ],\r\n  \"projectCode\" : [ \"123333\" ],\r\n  \"securityClassification\" : [ \"非密\" ],\r\n  \"user.userId\" : [ \"12699\" ],\r\n  \"remark\" : [ \"333\" ]\r\n}',0,NULL,'2022-04-14 14:21:30','2022-04-14'),
(50,'监理授权',2,'com.study.earlier.controller.SupervisorGrantController.editSave()',1,'jl11',12699,0,'监理单位1','/gp/earlier/supervisorgrant/edit','127.0.0.1',NULL,'{\r\n  \"id\" : [ \"1\" ],\r\n  \"updateBy\" : [ \"jl11\" ],\r\n  \"docName\" : [ \"授权12\" ],\r\n  \"securityClassification\" : [ \"加密\" ],\r\n  \"user.userId\" : [ \"12699\" ],\r\n  \"remark\" : [ \"333\" ]\r\n}',1,'nested exception is org.apache.ibatis.reflection.ReflectionException: There is no getter for property named \'projectId\' in \'class com.study.earlier.entity.SupervisorGrant\'','2022-04-14 14:23:27','2022-04-14'),
(51,'监理授权',2,'com.study.earlier.controller.SupervisorGrantController.editSave()',1,'jl11',12699,0,'监理单位1','/gp/earlier/supervisorgrant/edit','127.0.0.1',NULL,'{\r\n  \"id\" : [ \"1\" ],\r\n  \"updateBy\" : [ \"jl11\" ],\r\n  \"docName\" : [ \"授权12\" ],\r\n  \"securityClassification\" : [ \"加密\" ],\r\n  \"user.userId\" : [ \"12699\" ],\r\n  \"remark\" : [ \"33322\" ]\r\n}',0,NULL,'2022-04-14 14:24:42','2022-04-14'),
(52,'监理授权',1,'com.study.earlier.controller.SupervisorGrantController.addSave()',1,'jl11',12699,0,'监理单位1','/gp/earlier/supervisorgrant/add','127.0.0.1',NULL,'{\r\n  \"createBy\" : [ \"jl11\" ],\r\n  \"jsdw.deptId\" : [ \"210\" ],\r\n  \"project.projectId\" : [ \"5\" ],\r\n  \"docName\" : [ \"2\" ],\r\n  \"securityClassification\" : [ \"非密\" ],\r\n  \"user.userId\" : [ \"12699\" ],\r\n  \"remark\" : [ \"2\" ]\r\n}',0,NULL,'2022-04-14 14:24:56','2022-04-14'),
(53,'监理授权',1,'com.study.earlier.controller.SupervisorGrantController.addSave()',1,'jl11',12699,0,'监理单位1','/gp/earlier/supervisorgrant/add','127.0.0.1',NULL,'{\r\n  \"createBy\" : [ \"jl11\" ],\r\n  \"jsdw.deptId\" : [ \"210\" ],\r\n  \"project.projectId\" : [ \"5\" ],\r\n  \"docName\" : [ \"3\" ],\r\n  \"securityClassification\" : [ \"非密\" ],\r\n  \"user.userId\" : [ \"12699\" ],\r\n  \"remark\" : [ \"2\" ]\r\n}',0,NULL,'2022-04-14 14:25:35','2022-04-14'),
(54,'监理授权',1,'com.study.earlier.controller.SupervisorGrantController.addSave()',1,'jl11',12699,0,'监理单位1','/gp/earlier/supervisorgrant/add','127.0.0.1',NULL,'{\r\n  \"createBy\" : [ \"jl11\" ],\r\n  \"jsdw.deptId\" : [ \"210\" ],\r\n  \"project.projectId\" : [ \"5\" ],\r\n  \"docName\" : [ \"3123\" ],\r\n  \"securityClassification\" : [ \"非密\" ],\r\n  \"user.userId\" : [ \"12699\" ],\r\n  \"remark\" : [ \"123\" ]\r\n}',0,NULL,'2022-04-14 14:29:51','2022-04-14'),
(55,'监理授权',1,'com.study.earlier.controller.SupervisorGrantController.addSave()',1,'jl11',12699,0,'监理单位1','/gp/earlier/supervisorgrant/add','127.0.0.1',NULL,'{\r\n  \"createBy\" : [ \"jl11\" ],\r\n  \"jsdw.deptId\" : [ \"210\" ],\r\n  \"project.projectId\" : [ \"5\" ],\r\n  \"docName\" : [ \"d\" ],\r\n  \"securityClassification\" : [ \"非密\" ],\r\n  \"user.userId\" : [ \"12699\" ],\r\n  \"remark\" : [ \"\" ]\r\n}',0,NULL,'2022-04-14 14:32:43','2022-04-14'),
(56,'监理授权',3,'com.study.earlier.controller.SupervisorGrantController.remove()',1,'jl11',12699,0,'监理单位1','/gp/earlier/supervisorgrant/remove','127.0.0.1',NULL,'{\r\n  \"ids\" : [ \"1,2,3,4\" ]\r\n}',0,NULL,'2022-04-14 14:32:50','2022-04-14'),
(57,'监理授权',1,'com.study.earlier.controller.SupervisorGrantController.addSave()',1,'jl11',12699,0,'监理单位1','/gp/earlier/supervisorgrant/add','127.0.0.1',NULL,'{\r\n  \"createBy\" : [ \"jl11\" ],\r\n  \"jsdw.deptId\" : [ \"210\" ],\r\n  \"project.projectId\" : [ \"5\" ],\r\n  \"docName\" : [ \"2\" ],\r\n  \"securityClassification\" : [ \"非密\" ],\r\n  \"user.userId\" : [ \"12699\" ],\r\n  \"remark\" : [ \"\" ]\r\n}',0,NULL,'2022-04-14 14:32:53','2022-04-14'),
(58,'监理授权',3,'com.study.earlier.controller.SupervisorGrantController.remove()',1,'jl11',12699,0,'监理单位1','/gp/earlier/supervisorgrant/remove','127.0.0.1',NULL,'{\r\n  \"ids\" : [ \"5\" ]\r\n}',0,NULL,'2022-04-14 14:32:57','2022-04-14'),
(59,'监理授权',1,'com.study.earlier.controller.SupervisorGrantController.addSave()',1,'jl11',12699,0,'监理单位1','/gp/earlier/supervisorgrant/add','127.0.0.1',NULL,'{\r\n  \"createBy\" : [ \"jl11\" ],\r\n  \"jsdw.deptId\" : [ \"210\" ],\r\n  \"project.projectId\" : [ \"5\" ],\r\n  \"docName\" : [ \"3\" ],\r\n  \"securityClassification\" : [ \"非密\" ],\r\n  \"user.userId\" : [ \"12699\" ],\r\n  \"remark\" : [ \"\" ]\r\n}',0,NULL,'2022-04-14 14:33:25','2022-04-14'),
(60,'监理授权',1,'com.study.earlier.controller.SupervisorGrantController.addSave()',1,'jl11',12699,0,'监理单位1','/gp/earlier/supervisorgrant/add','127.0.0.1',NULL,'{\r\n  \"createBy\" : [ \"jl11\" ],\r\n  \"jsdw.deptId\" : [ \"210\" ],\r\n  \"project.projectId\" : [ \"5\" ],\r\n  \"docName\" : [ \"23\" ],\r\n  \"securityClassification\" : [ \"非密\" ],\r\n  \"user.userId\" : [ \"12699\" ],\r\n  \"remark\" : [ \"\" ]\r\n}',0,NULL,'2022-04-14 14:36:00','2022-04-14'),
(61,'监理授权',3,'com.study.earlier.controller.SupervisorGrantController.remove()',1,'jl11',12699,0,'监理单位1','/gp/earlier/supervisorgrant/remove','127.0.0.1',NULL,'{\r\n  \"ids\" : [ \"7\" ]\r\n}',0,NULL,'2022-04-14 14:36:13','2022-04-14'),
(62,'监理授权',1,'com.study.earlier.controller.SupervisorGrantController.addSave()',1,'jl11',12699,0,'监理单位1','/gp/earlier/supervisorgrant/add','127.0.0.1',NULL,'{\r\n  \"createBy\" : [ \"jl11\" ],\r\n  \"jsdw.deptId\" : [ \"210\" ],\r\n  \"project.projectId\" : [ \"5\" ],\r\n  \"docName\" : [ \"2\" ],\r\n  \"securityClassification\" : [ \"非密\" ],\r\n  \"user.userId\" : [ \"12699\" ],\r\n  \"readUserIds\" : [ \"12704\", \"12700\", \"12698\" ],\r\n  \"remark\" : [ \"123\" ]\r\n}',0,NULL,'2022-04-14 15:22:37','2022-04-14'),
(63,'监理授权',3,'com.study.earlier.controller.SupervisorGrantController.remove()',1,'jl11',12699,0,'监理单位1','/gp/earlier/supervisorgrant/remove','127.0.0.1',NULL,'{\r\n  \"ids\" : [ \"8\" ]\r\n}',0,NULL,'2022-04-14 15:32:29','2022-04-14'),
(64,'监理授权',1,'com.study.earlier.controller.SupervisorGrantController.addSave()',1,'jl11',12699,0,'监理单位1','/gp/earlier/supervisorgrant/add','127.0.0.1',NULL,'{\r\n  \"createBy\" : [ \"jl11\" ],\r\n  \"jsdw.deptId\" : [ \"210\" ],\r\n  \"project.projectId\" : [ \"5\" ],\r\n  \"docName\" : [ \"213\" ],\r\n  \"securityClassification\" : [ \"非密\" ],\r\n  \"user.userId\" : [ \"12699\" ],\r\n  \"readUserIds\" : [ \"12704\", \"12700\", \"12698\" ],\r\n  \"remark\" : [ \"23\" ]\r\n}',0,NULL,'2022-04-14 15:32:41','2022-04-14'),
(65,'监理授权',1,'com.study.earlier.controller.SupervisorGrantController.addSave()',1,'jl11',12699,0,'监理单位1','/gp/earlier/supervisorgrant/add','127.0.0.1',NULL,'{\r\n  \"createBy\" : [ \"jl11\" ],\r\n  \"jsdw.deptId\" : [ \"210\" ],\r\n  \"project.projectId\" : [ \"5\" ],\r\n  \"docName\" : [ \"水电费水电费\" ],\r\n  \"securityClassification\" : [ \"非密\" ],\r\n  \"user.userId\" : [ \"12699\" ],\r\n  \"readUserIds\" : [ \"12704\", \"12700\", \"12698\" ],\r\n  \"remark\" : [ \"爱迪生\" ]\r\n}',0,NULL,'2022-04-14 16:00:12','2022-04-14'),
(66,'监理授权',2,'com.study.earlier.controller.SupervisorGrantController.editSave()',1,'jl11',12699,0,'监理单位1','/gp/earlier/supervisorgrant/edit','127.0.0.1',NULL,'{\r\n  \"id\" : [ \"10\" ],\r\n  \"updateBy\" : [ \"jl11\" ],\r\n  \"docName\" : [ \"水电费水电费\" ],\r\n  \"securityClassification\" : [ \"非密\" ],\r\n  \"user.userId\" : [ \"12699\" ],\r\n  \"readUserIds\" : [ \"12704\", \"12700\", \"12698\" ],\r\n  \"remark\" : [ \"爱迪生\" ]\r\n}',0,NULL,'2022-04-14 16:05:29','2022-04-14'),
(67,'监理授权',2,'com.study.earlier.controller.SupervisorGrantController.editSave()',1,'jl11',12699,0,'监理单位1','/gp/earlier/supervisorgrant/edit','127.0.0.1',NULL,'{\r\n  \"id\" : [ \"10\" ],\r\n  \"updateBy\" : [ \"jl11\" ],\r\n  \"docName\" : [ \"水电费水电费\" ],\r\n  \"securityClassification\" : [ \"非密\" ],\r\n  \"user.userId\" : [ \"12704\" ],\r\n  \"readUserIds\" : [ \"12704\", \"12700\", \"12698\" ],\r\n  \"remark\" : [ \"爱迪生\" ]\r\n}',0,NULL,'2022-04-14 16:10:14','2022-04-14'),
(68,'监理授权',2,'com.study.earlier.controller.SupervisorGrantController.editSave()',1,'jl11',12699,0,'监理单位1','/gp/earlier/supervisorgrant/edit','127.0.0.1',NULL,'{\r\n  \"id\" : [ \"10\" ],\r\n  \"updateBy\" : [ \"jl11\" ],\r\n  \"docName\" : [ \"水电费水电费\" ],\r\n  \"securityClassification\" : [ \"非密\" ],\r\n  \"user.userId\" : [ \"12704\" ],\r\n  \"readUserIds\" : [ \"12704\", \"12700\", \"12710\", \"12698\" ],\r\n  \"remark\" : [ \"爱迪生\" ]\r\n}',0,NULL,'2022-04-14 16:14:12','2022-04-14'),
(69,'监理授权',3,'com.study.earlier.controller.SupervisorGrantController.remove()',1,'jl11',12699,0,'监理单位1','/gp/earlier/supervisorgrant/remove','127.0.0.1',NULL,'{\r\n  \"ids\" : [ \"10\" ]\r\n}',0,NULL,'2022-04-14 16:14:15','2022-04-14'),
(70,'监理授权',1,'com.study.earlier.controller.SupervisorGrantController.addSave()',1,'jl11',12699,0,'监理单位1','/gp/earlier/supervisorgrant/add','127.0.0.1',NULL,'{\r\n  \"createBy\" : [ \"jl11\" ],\r\n  \"jsdw.deptId\" : [ \"210\" ],\r\n  \"project.projectId\" : [ \"5\" ],\r\n  \"docName\" : [ \"2\" ],\r\n  \"securityClassification\" : [ \"非密\" ],\r\n  \"user.userId\" : [ \"12699\" ],\r\n  \"readUserIds\" : [ \"12704\", \"12700\", \"12698\" ],\r\n  \"remark\" : [ \"33\" ]\r\n}',0,NULL,'2022-04-14 16:35:29','2022-04-14'),
(71,'菜单管理',1,'com.study.web.controller.system.SysMenuController.addSave()',1,'admin',1,0,'根','/gp/system/menu/add','127.0.0.1',NULL,'{\r\n  \"parentId\" : [ \"2292\" ],\r\n  \"menuTopId\" : [ \"2\" ],\r\n  \"menuType\" : [ \"C\" ],\r\n  \"menuName\" : [ \"抄送查阅\" ],\r\n  \"url\" : [ \"/doc/read/earlier\" ],\r\n  \"target\" : [ \"menuItem\" ],\r\n  \"perms\" : [ \"\" ],\r\n  \"orderNum\" : [ \"20\" ],\r\n  \"icon\" : [ \"\" ],\r\n  \"visible\" : [ \"0\" ]\r\n}',0,NULL,'2022-04-14 16:40:21','2022-04-14'),
(72,'角色管理',2,'com.study.web.controller.system.SysRoleController.editSave()',1,'admin',1,0,'根','/gp/system/role/edit','127.0.0.1',NULL,'{\r\n  \"roleId\" : [ \"112\" ],\r\n  \"roleName\" : [ \"建设单位-业主\" ],\r\n  \"roleKey\" : [ \"yz\" ],\r\n  \"roleSort\" : [ \"100\" ],\r\n  \"status\" : [ \"0\" ],\r\n  \"remark\" : [ \"\" ],\r\n  \"menuIds\" : [ \"2292,2293,2294,2295,2296,2297,2303\" ]\r\n}',0,NULL,'2022-04-14 16:40:32','2022-04-14'),
(73,'角色管理',2,'com.study.web.controller.system.SysRoleController.editSave()',1,'admin',1,0,'根','/gp/system/role/edit','127.0.0.1',NULL,'{\r\n  \"roleId\" : [ \"115\" ],\r\n  \"roleName\" : [ \"建设单位-负责人\" ],\r\n  \"roleKey\" : [ \"jsfzr\" ],\r\n  \"roleSort\" : [ \"100\" ],\r\n  \"status\" : [ \"0\" ],\r\n  \"remark\" : [ \"\" ],\r\n  \"menuIds\" : [ \"2292,2303\" ]\r\n}',0,NULL,'2022-04-14 16:40:37','2022-04-14'),
(74,'角色管理',2,'com.study.web.controller.system.SysRoleController.editSave()',1,'admin',1,0,'根','/gp/system/role/edit','127.0.0.1',NULL,'{\r\n  \"roleId\" : [ \"113\" ],\r\n  \"roleName\" : [ \"监理单位-监理\" ],\r\n  \"roleKey\" : [ \"jl\" ],\r\n  \"roleSort\" : [ \"90\" ],\r\n  \"status\" : [ \"0\" ],\r\n  \"remark\" : [ \"\" ],\r\n  \"menuIds\" : [ \"2292,2298,2299,2300,2301,2302,2303\" ]\r\n}',0,NULL,'2022-04-14 16:40:42','2022-04-14'),
(75,'角色管理',2,'com.study.web.controller.system.SysRoleController.editSave()',1,'admin',1,0,'根','/gp/system/role/edit','127.0.0.1',NULL,'{\r\n  \"roleId\" : [ \"114\" ],\r\n  \"roleName\" : [ \"承建单位-项目经理\" ],\r\n  \"roleKey\" : [ \"xmjl\" ],\r\n  \"roleSort\" : [ \"80\" ],\r\n  \"status\" : [ \"0\" ],\r\n  \"remark\" : [ \"\" ],\r\n  \"menuIds\" : [ \"2292,2303\" ]\r\n}',0,NULL,'2022-04-14 16:40:47','2022-04-14'),
(76,'菜单管理',1,'com.study.web.controller.system.SysMenuController.addSave()',1,'admin',1,0,'根','/gp/system/menu/add','127.0.0.1',NULL,'{\r\n  \"parentId\" : [ \"2292\" ],\r\n  \"menuTopId\" : [ \"2\" ],\r\n  \"menuType\" : [ \"C\" ],\r\n  \"menuName\" : [ \"项目交底会议\" ],\r\n  \"url\" : [ \"/earlier/managermeeting\" ],\r\n  \"target\" : [ \"menuItem\" ],\r\n  \"perms\" : [ \"earlier:mm:view\" ],\r\n  \"orderNum\" : [ \"60\" ],\r\n  \"icon\" : [ \"\" ],\r\n  \"visible\" : [ \"0\" ]\r\n}',0,NULL,'2022-04-16 14:48:44','2022-04-16'),
(77,'菜单管理',1,'com.study.web.controller.system.SysMenuController.addSave()',1,'admin',1,0,'根','/gp/system/menu/add','127.0.0.1',NULL,'{\r\n  \"parentId\" : [ \"2314\" ],\r\n  \"menuTopId\" : [ \"2\" ],\r\n  \"menuType\" : [ \"F\" ],\r\n  \"menuName\" : [ \"列表\" ],\r\n  \"url\" : [ \"\" ],\r\n  \"target\" : [ \"menuItem\" ],\r\n  \"perms\" : [ \"earlier:mm:list\" ],\r\n  \"orderNum\" : [ \"10\" ],\r\n  \"icon\" : [ \"\" ],\r\n  \"visible\" : [ \"0\" ]\r\n}',0,NULL,'2022-04-16 14:48:58','2022-04-16'),
(78,'菜单管理',1,'com.study.web.controller.system.SysMenuController.addSave()',1,'admin',1,0,'根','/gp/system/menu/add','127.0.0.1',NULL,'{\r\n  \"parentId\" : [ \"2314\" ],\r\n  \"menuTopId\" : [ \"2\" ],\r\n  \"menuType\" : [ \"F\" ],\r\n  \"menuName\" : [ \"新增\" ],\r\n  \"url\" : [ \"\" ],\r\n  \"target\" : [ \"menuItem\" ],\r\n  \"perms\" : [ \"earlier:mm:add\" ],\r\n  \"orderNum\" : [ \"9\" ],\r\n  \"icon\" : [ \"\" ],\r\n  \"visible\" : [ \"0\" ]\r\n}',0,NULL,'2022-04-16 14:49:14','2022-04-16'),
(79,'菜单管理',1,'com.study.web.controller.system.SysMenuController.addSave()',1,'admin',1,0,'根','/gp/system/menu/add','127.0.0.1',NULL,'{\r\n  \"parentId\" : [ \"2314\" ],\r\n  \"menuTopId\" : [ \"2\" ],\r\n  \"menuType\" : [ \"F\" ],\r\n  \"menuName\" : [ \"修改\" ],\r\n  \"url\" : [ \"\" ],\r\n  \"target\" : [ \"menuItem\" ],\r\n  \"perms\" : [ \"earlier:mm:edit\" ],\r\n  \"orderNum\" : [ \"8\" ],\r\n  \"icon\" : [ \"\" ],\r\n  \"visible\" : [ \"0\" ]\r\n}',0,NULL,'2022-04-16 14:49:34','2022-04-16'),
(80,'菜单管理',1,'com.study.web.controller.system.SysMenuController.addSave()',1,'admin',1,0,'根','/gp/system/menu/add','127.0.0.1',NULL,'{\r\n  \"parentId\" : [ \"2314\" ],\r\n  \"menuTopId\" : [ \"2\" ],\r\n  \"menuType\" : [ \"F\" ],\r\n  \"menuName\" : [ \"删除\" ],\r\n  \"url\" : [ \"\" ],\r\n  \"target\" : [ \"menuItem\" ],\r\n  \"perms\" : [ \"earlier:mm:remove\" ],\r\n  \"orderNum\" : [ \"7\" ],\r\n  \"icon\" : [ \"\" ],\r\n  \"visible\" : [ \"0\" ]\r\n}',0,NULL,'2022-04-16 14:49:53','2022-04-16'),
(81,'角色管理',2,'com.study.web.controller.system.SysRoleController.editSave()',1,'admin',1,0,'根','/gp/system/role/edit','127.0.0.1',NULL,'{\r\n  \"roleId\" : [ \"114\" ],\r\n  \"roleName\" : [ \"承建单位-项目经理\" ],\r\n  \"roleKey\" : [ \"xmjl\" ],\r\n  \"roleSort\" : [ \"80\" ],\r\n  \"status\" : [ \"0\" ],\r\n  \"remark\" : [ \"\" ],\r\n  \"menuIds\" : [ \"2292,2314,2315,2316,2317,2318,2303\" ]\r\n}',0,NULL,'2022-04-16 14:50:06','2022-04-16'),
(82,'重置密码',2,'com.study.web.controller.system.SysUserController.resetPwd()',1,'admin',1,0,'根','/gp/system/user/resetPwd/12698','127.0.0.1',NULL,'{ }',0,NULL,'2022-04-16 14:50:42','2022-04-16'),
(83,'重置密码',2,'com.study.web.controller.system.SysUserController.resetPwdSave()',1,'admin',1,0,'根','/gp/system/user/resetPwd','127.0.0.1',NULL,'{\r\n  \"userId\" : [ \"12698\" ],\r\n  \"loginName\" : [ \"cj11\" ],\r\n  \"password\" : [ \"123456\" ]\r\n}',0,NULL,'2022-04-16 14:50:50','2022-04-16'),
(84,'项目会议',1,'com.study.earlier.controller.ManagerMeetingController.addSave()',1,'cj11',12698,0,'承建单位1','/gp/earlier/managermeeting/add','127.0.0.1',NULL,'{\r\n  \"createBy\" : [ \"cj11\" ],\r\n  \"path\" : [ \"\" ],\r\n  \"jsdw.deptId\" : [ \"210\" ],\r\n  \"project.projectId\" : [ \"5\" ],\r\n  \"docName\" : [ \"324234\" ],\r\n  \"securityClassification\" : [ \"非密\" ],\r\n  \"user.userId\" : [ \"12698\" ],\r\n  \"room\" : [ \"123\" ],\r\n  \"time\" : [ \"123\" ],\r\n  \"jsqk\" : [ \"231\" ],\r\n  \"sjqk\" : [ \"123\" ],\r\n  \"cjqk\" : [ \"123\" ],\r\n  \"jlqk\" : [ \"123\" ],\r\n  \"readUserIds\" : [ \"12701\", \"12700\", \"12699\" ],\r\n  \"remark\" : [ \"123321\" ]\r\n}',0,NULL,'2022-04-16 14:53:33','2022-04-16'),
(85,'个人信息',2,'com.study.web.controller.system.SysProfileController.updateAvatar()',1,'admin',1,0,'根','/gp/system/user/profile/updateAvatar','127.0.0.1',NULL,'{ }',0,NULL,'2022-04-13 21:05:01','2022-04-13'),
(86,'顶部菜单管理',1,'com.study.web.controller.system.SysMenuTopController.addSave()',1,'admin',1,0,'根','/gp/system/menutop/add','127.0.0.1',NULL,'{\r\n  \"menuName\" : [ \"项目前期\" ],\r\n  \"orderNum\" : [ \"100\" ],\r\n  \"icon\" : [ \"fa fa-bar-chart\" ]\r\n}',0,NULL,'2022-04-13 21:05:39','2022-04-13'),
(87,'菜单管理',1,'com.study.web.controller.system.SysMenuController.addSave()',1,'admin',1,0,'根','/gp/system/menu/add','127.0.0.1',NULL,'{\r\n  \"parentId\" : [ \"0\" ],\r\n  \"menuTopId\" : [ \"2\" ],\r\n  \"menuType\" : [ \"M\" ],\r\n  \"menuName\" : [ \"项目前期\" ],\r\n  \"url\" : [ \"\" ],\r\n  \"target\" : [ \"menuItem\" ],\r\n  \"perms\" : [ \"\" ],\r\n  \"orderNum\" : [ \"100\" ],\r\n  \"icon\" : [ \"fa fa-address-card\" ],\r\n  \"visible\" : [ \"0\" ]\r\n}',0,NULL,'2022-04-13 21:06:26','2022-04-13'),
(88,'顶部菜单管理',2,'com.study.web.controller.system.SysMenuTopController.editSave()',1,'admin',1,0,'根','/gp/system/menutop/edit','127.0.0.1',NULL,'{\r\n  \"menuId\" : [ \"2\" ],\r\n  \"menuName\" : [ \"项目管理\" ],\r\n  \"orderNum\" : [ \"100\" ],\r\n  \"icon\" : [ \"fa fa-bar-chart\" ]\r\n}',0,NULL,'2022-04-13 21:06:36','2022-04-13'),
(89,'菜单管理',1,'com.study.web.controller.system.SysMenuController.addSave()',1,'admin',1,0,'根','/gp/system/menu/add','127.0.0.1',NULL,'{\r\n  \"parentId\" : [ \"0\" ],\r\n  \"menuTopId\" : [ \"2\" ],\r\n  \"menuType\" : [ \"C\" ],\r\n  \"menuName\" : [ \"项目管理\" ],\r\n  \"url\" : [ \"/earlier/project\" ],\r\n  \"target\" : [ \"menuItem\" ],\r\n  \"perms\" : [ \"earlier:project:view\" ],\r\n  \"orderNum\" : [ \"100\" ],\r\n  \"icon\" : [ \"\" ],\r\n  \"visible\" : [ \"0\" ]\r\n}',0,NULL,'2022-04-13 21:07:54','2022-04-13'),
(90,'菜单管理',1,'com.study.web.controller.system.SysMenuController.addSave()',1,'admin',1,0,'根','/gp/system/menu/add','127.0.0.1',NULL,'{\r\n  \"parentId\" : [ \"2293\" ],\r\n  \"menuTopId\" : [ \"2\" ],\r\n  \"menuType\" : [ \"F\" ],\r\n  \"menuName\" : [ \"项目查询\" ],\r\n  \"url\" : [ \"\" ],\r\n  \"target\" : [ \"menuItem\" ],\r\n  \"perms\" : [ \"earlier:project:list\" ],\r\n  \"orderNum\" : [ \"10\" ],\r\n  \"icon\" : [ \"\" ],\r\n  \"visible\" : [ \"0\" ]\r\n}',0,NULL,'2022-04-13 21:09:50','2022-04-13'),
(91,'菜单管理',1,'com.study.web.controller.system.SysMenuController.addSave()',1,'admin',1,0,'根','/gp/system/menu/add','127.0.0.1',NULL,'{\r\n  \"parentId\" : [ \"2293\" ],\r\n  \"menuTopId\" : [ \"2\" ],\r\n  \"menuType\" : [ \"F\" ],\r\n  \"menuName\" : [ \"项目新增\" ],\r\n  \"url\" : [ \"\" ],\r\n  \"target\" : [ \"menuItem\" ],\r\n  \"perms\" : [ \"earlier:project:add\" ],\r\n  \"orderNum\" : [ \"9\" ],\r\n  \"icon\" : [ \"\" ],\r\n  \"visible\" : [ \"0\" ]\r\n}',0,NULL,'2022-04-13 21:10:08','2022-04-13'),
(92,'菜单管理',1,'com.study.web.controller.system.SysMenuController.addSave()',1,'admin',1,0,'根','/gp/system/menu/add','127.0.0.1',NULL,'{\r\n  \"parentId\" : [ \"2293\" ],\r\n  \"menuTopId\" : [ \"2\" ],\r\n  \"menuType\" : [ \"F\" ],\r\n  \"menuName\" : [ \"项目修改\" ],\r\n  \"url\" : [ \"\" ],\r\n  \"target\" : [ \"menuItem\" ],\r\n  \"perms\" : [ \"earlier:project:edit\" ],\r\n  \"orderNum\" : [ \"8\" ],\r\n  \"icon\" : [ \"\" ],\r\n  \"visible\" : [ \"0\" ]\r\n}',0,NULL,'2022-04-13 21:10:25','2022-04-13'),
(93,'菜单管理',1,'com.study.web.controller.system.SysMenuController.addSave()',1,'admin',1,0,'根','/gp/system/menu/add','127.0.0.1',NULL,'{\r\n  \"parentId\" : [ \"2293\" ],\r\n  \"menuTopId\" : [ \"2\" ],\r\n  \"menuType\" : [ \"F\" ],\r\n  \"menuName\" : [ \"项目删除\" ],\r\n  \"url\" : [ \"\" ],\r\n  \"target\" : [ \"menuItem\" ],\r\n  \"perms\" : [ \"earlier:project:remove\" ],\r\n  \"orderNum\" : [ \"7\" ],\r\n  \"icon\" : [ \"\" ],\r\n  \"visible\" : [ \"0\" ]\r\n}',0,NULL,'2022-04-13 21:10:42','2022-04-13'),
(94,'角色管理',2,'com.study.web.controller.system.SysRoleController.editSave()',1,'admin',1,0,'根','/gp/system/role/edit','127.0.0.1',NULL,'{\r\n  \"roleId\" : [ \"112\" ],\r\n  \"roleName\" : [ \"建设单位-业主\" ],\r\n  \"roleKey\" : [ \"yz\" ],\r\n  \"roleSort\" : [ \"100\" ],\r\n  \"status\" : [ \"0\" ],\r\n  \"remark\" : [ \"\" ],\r\n  \"menuIds\" : [ \"2292,2293,2294,2295,2296,2297\" ]\r\n}',0,NULL,'2022-04-13 21:13:23','2022-04-13'),
(95,'项目管理',1,'com.study.earlier.controller.ProjectController.addSave()',1,'js1',12700,0,'建设单位1','/gp/earlier/project/add','127.0.0.1',NULL,'{\r\n  \"createBy\" : [ \"js1\" ],\r\n  \"projectName\" : [ \"项目1-给城墙贴瓷砖\" ],\r\n  \"projectCode\" : [ \"xmcz1\" ],\r\n  \"jsdw.deptId\" : [ \"204\" ],\r\n  \"xmjl.userId\" : [ \"12698\" ],\r\n  \"remark\" : [ \"\" ]\r\n}',0,NULL,'2022-04-13 21:23:11','2022-04-13'),
(96,'项目管理',1,'com.study.earlier.controller.ProjectController.addSave()',1,'js1',12700,0,'建设单位1','/gp/earlier/project/add','127.0.0.1',NULL,'{\r\n  \"createBy\" : [ \"js1\" ],\r\n  \"projectName\" : [ \"项目1-长城贴瓷砖\" ],\r\n  \"projectCode\" : [ \"cctcz\" ],\r\n  \"jsdw.deptId\" : [ \"204\" ],\r\n  \"xmjl.userId\" : [ \"12698\" ],\r\n  \"remark\" : [ \"shuom \" ]\r\n}',0,NULL,'2022-04-13 21:29:34','2022-04-13'),
(97,'项目管理',1,'com.study.earlier.controller.ProjectController.addSave()',1,'js1',12700,0,'建设单位1','/gp/earlier/project/add','127.0.0.1',NULL,'{\r\n  \"createBy\" : [ \"js1\" ],\r\n  \"projectName\" : [ \"1\" ],\r\n  \"projectCode\" : [ \"1\" ],\r\n  \"jsdw.deptId\" : [ \"204\" ],\r\n  \"xmjl.userId\" : [ \"12698\" ],\r\n  \"remark\" : [ \"1\" ]\r\n}',0,NULL,'2022-04-13 21:34:26','2022-04-13'),
(98,'项目管理',3,'com.study.earlier.controller.ProjectController.remove()',1,'js1',12700,0,'建设单位1','/gp/earlier/project/remove','127.0.0.1',NULL,'{\r\n  \"ids\" : [ \"2,3\" ]\r\n}',0,NULL,'2022-04-13 21:35:19','2022-04-13'),
(99,'项目管理',1,'com.study.earlier.controller.ProjectController.addSave()',1,'js1',12700,0,'建设单位1','/gp/earlier/project/add','127.0.0.1',NULL,'{\r\n  \"createBy\" : [ \"js1\" ],\r\n  \"projectName\" : [ \"1\" ],\r\n  \"projectCode\" : [ \"1\" ],\r\n  \"cjdw.deptId\" : [ \"204\" ],\r\n  \"xmjl.userId\" : [ \"12698\" ],\r\n  \"remark\" : [ \"2\" ]\r\n}',0,NULL,'2022-04-13 21:35:27','2022-04-13'),
(100,'用户管理',1,'com.study.web.controller.system.SysUserController.addSave()',1,'admin',1,0,'根','/gp/system/user/add','127.0.0.1',NULL,'{\r\n  \"deptId\" : [ \"204\" ],\r\n  \"loginName\" : [ \"cj2\" ],\r\n  \"password\" : [ \"123456\" ],\r\n  \"userName\" : [ \"承建1-2\" ],\r\n  \"deptName\" : [ \"承建单位1\" ],\r\n  \"phonenumber\" : [ \"\" ],\r\n  \"email\" : [ \"\" ],\r\n  \"idcardno\" : [ \"\" ],\r\n  \"userCode\" : [ \"\" ],\r\n  \"sex\" : [ \"2\" ],\r\n  \"role\" : [ \"114\" ],\r\n  \"remark\" : [ \"\" ],\r\n  \"status\" : [ \"0\" ],\r\n  \"roleIds\" : [ \"114\" ],\r\n  \"postIds\" : [ \"4\" ]\r\n}',0,NULL,'2022-04-13 21:37:23','2022-04-13'),
(101,'用户管理',2,'com.study.web.controller.system.SysUserController.editSave()',1,'admin',1,0,'根','/gp/system/user/edit','127.0.0.1',NULL,'{\r\n  \"userId\" : [ \"12698\" ],\r\n  \"deptId\" : [ \"204\" ],\r\n  \"loginName\" : [ \"cj1\" ],\r\n  \"userName\" : [ \"承建1-1\" ],\r\n  \"dept.deptName\" : [ \"承建单位1\" ],\r\n  \"phonenumber\" : [ \"\" ],\r\n  \"email\" : [ \"\" ],\r\n  \"idcardno\" : [ \"\" ],\r\n  \"userCode\" : [ \"\" ],\r\n  \"sex\" : [ \"2\" ],\r\n  \"role\" : [ \"114\" ],\r\n  \"remark\" : [ \"\" ],\r\n  \"status\" : [ \"0\" ],\r\n  \"roleIds\" : [ \"114\" ],\r\n  \"postIds\" : [ \"4\" ]\r\n}',0,NULL,'2022-04-13 21:37:32','2022-04-13'),
(102,'用户管理',1,'com.study.web.controller.system.SysUserController.addSave()',1,'admin',1,0,'根','/gp/system/user/add','127.0.0.1',NULL,'{\r\n  \"deptId\" : [ \"205\" ],\r\n  \"loginName\" : [ \"cj21\" ],\r\n  \"password\" : [ \"123456\" ],\r\n  \"userName\" : [ \"承建2-1\" ],\r\n  \"deptName\" : [ \"承建单位2\" ],\r\n  \"phonenumber\" : [ \"\" ],\r\n  \"email\" : [ \"\" ],\r\n  \"idcardno\" : [ \"\" ],\r\n  \"userCode\" : [ \"\" ],\r\n  \"sex\" : [ \"2\" ],\r\n  \"role\" : [ \"114\" ],\r\n  \"remark\" : [ \"\" ],\r\n  \"status\" : [ \"0\" ],\r\n  \"roleIds\" : [ \"114\" ],\r\n  \"postIds\" : [ \"4\" ]\r\n}',0,NULL,'2022-04-13 21:37:58','2022-04-13'),
(103,'用户管理',1,'com.study.web.controller.system.SysUserController.addSave()',1,'admin',1,0,'根','/gp/system/user/add','127.0.0.1',NULL,'{\r\n  \"deptId\" : [ \"205\" ],\r\n  \"loginName\" : [ \"cj22\" ],\r\n  \"password\" : [ \"123456\" ],\r\n  \"userName\" : [ \"承建2-2\" ],\r\n  \"deptName\" : [ \"承建单位2\" ],\r\n  \"phonenumber\" : [ \"\" ],\r\n  \"email\" : [ \"\" ],\r\n  \"idcardno\" : [ \"\" ],\r\n  \"userCode\" : [ \"\" ],\r\n  \"sex\" : [ \"2\" ],\r\n  \"role\" : [ \"114\" ],\r\n  \"remark\" : [ \"\" ],\r\n  \"status\" : [ \"0\" ],\r\n  \"roleIds\" : [ \"114\" ],\r\n  \"postIds\" : [ \"4\" ]\r\n}',0,NULL,'2022-04-13 21:38:21','2022-04-13'),
(104,'用户管理',2,'com.study.web.controller.system.SysUserController.editSave()',1,'admin',1,0,'根','/gp/system/user/edit','127.0.0.1',NULL,'{\r\n  \"userId\" : [ \"12699\" ],\r\n  \"deptId\" : [ \"207\" ],\r\n  \"loginName\" : [ \"jl11\" ],\r\n  \"userName\" : [ \"监理1-1\" ],\r\n  \"dept.deptName\" : [ \"监理单位1\" ],\r\n  \"phonenumber\" : [ \"\" ],\r\n  \"email\" : [ \"\" ],\r\n  \"idcardno\" : [ \"\" ],\r\n  \"userCode\" : [ \"\" ],\r\n  \"sex\" : [ \"2\" ],\r\n  \"role\" : [ \"113\" ],\r\n  \"remark\" : [ \"\" ],\r\n  \"status\" : [ \"0\" ],\r\n  \"roleIds\" : [ \"113\" ],\r\n  \"postIds\" : [ \"3\" ]\r\n}',0,NULL,'2022-04-13 21:39:09','2022-04-13'),
(105,'用户管理',1,'com.study.web.controller.system.SysUserController.addSave()',1,'admin',1,0,'根','/gp/system/user/add','127.0.0.1',NULL,'{\r\n  \"deptId\" : [ \"207\" ],\r\n  \"loginName\" : [ \"jl12\" ],\r\n  \"password\" : [ \"123456\" ],\r\n  \"userName\" : [ \"监理1-2\" ],\r\n  \"deptName\" : [ \"监理单位1\" ],\r\n  \"phonenumber\" : [ \"\" ],\r\n  \"email\" : [ \"\" ],\r\n  \"idcardno\" : [ \"\" ],\r\n  \"userCode\" : [ \"\" ],\r\n  \"sex\" : [ \"2\" ],\r\n  \"role\" : [ \"113\" ],\r\n  \"remark\" : [ \"\" ],\r\n  \"status\" : [ \"0\" ],\r\n  \"roleIds\" : [ \"113\" ],\r\n  \"postIds\" : [ \"3\" ]\r\n}',0,NULL,'2022-04-13 21:39:25','2022-04-13'),
(106,'用户管理',1,'com.study.web.controller.system.SysUserController.addSave()',1,'admin',1,0,'根','/gp/system/user/add','127.0.0.1',NULL,'{\r\n  \"deptId\" : [ \"208\" ],\r\n  \"loginName\" : [ \"jl21\" ],\r\n  \"password\" : [ \"123456\" ],\r\n  \"userName\" : [ \"监理2-1\" ],\r\n  \"deptName\" : [ \"监理单位2\" ],\r\n  \"phonenumber\" : [ \"\" ],\r\n  \"email\" : [ \"\" ],\r\n  \"idcardno\" : [ \"\" ],\r\n  \"userCode\" : [ \"\" ],\r\n  \"sex\" : [ \"2\" ],\r\n  \"role\" : [ \"113\" ],\r\n  \"remark\" : [ \"\" ],\r\n  \"status\" : [ \"0\" ],\r\n  \"roleIds\" : [ \"113\" ],\r\n  \"postIds\" : [ \"3\" ]\r\n}',0,NULL,'2022-04-13 21:39:51','2022-04-13'),
(107,'用户管理',1,'com.study.web.controller.system.SysUserController.addSave()',1,'admin',1,0,'根','/gp/system/user/add','127.0.0.1',NULL,'{\r\n  \"deptId\" : [ \"208\" ],\r\n  \"loginName\" : [ \"jl22\" ],\r\n  \"password\" : [ \"123456\" ],\r\n  \"userName\" : [ \"监理2-2\" ],\r\n  \"deptName\" : [ \"监理单位2\" ],\r\n  \"phonenumber\" : [ \"\" ],\r\n  \"email\" : [ \"\" ],\r\n  \"idcardno\" : [ \"\" ],\r\n  \"userCode\" : [ \"\" ],\r\n  \"sex\" : [ \"2\" ],\r\n  \"role\" : [ \"113\" ],\r\n  \"remark\" : [ \"\" ],\r\n  \"status\" : [ \"0\" ],\r\n  \"roleIds\" : [ \"113\" ],\r\n  \"postIds\" : [ \"3\" ]\r\n}',0,NULL,'2022-04-13 21:40:15','2022-04-13'),
(108,'岗位管理',1,'com.study.web.controller.system.SysPostController.addSave()',1,'admin',1,0,'根','/gp/system/post/add','127.0.0.1',NULL,'{\r\n  \"postName\" : [ \"建设负责人\" ],\r\n  \"postCode\" : [ \"fzr\" ],\r\n  \"postSort\" : [ \"111\" ],\r\n  \"status\" : [ \"0\" ],\r\n  \"remark\" : [ \"\" ]\r\n}',0,NULL,'2022-04-13 21:40:49','2022-04-13'),
(109,'岗位管理',2,'com.study.web.controller.system.SysPostController.editSave()',1,'admin',1,0,'根','/gp/system/post/edit','127.0.0.1',NULL,'{\r\n  \"postId\" : [ \"5\" ],\r\n  \"postName\" : [ \"建设负责人\" ],\r\n  \"postCode\" : [ \"fzr\" ],\r\n  \"postSort\" : [ \"5\" ],\r\n  \"status\" : [ \"0\" ],\r\n  \"remark\" : [ \"\" ]\r\n}',0,NULL,'2022-04-13 21:40:55','2022-04-13'),
(110,'用户管理',2,'com.study.web.controller.system.SysUserController.editSave()',1,'admin',1,0,'根','/gp/system/user/edit','127.0.0.1',NULL,'{\r\n  \"userId\" : [ \"12700\" ],\r\n  \"deptId\" : [ \"210\" ],\r\n  \"loginName\" : [ \"js11\" ],\r\n  \"userName\" : [ \"建设1-1\" ],\r\n  \"dept.deptName\" : [ \"建设单位1\" ],\r\n  \"phonenumber\" : [ \"\" ],\r\n  \"email\" : [ \"\" ],\r\n  \"idcardno\" : [ \"\" ],\r\n  \"userCode\" : [ \"\" ],\r\n  \"sex\" : [ \"2\" ],\r\n  \"role\" : [ \"112\" ],\r\n  \"remark\" : [ \"\" ],\r\n  \"status\" : [ \"0\" ],\r\n  \"roleIds\" : [ \"112\" ],\r\n  \"postIds\" : [ \"2\" ]\r\n}',0,NULL,'2022-04-13 21:41:27','2022-04-13'),
(111,'用户管理',1,'com.study.web.controller.system.SysUserController.addSave()',1,'admin',1,0,'根','/gp/system/user/add','127.0.0.1',NULL,'{\r\n  \"deptId\" : [ \"210\" ],\r\n  \"loginName\" : [ \"js12\" ],\r\n  \"password\" : [ \"123456\" ],\r\n  \"userName\" : [ \"建设1-2\" ],\r\n  \"deptName\" : [ \"建设单位1\" ],\r\n  \"phonenumber\" : [ \"\" ],\r\n  \"email\" : [ \"\" ],\r\n  \"idcardno\" : [ \"\" ],\r\n  \"userCode\" : [ \"\" ],\r\n  \"sex\" : [ \"2\" ],\r\n  \"role\" : [ \"112\" ],\r\n  \"remark\" : [ \"\" ],\r\n  \"status\" : [ \"0\" ],\r\n  \"roleIds\" : [ \"112\" ],\r\n  \"postIds\" : [ \"2\" ]\r\n}',0,NULL,'2022-04-13 21:41:50','2022-04-13'),
(112,'用户管理',1,'com.study.web.controller.system.SysUserController.addSave()',1,'admin',1,0,'根','/gp/system/user/add','127.0.0.1',NULL,'{\r\n  \"deptId\" : [ \"211\" ],\r\n  \"loginName\" : [ \"js21\" ],\r\n  \"password\" : [ \"123456\" ],\r\n  \"userName\" : [ \"建设2-1\" ],\r\n  \"deptName\" : [ \"建设单位2\" ],\r\n  \"phonenumber\" : [ \"\" ],\r\n  \"email\" : [ \"\" ],\r\n  \"idcardno\" : [ \"\" ],\r\n  \"userCode\" : [ \"\" ],\r\n  \"sex\" : [ \"2\" ],\r\n  \"role\" : [ \"112\" ],\r\n  \"remark\" : [ \"\" ],\r\n  \"status\" : [ \"0\" ],\r\n  \"roleIds\" : [ \"112\" ],\r\n  \"postIds\" : [ \"2\" ]\r\n}',0,NULL,'2022-04-13 21:42:10','2022-04-13'),
(113,'用户管理',1,'com.study.web.controller.system.SysUserController.addSave()',1,'admin',1,0,'根','/gp/system/user/add','127.0.0.1',NULL,'{\r\n  \"deptId\" : [ \"211\" ],\r\n  \"loginName\" : [ \"js22\" ],\r\n  \"password\" : [ \"123456\" ],\r\n  \"userName\" : [ \"建设2-2\" ],\r\n  \"deptName\" : [ \"建设单位2\" ],\r\n  \"phonenumber\" : [ \"\" ],\r\n  \"email\" : [ \"\" ],\r\n  \"idcardno\" : [ \"\" ],\r\n  \"userCode\" : [ \"\" ],\r\n  \"sex\" : [ \"2\" ],\r\n  \"role\" : [ \"112\", \"115\" ],\r\n  \"remark\" : [ \"\" ],\r\n  \"status\" : [ \"0\" ],\r\n  \"roleIds\" : [ \"112,115\" ],\r\n  \"postIds\" : [ \"5,2\" ]\r\n}',0,NULL,'2022-04-13 21:42:38','2022-04-13'),
(114,'用户管理',1,'com.study.web.controller.system.SysUserController.addSave()',1,'admin',1,0,'根','/gp/system/user/add','127.0.0.1',NULL,'{\r\n  \"deptId\" : [ \"210\" ],\r\n  \"loginName\" : [ \"fzr11\" ],\r\n  \"password\" : [ \"123456\" ],\r\n  \"userName\" : [ \"负责人1-1\" ],\r\n  \"deptName\" : [ \"建设单位1\" ],\r\n  \"phonenumber\" : [ \"\" ],\r\n  \"email\" : [ \"\" ],\r\n  \"idcardno\" : [ \"\" ],\r\n  \"userCode\" : [ \"\" ],\r\n  \"sex\" : [ \"2\" ],\r\n  \"role\" : [ \"115\" ],\r\n  \"remark\" : [ \"\" ],\r\n  \"status\" : [ \"0\" ],\r\n  \"roleIds\" : [ \"115\" ],\r\n  \"postIds\" : [ \"5\" ]\r\n}',0,NULL,'2022-04-13 21:43:05','2022-04-13'),
(115,'项目管理',1,'com.study.earlier.controller.ProjectController.addSave()',1,'js12',12707,0,'建设单位1','/gp/earlier/project/add','127.0.0.1',NULL,'{\r\n  \"createBy\" : [ \"js12\" ],\r\n  \"projectName\" : [ \"项目2\" ],\r\n  \"projectCode\" : [ \"324242sdfsdf\" ],\r\n  \"cjdw.deptId\" : [ \"204\" ],\r\n  \"xmjl.userId\" : [ \"12701\" ],\r\n  \"remark\" : [ \"\" ]\r\n}',0,NULL,'2022-04-13 21:43:49','2022-04-13'),
(116,'重置密码',2,'com.study.web.controller.system.SysUserController.resetPwd()',1,'admin',1,0,'根','/gp/system/user/resetPwd/12700','127.0.0.1',NULL,'{ }',0,NULL,'2022-04-13 21:45:49','2022-04-13'),
(117,'重置密码',2,'com.study.web.controller.system.SysUserController.resetPwdSave()',1,'admin',1,0,'根','/gp/system/user/resetPwd','127.0.0.1',NULL,'{\r\n  \"userId\" : [ \"12700\" ],\r\n  \"loginName\" : [ \"js11\" ],\r\n  \"password\" : [ \"123456\" ]\r\n}',0,NULL,'2022-04-13 21:45:53','2022-04-13'),
(118,'项目管理',2,'com.study.earlier.controller.ProjectController.editSave()',1,'js11',12700,0,'建设单位1','/gp/earlier/project/edit','127.0.0.1',NULL,'{\r\n  \"projectId\" : [ \"4\" ],\r\n  \"updateBy\" : [ \"js11\" ],\r\n  \"projectName\" : [ \"1\" ],\r\n  \"projectCode\" : [ \"1\" ],\r\n  \"cjdw.deptId\" : [ \"204\" ],\r\n  \"xmjl.userId\" : [ \"12701\" ],\r\n  \"remark\" : [ \"2\" ]\r\n}',0,NULL,'2022-04-13 22:09:39','2022-04-13'),
(119,'字典类型',1,'com.study.web.controller.system.SysDictTypeController.addSave()',1,'admin',1,0,'根','/gp/system/dict/add','127.0.0.1',NULL,'{\r\n  \"dictName\" : [ \"文档密级\" ],\r\n  \"dictType\" : [ \"security_classification\" ],\r\n  \"dictSort\" : [ \"140\" ],\r\n  \"status\" : [ \"0\" ],\r\n  \"remark\" : [ \"\" ]\r\n}',0,NULL,'2022-04-13 22:21:43','2022-04-13'),
(120,'字典数据',1,'com.study.web.controller.system.SysDictDataController.addSave()',1,'admin',1,0,'根','/gp/system/dict/data/add','127.0.0.1',NULL,'{\r\n  \"dictLabel\" : [ \"非密\" ],\r\n  \"dictValue\" : [ \"非密\" ],\r\n  \"dictType\" : [ \"security_classification\" ],\r\n  \"cssClass\" : [ \"\" ],\r\n  \"dictSort\" : [ \"100\" ],\r\n  \"listClass\" : [ \"default\" ],\r\n  \"isDefault\" : [ \"Y\" ],\r\n  \"status\" : [ \"0\" ],\r\n  \"remark\" : [ \"\" ]\r\n}',0,NULL,'2022-04-13 22:22:31','2022-04-13'),
(121,'字典数据',1,'com.study.web.controller.system.SysDictDataController.addSave()',1,'admin',1,0,'根','/gp/system/dict/data/add','127.0.0.1',NULL,'{\r\n  \"dictLabel\" : [ \"加密\" ],\r\n  \"dictValue\" : [ \"加密\" ],\r\n  \"dictType\" : [ \"security_classification\" ],\r\n  \"cssClass\" : [ \"\" ],\r\n  \"dictSort\" : [ \"90\" ],\r\n  \"listClass\" : [ \"default\" ],\r\n  \"isDefault\" : [ \"Y\" ],\r\n  \"status\" : [ \"0\" ],\r\n  \"remark\" : [ \"\" ]\r\n}',0,NULL,'2022-04-13 22:22:44','2022-04-13'),
(122,'字典数据',1,'com.study.web.controller.system.SysDictDataController.addSave()',1,'admin',1,0,'根','/gp/system/dict/data/add','127.0.0.1',NULL,'{\r\n  \"dictLabel\" : [ \"绝密\" ],\r\n  \"dictValue\" : [ \"绝密\" ],\r\n  \"dictType\" : [ \"security_classification\" ],\r\n  \"cssClass\" : [ \"\" ],\r\n  \"dictSort\" : [ \"80\" ],\r\n  \"listClass\" : [ \"default\" ],\r\n  \"isDefault\" : [ \"Y\" ],\r\n  \"status\" : [ \"0\" ],\r\n  \"remark\" : [ \"\" ]\r\n}',0,NULL,'2022-04-13 22:23:01','2022-04-13'),
(123,'菜单管理',1,'com.study.web.controller.system.SysMenuController.addSave()',1,'admin',1,0,'根','/gp/system/menu/add','127.0.0.1',NULL,'{\n  \"parentId\" : [ \"2292\" ],\n  \"menuTopId\" : [ \"2\" ],\n  \"menuType\" : [ \"C\" ],\n  \"menuName\" : [ \"监理方案\" ],\n  \"url\" : [ \"/earlier/supervisorplan\" ],\n  \"target\" : [ \"menuItem\" ],\n  \"perms\" : [ \"earlier:sp:view\" ],\n  \"orderNum\" : [ \"80\" ],\n  \"icon\" : [ \"\" ],\n  \"visible\" : [ \"0\" ]\n}',0,NULL,'2022-04-14 22:43:10','2022-04-14'),
(124,'菜单管理',1,'com.study.web.controller.system.SysMenuController.addSave()',1,'admin',1,0,'根','/gp/system/menu/add','127.0.0.1',NULL,'{\n  \"parentId\" : [ \"2304\" ],\n  \"menuTopId\" : [ \"2\" ],\n  \"menuType\" : [ \"F\" ],\n  \"menuName\" : [ \"列表\" ],\n  \"url\" : [ \"\" ],\n  \"target\" : [ \"menuItem\" ],\n  \"perms\" : [ \"earlier:sp:list\" ],\n  \"orderNum\" : [ \"10\" ],\n  \"icon\" : [ \"\" ],\n  \"visible\" : [ \"0\" ]\n}',0,NULL,'2022-04-14 22:43:32','2022-04-14'),
(125,'菜单管理',1,'com.study.web.controller.system.SysMenuController.addSave()',1,'admin',1,0,'根','/gp/system/menu/add','127.0.0.1',NULL,'{\n  \"parentId\" : [ \"2304\" ],\n  \"menuTopId\" : [ \"2\" ],\n  \"menuType\" : [ \"F\" ],\n  \"menuName\" : [ \"新增\" ],\n  \"url\" : [ \"\" ],\n  \"target\" : [ \"menuItem\" ],\n  \"perms\" : [ \"earlier:sp:add\" ],\n  \"orderNum\" : [ \"9\" ],\n  \"icon\" : [ \"\" ],\n  \"visible\" : [ \"0\" ]\n}',0,NULL,'2022-04-14 22:43:46','2022-04-14'),
(126,'菜单管理',1,'com.study.web.controller.system.SysMenuController.addSave()',1,'admin',1,0,'根','/gp/system/menu/add','127.0.0.1',NULL,'{\n  \"parentId\" : [ \"2304\" ],\n  \"menuTopId\" : [ \"2\" ],\n  \"menuType\" : [ \"F\" ],\n  \"menuName\" : [ \"修改\" ],\n  \"url\" : [ \"\" ],\n  \"target\" : [ \"menuItem\" ],\n  \"perms\" : [ \"earlier:sp:edit\" ],\n  \"orderNum\" : [ \"8\" ],\n  \"icon\" : [ \"\" ],\n  \"visible\" : [ \"0\" ]\n}',0,NULL,'2022-04-14 22:44:34','2022-04-14'),
(127,'菜单管理',1,'com.study.web.controller.system.SysMenuController.addSave()',1,'admin',1,0,'根','/gp/system/menu/add','127.0.0.1',NULL,'{\n  \"parentId\" : [ \"2304\" ],\n  \"menuTopId\" : [ \"2\" ],\n  \"menuType\" : [ \"F\" ],\n  \"menuName\" : [ \"删除\" ],\n  \"url\" : [ \"\" ],\n  \"target\" : [ \"menuItem\" ],\n  \"perms\" : [ \"earlier:sp:remove\" ],\n  \"orderNum\" : [ \"7\" ],\n  \"icon\" : [ \"\" ],\n  \"visible\" : [ \"0\" ]\n}',0,NULL,'2022-04-14 22:44:52','2022-04-14'),
(128,'角色管理',2,'com.study.web.controller.system.SysRoleController.editSave()',1,'admin',1,0,'根','/gp/system/role/edit','127.0.0.1',NULL,'{\n  \"roleId\" : [ \"113\" ],\n  \"roleName\" : [ \"监理单位-监理\" ],\n  \"roleKey\" : [ \"jl\" ],\n  \"roleSort\" : [ \"90\" ],\n  \"status\" : [ \"0\" ],\n  \"remark\" : [ \"\" ],\n  \"menuIds\" : [ \"2292,2298,2299,2300,2301,2302,2304,2305,2306,2307,2308,2303\" ]\n}',0,NULL,'2022-04-14 22:47:13','2022-04-14'),
(129,'监理方案',1,'com.study.earlier.controller.SupervisorPlanController.addSave()',1,'jl11',12699,0,'监理单位1','/gp/earlier/supervisorplan/add','127.0.0.1',NULL,'{\n  \"createBy\" : [ \"jl11\" ],\n  \"path\" : [ \"\" ],\n  \"jsdw.deptId\" : [ \"210\" ],\n  \"project.projectId\" : [ \"5\" ],\n  \"docName\" : [ \"2342\" ],\n  \"securityClassification\" : [ \"非密\" ],\n  \"user.userId\" : [ \"12699\" ],\n  \"readUserIds\" : [ \"12704\", \"12700\", \"12698\" ],\n  \"remark\" : [ \"234\" ]\n}',0,NULL,'2022-04-14 22:52:12','2022-04-14'),
(130,'监理方案',1,'com.study.earlier.controller.SupervisorPlanController.addSave()',1,'jl11',12699,0,'监理单位1','/gp/earlier/supervisorplan/add','127.0.0.1',NULL,'{\n  \"createBy\" : [ \"jl11\" ],\n  \"path\" : [ \"\" ],\n  \"jsdw.deptId\" : [ \"210\" ],\n  \"project.projectId\" : [ \"4\" ],\n  \"docName\" : [ \"hjk\" ],\n  \"securityClassification\" : [ \"非密\" ],\n  \"user.userId\" : [ \"12699\" ],\n  \"readUserIds\" : [ \"12704\", \"12700\", \"12698\" ],\n  \"remark\" : [ \"y\" ]\n}',0,NULL,'2022-04-14 23:01:29','2022-04-14'),
(131,'监理方案',1,'com.study.earlier.controller.SupervisorPlanController.addSave()',1,'jl11',12699,0,'监理单位1','/gp/earlier/supervisorplan/add','127.0.0.1',NULL,'{\n  \"createBy\" : [ \"jl11\" ],\n  \"path\" : [ \"http://127.0.0.1:8888/gp/profile/upload/2022/04/14/62f099552803eea9835f764987d2f86f.txt\" ],\n  \"jsdw.deptId\" : [ \"210\" ],\n  \"project.projectId\" : [ \"4\" ],\n  \"docName\" : [ \"23\" ],\n  \"securityClassification\" : [ \"加密\" ],\n  \"user.userId\" : [ \"12699\" ],\n  \"readUserIds\" : [ \"12704\", \"12700\", \"12707\" ],\n  \"remark\" : [ \"3\" ]\n}',1,'\n### Error updating database.  Cause: com.mysql.cj.jdbc.exceptions.MysqlDataTruncation: Data truncation: Data too long for column \'path\' at row 1\n### The error may involve com.study.earlier.dao.SupervisorPlanDao.add-Inline\n### The error occurred while setting parameters\n### SQL: insert into earlier_supervisor_plan (           path,      doc_name,      doc_code,      supervisor_id,      project_id,      security_classification,      user_id,      sign_time,      jsdw_id,      create_by,      remark,      create_time         )values(           ?,      ?,      ?,      ?,      ?,      ?,      ?,      ?,      ?,      ?,      ?,      sysdate()   )\n### Cause: com.mysql.cj.jdbc.exceptions.MysqlDataTruncation: Data truncation: Data too long for column \'path\' at row 1\n; Data truncation: Data too long for column \'path\' at row 1; nested exception is com.mysql.cj.jdbc.exceptions.MysqlDataTruncation: Data truncation: Data too long for column \'path\' at row 1','2022-04-14 23:05:25','2022-04-14'),
(132,'监理方案',1,'com.study.earlier.controller.SupervisorPlanController.addSave()',1,'jl11',12699,0,'监理单位1','/gp/earlier/supervisorplan/add','127.0.0.1',NULL,'{\n  \"createBy\" : [ \"jl11\" ],\n  \"path\" : [ \"http://127.0.0.1:8888/gp/profile/upload/2022/04/14/62f099552803eea9835f764987d2f86f.txt\" ],\n  \"jsdw.deptId\" : [ \"210\" ],\n  \"project.projectId\" : [ \"4\" ],\n  \"docName\" : [ \"23\" ],\n  \"securityClassification\" : [ \"加密\" ],\n  \"user.userId\" : [ \"12699\" ],\n  \"readUserIds\" : [ \"12704\", \"12700\", \"12707\" ],\n  \"remark\" : [ \"3\" ]\n}',0,NULL,'2022-04-14 23:05:53','2022-04-14'),
(133,'监理方案',1,'com.study.earlier.controller.SupervisorPlanController.addSave()',1,'jl11',12699,0,'监理单位1','/gp/earlier/supervisorplan/add','127.0.0.1',NULL,'{\n  \"createBy\" : [ \"jl11\" ],\n  \"path\" : [ \"/profile/upload/2022/04/14/462cfde152b4bd798ed509825135f8b8.txt\" ],\n  \"jsdw.deptId\" : [ \"210\" ],\n  \"project.projectId\" : [ \"4\" ],\n  \"docName\" : [ \"123213\" ],\n  \"securityClassification\" : [ \"非密\" ],\n  \"user.userId\" : [ \"12699\" ],\n  \"readUserIds\" : [ \"12704\", \"12700\", \"12698\" ],\n  \"remark\" : [ \"213\" ]\n}',0,NULL,'2022-04-14 23:13:16','2022-04-14'),
(134,'监理方案',2,'com.study.earlier.controller.SupervisorPlanController.editSave()',1,'jl11',12699,0,'监理单位1','/gp/earlier/supervisorplan/edit','127.0.0.1',NULL,'{\n  \"id\" : [ \"4\" ],\n  \"path\" : [ \"/profile/upload/2022/04/14/1719311bf48dade49b4bf42949c83ae8.pdf\" ],\n  \"updateBy\" : [ \"jl11\" ],\n  \"docName\" : [ \"123213\" ],\n  \"securityClassification\" : [ \"非密\" ],\n  \"user.userId\" : [ \"12699\" ],\n  \"readUserIds\" : [ \"12704\", \"12700\", \"12698\" ],\n  \"remark\" : [ \"213\" ]\n}',0,NULL,'2022-04-14 23:21:41','2022-04-14'),
(135,'菜单管理',1,'com.study.web.controller.system.SysMenuController.addSave()',1,'admin',1,0,'根','/gp/system/menu/add','127.0.0.1',NULL,'{\n  \"parentId\" : [ \"2292\" ],\n  \"menuTopId\" : [ \"2\" ],\n  \"menuType\" : [ \"C\" ],\n  \"menuName\" : [ \"监理支撑要素\" ],\n  \"url\" : [ \"/earlier/supervisorsupport\" ],\n  \"target\" : [ \"menuItem\" ],\n  \"perms\" : [ \"earlier:ss:view\" ],\n  \"orderNum\" : [ \"70\" ],\n  \"icon\" : [ \"\" ],\n  \"visible\" : [ \"0\" ]\n}',0,NULL,'2022-04-15 21:51:00','2022-04-15'),
(136,'菜单管理',1,'com.study.web.controller.system.SysMenuController.addSave()',1,'admin',1,0,'根','/gp/system/menu/add','127.0.0.1',NULL,'{\n  \"parentId\" : [ \"2309\" ],\n  \"menuTopId\" : [ \"2\" ],\n  \"menuType\" : [ \"F\" ],\n  \"menuName\" : [ \"列表\" ],\n  \"url\" : [ \"\" ],\n  \"target\" : [ \"menuItem\" ],\n  \"perms\" : [ \"earlier:ss:list\" ],\n  \"orderNum\" : [ \"10\" ],\n  \"icon\" : [ \"\" ],\n  \"visible\" : [ \"0\" ]\n}',0,NULL,'2022-04-15 21:51:53','2022-04-15'),
(137,'菜单管理',1,'com.study.web.controller.system.SysMenuController.addSave()',1,'admin',1,0,'根','/gp/system/menu/add','127.0.0.1',NULL,'{\n  \"parentId\" : [ \"2309\" ],\n  \"menuTopId\" : [ \"2\" ],\n  \"menuType\" : [ \"F\" ],\n  \"menuName\" : [ \"新增\" ],\n  \"url\" : [ \"\" ],\n  \"target\" : [ \"menuItem\" ],\n  \"perms\" : [ \"earlier:ss:add\" ],\n  \"orderNum\" : [ \"10\" ],\n  \"icon\" : [ \"\" ],\n  \"visible\" : [ \"0\" ]\n}',0,NULL,'2022-04-15 21:52:08','2022-04-15'),
(138,'菜单管理',1,'com.study.web.controller.system.SysMenuController.addSave()',1,'admin',1,0,'根','/gp/system/menu/add','127.0.0.1',NULL,'{\n  \"parentId\" : [ \"2309\" ],\n  \"menuTopId\" : [ \"2\" ],\n  \"menuType\" : [ \"F\" ],\n  \"menuName\" : [ \"修改\" ],\n  \"url\" : [ \"\" ],\n  \"target\" : [ \"menuItem\" ],\n  \"perms\" : [ \"earlier:ss:edit\" ],\n  \"orderNum\" : [ \"8\" ],\n  \"icon\" : [ \"\" ],\n  \"visible\" : [ \"0\" ]\n}',0,NULL,'2022-04-15 21:52:24','2022-04-15'),
(139,'菜单管理',1,'com.study.web.controller.system.SysMenuController.addSave()',1,'admin',1,0,'根','/gp/system/menu/add','127.0.0.1',NULL,'{\n  \"parentId\" : [ \"2309\" ],\n  \"menuTopId\" : [ \"2\" ],\n  \"menuType\" : [ \"F\" ],\n  \"menuName\" : [ \"删除\" ],\n  \"url\" : [ \"\" ],\n  \"target\" : [ \"menuItem\" ],\n  \"perms\" : [ \"earlier:ss:remove\" ],\n  \"orderNum\" : [ \"7\" ],\n  \"icon\" : [ \"\" ],\n  \"visible\" : [ \"0\" ]\n}',0,NULL,'2022-04-15 21:52:40','2022-04-15'),
(140,'角色管理',2,'com.study.web.controller.system.SysRoleController.editSave()',1,'admin',1,0,'根','/gp/system/role/edit','127.0.0.1',NULL,'{\n  \"roleId\" : [ \"113\" ],\n  \"roleName\" : [ \"监理单位-监理\" ],\n  \"roleKey\" : [ \"jl\" ],\n  \"roleSort\" : [ \"90\" ],\n  \"status\" : [ \"0\" ],\n  \"remark\" : [ \"\" ],\n  \"menuIds\" : [ \"2292,2298,2299,2300,2301,2302,2304,2305,2306,2307,2308,2309,2310,2311,2312,2313,2303\" ]\n}',0,NULL,'2022-04-15 22:02:59','2022-04-15'),
(141,'监理要素',1,'com.study.earlier.controller.SupervisorSupportController.addSave()',1,'jl11',12699,0,'监理单位1','/gp/earlier/supervisorsupport/add','127.0.0.1',NULL,'{\n  \"createBy\" : [ \"jl11\" ],\n  \"jsdw.deptId\" : [ \"210\" ],\n  \"project.projectId\" : [ \"5\" ],\n  \"docName\" : [ \"123\" ],\n  \"securityClassification\" : [ \"加密\" ],\n  \"user.userId\" : [ \"12699\" ],\n  \"htmc\" : [ \"123\" ],\n  \"htzt\" : [ \"13\" ],\n  \"jsnr\" : [ \"4\" ],\n  \"qdsj\" : [ \"hk\" ],\n  \"zhtq\" : [ \"好课\" ],\n  \"jdyq\" : [ \"黑胶\" ],\n  \"jsqx\" : [ \"会尽快\" ],\n  \"zbqx\" : [ \"会尽快\" ],\n  \"htxs\" : [ \"个\" ],\n  \"htje\" : [ \"更好\" ],\n  \"fkfs\" : [ \"孤鸿寡鹄\" ],\n  \"zbj\" : [ \"22\" ],\n  \"wycf\" : [ \"与\" ],\n  \"jszl\" : [ \"任天野\" ],\n  \"xxaq\" : [ \"让他\" ],\n  \"aqbm\" : [ \"让他\" ],\n  \"zscq\" : [ \"任天野\" ],\n  \"kcdy\" : [ \"让他一人一台\" ],\n  \"sjjd\" : [ \"会尽快和控件\" ],\n  \"ssjd\" : [ \"会尽快和控件和\" ],\n  \"pxjd\" : [ \"和控件好看好看\" ],\n  \"xmys\" : [ \"好课好课会\" ],\n  \"shfw\" : [ \"滚滚滚\" ],\n  \"zqya\" : [ \"灌灌灌灌\" ],\n  \"zqyb\" : [ \"灌灌灌灌\" ],\n  \"tbyd\" : [ \"分段\" ],\n  \"readUserIds\" : [ \"12704\" ],\n  \"remark\" : [ \"方法\" ]\n}',1,'\n### Error updating database.  Cause: java.sql.SQLSyntaxErrorException: Column \'jszl\' specified twice\n### The error may involve com.study.earlier.dao.SupervisorSupportDao.add-Inline\n### The error occurred while setting parameters\n### SQL: insert into earlier_supervisor_support (           htmc,            htzt,            jsnr,            qdsj,            zhtq,            jdyq,            jsqx,            zbqx,            htxs,            htje,            fkfs,            zbj,            wycf,            jszl,            jszl,            xxaq,            aqbm,            zscq,            kcdy,            sjjd,            ssjd,            pxjd,                       xmys,            shfw,            zqya,            zqyb,      tbyd,      doc_name,      doc_code,      supervisor_id,      project_id,      security_classification,      user_id,      sign_time,      jsdw_id,      create_by,      remark,      create_time         )values(           ?,            ?,            ?,            ?,            ?,            ?,            ?,            ?,            ?,            ?,            ?,            ?,            ?,            ?,            ?,            ?,            ?,            ?,            ?,            ?,            ?,            ?,                       ?,            ?,            ?,            ?,      ?,      ?,      ?,      ?,      ?,      ?,      ?,      ?,      ?,      ?,      ?,      sysdate()   )\n### Cause: java.sql.SQLSyntaxErrorException: Column \'jszl\' specified twice\n; bad SQL grammar []; nested exception is java.sql.SQLSyntaxErrorException: Column \'jszl\' specified twice','2022-04-15 22:04:19','2022-04-15'),
(142,'监理要素',1,'com.study.earlier.controller.SupervisorSupportController.addSave()',1,'jl11',12699,0,'监理单位1','/gp/earlier/supervisorsupport/add','127.0.0.1',NULL,'{\n  \"createBy\" : [ \"jl11\" ],\n  \"jsdw.deptId\" : [ \"210\" ],\n  \"project.projectId\" : [ \"5\" ],\n  \"docName\" : [ \"fffff\" ],\n  \"securityClassification\" : [ \"非密\" ],\n  \"user.userId\" : [ \"12704\" ],\n  \"htmc\" : [ \"tyu\" ],\n  \"htzt\" : [ \"通用人\" ],\n  \"jsnr\" : [ \"让他突然\" ],\n  \"qdsj\" : [ \"弱\" ],\n  \"zhtq\" : [ \"让他让他\" ],\n  \"jdyq\" : [ \"让他让他\" ],\n  \"jsqx\" : [ \"会尽快和控件\" ],\n  \"zbqx\" : [ \"回家客户\" ],\n  \"htxs\" : [ \"会尽快和控件和了\" ],\n  \"htje\" : [ \"考虑； \" ],\n  \"fkfs\" : [ \"就开了\" ],\n  \"zbj\" : [ \"就开了\" ],\n  \"wycf\" : [ \"就开了\" ],\n  \"jszl\" : [ \"规划局\" ],\n  \"xxaq\" : [ \"规划局\" ],\n  \"aqbm\" : [ \"监理\" ],\n  \"zscq\" : [ \"不能\" ],\n  \"kcdy\" : [ \"蛊惑江湖\" ],\n  \"sjjd\" : [ \"好几个环节\" ],\n  \"ssjd\" : [ \"高合金钢结核杆菌\" ],\n  \"pxjd\" : [ \"规划局国际化\" ],\n  \"xmys\" : [ \"规划将根据\" ],\n  \"shfw\" : [ \"国际化国际化\" ],\n  \"zqya\" : [ \"VC\" ],\n  \"zqyb\" : [ \"复工后\" ],\n  \"tbyd\" : [ \"复合弓\" ],\n  \"readUserIds\" : [ \"12704\", \"12700\", \"12698\" ],\n  \"remark\" : [ \"父方法\" ]\n}',0,NULL,'2022-04-15 22:10:01','2022-04-15'),
(143,'监理要素',2,'com.study.earlier.controller.SupervisorSupportController.editSave()',1,'jl11',12699,0,'监理单位1','/gp/earlier/supervisorsupport/edit','127.0.0.1',NULL,'{\n  \"id\" : [ \"1\" ],\n  \"updateBy\" : [ \"jl11\" ],\n  \"docName\" : [ \"fffff\" ],\n  \"securityClassification\" : [ \"非密\" ],\n  \"user.userId\" : [ \"12704\" ],\n  \"htmc\" : [ \"tyu\" ],\n  \"htzt\" : [ \"通用人\" ],\n  \"jsnr\" : [ \"让他突然\" ],\n  \"qdsj\" : [ \"弱\" ],\n  \"zhtq\" : [ \"让他让他\" ],\n  \"jdyq\" : [ \"让他让他\" ],\n  \"jsqx\" : [ \"会尽快和控件\" ],\n  \"zbqx\" : [ \"回家客户\" ],\n  \"htxs\" : [ \"会尽快和控件和了\" ],\n  \"htje\" : [ \"考虑； \" ],\n  \"fkfs\" : [ \"就开了\" ],\n  \"zbj\" : [ \"就开了\" ],\n  \"wycf\" : [ \"就开了\" ],\n  \"jszl\" : [ \"规划局\" ],\n  \"xxaq\" : [ \"规划局\" ],\n  \"aqbm\" : [ \"监理\" ],\n  \"zscq\" : [ \"不能\" ],\n  \"kcdy\" : [ \"蛊惑江湖\" ],\n  \"sjjd\" : [ \"好几个环节\" ],\n  \"ssjd\" : [ \"高合金钢结核杆菌\" ],\n  \"pxjd\" : [ \"规划局国际化\" ],\n  \"xmys\" : [ \"规划将根据\" ],\n  \"shfw\" : [ \"国际化国际化\" ],\n  \"zqya\" : [ \"VC\" ],\n  \"zqyb\" : [ \"复工后\" ],\n  \"tbyd\" : [ \"复合弓\" ],\n  \"readUserIds\" : [ \"12704\", \"12700\", \"12698\" ],\n  \"remark\" : [ \"父方法是\" ]\n}',0,NULL,'2022-04-15 22:10:13','2022-04-15'),
(144,'监理要素',2,'com.study.earlier.controller.SupervisorSupportController.editSave()',1,'jl11',12699,0,'监理单位1','/gp/earlier/supervisorsupport/edit','127.0.0.1',NULL,'{\n  \"id\" : [ \"1\" ],\n  \"updateBy\" : [ \"jl11\" ],\n  \"docName\" : [ \"fffff\" ],\n  \"securityClassification\" : [ \"非密\" ],\n  \"user.userId\" : [ \"12704\" ],\n  \"htmc\" : [ \"tyu\" ],\n  \"htzt\" : [ \"通用人\" ],\n  \"jsnr\" : [ \"让他突然\" ],\n  \"qdsj\" : [ \"弱\" ],\n  \"zhtq\" : [ \"让他让他\" ],\n  \"jdyq\" : [ \"让他让他\" ],\n  \"jsqx\" : [ \"会尽快和控件\" ],\n  \"zbqx\" : [ \"回家客户\" ],\n  \"htxs\" : [ \"会尽快和控件和了\" ],\n  \"htje\" : [ \"考虑； \" ],\n  \"fkfs\" : [ \"就开了\" ],\n  \"zbj\" : [ \"就开了\" ],\n  \"wycf\" : [ \"就开了\" ],\n  \"jszl\" : [ \"规划局\" ],\n  \"xxaq\" : [ \"规划局\" ],\n  \"aqbm\" : [ \"监理\" ],\n  \"zscq\" : [ \"不能\" ],\n  \"kcdy\" : [ \"蛊惑江湖\" ],\n  \"sjjd\" : [ \"好几个环节\" ],\n  \"ssjd\" : [ \"高合金钢结核杆菌\" ],\n  \"pxjd\" : [ \"规划局国际化\" ],\n  \"xmys\" : [ \"规划将根据\" ],\n  \"shfw\" : [ \"国际化国际化\" ],\n  \"zqya\" : [ \"VC\" ],\n  \"zqyb\" : [ \"复工后是是是\" ],\n  \"tbyd\" : [ \"复合弓\" ],\n  \"readUserIds\" : [ \"12704\", \"12700\", \"12698\" ],\n  \"remark\" : [ \"父方法是\" ]\n}',0,NULL,'2022-04-15 22:10:24','2022-04-15'),
(145,'菜单管理',1,'com.study.web.controller.system.SysMenuController.addSave()',1,'admin',1,0,'根','/gp/system/menu/add','127.0.0.1',NULL,'{\n  \"parentId\" : [ \"2292\" ],\n  \"menuTopId\" : [ \"2\" ],\n  \"menuType\" : [ \"C\" ],\n  \"menuName\" : [ \"项目通讯录\" ],\n  \"url\" : [ \"/earlier/managercontact\" ],\n  \"target\" : [ \"menuItem\" ],\n  \"perms\" : [ \"earlier:mc:view\" ],\n  \"orderNum\" : [ \"40\" ],\n  \"icon\" : [ \"\" ],\n  \"visible\" : [ \"0\" ]\n}',0,NULL,'2022-04-16 23:39:22','2022-04-16'),
(146,'菜单管理',1,'com.study.web.controller.system.SysMenuController.addSave()',1,'admin',1,0,'根','/gp/system/menu/add','127.0.0.1',NULL,'{\n  \"parentId\" : [ \"2324\" ],\n  \"menuTopId\" : [ \"2\" ],\n  \"menuType\" : [ \"F\" ],\n  \"menuName\" : [ \"列表\" ],\n  \"url\" : [ \"\" ],\n  \"target\" : [ \"menuItem\" ],\n  \"perms\" : [ \"earlier:mc:list\" ],\n  \"orderNum\" : [ \"10\" ],\n  \"icon\" : [ \"\" ],\n  \"visible\" : [ \"0\" ]\n}',0,NULL,'2022-04-16 23:39:46','2022-04-16'),
(147,'菜单管理',1,'com.study.web.controller.system.SysMenuController.addSave()',1,'admin',1,0,'根','/gp/system/menu/add','127.0.0.1',NULL,'{\n  \"parentId\" : [ \"2324\" ],\n  \"menuTopId\" : [ \"2\" ],\n  \"menuType\" : [ \"F\" ],\n  \"menuName\" : [ \"新增\" ],\n  \"url\" : [ \"\" ],\n  \"target\" : [ \"menuItem\" ],\n  \"perms\" : [ \"earlier:mc:add\" ],\n  \"orderNum\" : [ \"9\" ],\n  \"icon\" : [ \"\" ],\n  \"visible\" : [ \"0\" ]\n}',0,NULL,'2022-04-16 23:40:01','2022-04-16'),
(148,'菜单管理',1,'com.study.web.controller.system.SysMenuController.addSave()',1,'admin',1,0,'根','/gp/system/menu/add','127.0.0.1',NULL,'{\n  \"parentId\" : [ \"2324\" ],\n  \"menuTopId\" : [ \"2\" ],\n  \"menuType\" : [ \"F\" ],\n  \"menuName\" : [ \"修改\" ],\n  \"url\" : [ \"\" ],\n  \"target\" : [ \"menuItem\" ],\n  \"perms\" : [ \"earlier:mc:edit\" ],\n  \"orderNum\" : [ \"8\" ],\n  \"icon\" : [ \"\" ],\n  \"visible\" : [ \"0\" ]\n}',0,NULL,'2022-04-16 23:40:17','2022-04-16'),
(149,'菜单管理',1,'com.study.web.controller.system.SysMenuController.addSave()',1,'admin',1,0,'根','/gp/system/menu/add','127.0.0.1',NULL,'{\n  \"parentId\" : [ \"2324\" ],\n  \"menuTopId\" : [ \"2\" ],\n  \"menuType\" : [ \"F\" ],\n  \"menuName\" : [ \"删除\" ],\n  \"url\" : [ \"\" ],\n  \"target\" : [ \"menuItem\" ],\n  \"perms\" : [ \"earlier:mc:remove\" ],\n  \"orderNum\" : [ \"7\" ],\n  \"icon\" : [ \"\" ],\n  \"visible\" : [ \"0\" ]\n}',0,NULL,'2022-04-16 23:40:37','2022-04-16'),
(150,'角色管理',2,'com.study.web.controller.system.SysRoleController.editSave()',1,'admin',1,0,'根','/gp/system/role/edit','127.0.0.1',NULL,'{\n  \"roleId\" : [ \"114\" ],\n  \"roleName\" : [ \"承建单位-项目经理\" ],\n  \"roleKey\" : [ \"xmjl\" ],\n  \"roleSort\" : [ \"80\" ],\n  \"status\" : [ \"0\" ],\n  \"remark\" : [ \"\" ],\n  \"menuIds\" : [ \"2292,2314,2315,2316,2317,2318,2319,2320,2321,2322,2323,2324,2325,2326,2327,2328,2303\" ]\n}',0,NULL,'2022-04-16 23:40:55','2022-04-16'),
(151,'项目通讯录',1,'com.study.earlier.controller.ManagerContactController.addSave()',1,'cj11',12698,0,'承建单位1','/gp/earlier/managercontact/add','127.0.0.1',NULL,'{\n  \"createBy\" : [ \"cj11\" ],\n  \"path\" : [ \"\" ],\n  \"jsdw.deptId\" : [ \"210\" ],\n  \"project.projectId\" : [ \"5\" ],\n  \"docName\" : [ \"32423\" ],\n  \"securityClassification\" : [ \"非密\" ],\n  \"user.userId\" : [ \"12698\" ],\n  \"jsmc\" : [ \"678\" ],\n  \"jsdz\" : [ \"678687\" ],\n  \"jsyb\" : [ \"ghgjh\" ],\n  \"jsdh\" : [ \"ghjgjh\" ],\n  \"jscz\" : [ \"ghjghj\" ],\n  \"jsbz\" : [ \"ghjgjhgjh\" ],\n  \"cjmc\" : [ \"ghjgjhghjg\" ],\n  \"cjdz\" : [ \"87\" ],\n  \"cjyb\" : [ \"v6\" ],\n  \"cjdh\" : [ \"67\" ],\n  \"cjcz\" : [ \"575\" ],\n  \"cjbz\" : [ \"67576\" ],\n  \"jlmc\" : [ \"5674\" ],\n  \"jldz\" : [ \"ftf\" ],\n  \"jlyb\" : [ \"5rtfhg\" ],\n  \"jldh\" : [ \"5ty\" ],\n  \"jlcz\" : [ \"5rtf\" ],\n  \"jlbz\" : [ \"45r\" ],\n  \"readUserIds\" : [ \"12701\", \"12700\", \"12699\" ],\n  \"remark\" : [ \"c\" ]\n}',0,NULL,'2022-04-16 23:42:28','2022-04-16'),
(152,'项目通讯录',2,'com.study.earlier.controller.ManagerContactController.editSave()',1,'cj11',12698,0,'承建单位1','/gp/earlier/managercontact/edit','127.0.0.1',NULL,'{\n  \"id\" : [ \"1\" ],\n  \"path\" : [ \"/profile/upload/2022/04/16/cff3848f6ade045adbd5095f1b0cbced.xlsx\" ],\n  \"updateBy\" : [ \"cj11\" ],\n  \"docName\" : [ \"32423\" ],\n  \"securityClassification\" : [ \"非密\" ],\n  \"user.userId\" : [ \"12698\" ],\n  \"jsmc\" : [ \"678\" ],\n  \"jsdz\" : [ \"678687\" ],\n  \"jsyb\" : [ \"ghgjh\" ],\n  \"jsdh\" : [ \"ghjgjh\" ],\n  \"jscz\" : [ \"ghjghj\" ],\n  \"jsbz\" : [ \"ghjgjhgjh\" ],\n  \"cjmc\" : [ \"ghjgjhghjg\" ],\n  \"cjdz\" : [ \"87\" ],\n  \"cjyb\" : [ \"v6\" ],\n  \"cjdh\" : [ \"67\" ],\n  \"cjcz\" : [ \"575\" ],\n  \"cjbz\" : [ \"67576\" ],\n  \"jlmc\" : [ \"5674d\" ],\n  \"jldz\" : [ \"ftf\" ],\n  \"jlyb\" : [ \"5rtfhg\" ],\n  \"jldh\" : [ \"5ty\" ],\n  \"jlcz\" : [ \"5rtf\" ],\n  \"jlbz\" : [ \"45r\" ],\n  \"readUserIds\" : [ \"12701\", \"12700\", \"12707\", \"12710\", \"12699\", \"12704\" ],\n  \"remark\" : [ \"c\" ]\n}',0,NULL,'2022-04-16 23:46:43','2022-04-16'),
(153,'菜单管理',1,'com.study.web.controller.system.SysMenuController.addSave()',1,'admin',1,0,'根','/gp/system/menu/add','127.0.0.1',NULL,'{\n  \"parentId\" : [ \"0\" ],\n  \"menuTopId\" : [ \"2\" ],\n  \"menuType\" : [ \"M\" ],\n  \"menuName\" : [ \"项目中期\" ],\n  \"url\" : [ \"\" ],\n  \"target\" : [ \"menuItem\" ],\n  \"perms\" : [ \"\" ],\n  \"orderNum\" : [ \"80\" ],\n  \"icon\" : [ \"fa fa-address-book-o\" ],\n  \"visible\" : [ \"0\" ]\n}',0,NULL,'2022-04-17 09:37:11','2022-04-17'),
(154,'菜单管理',1,'com.study.web.controller.system.SysMenuController.addSave()',1,'admin',1,0,'根','/gp/system/menu/add','127.0.0.1',NULL,'{\n  \"parentId\" : [ \"2329\" ],\n  \"menuTopId\" : [ \"2\" ],\n  \"menuType\" : [ \"C\" ],\n  \"menuName\" : [ \"勘察调研\" ],\n  \"url\" : [ \"/middle/survey\" ],\n  \"target\" : [ \"menuItem\" ],\n  \"perms\" : [ \"middle:survey:view\" ],\n  \"orderNum\" : [ \"100\" ],\n  \"icon\" : [ \"\" ],\n  \"visible\" : [ \"0\" ]\n}',0,NULL,'2022-04-17 09:37:56','2022-04-17'),
(155,'菜单管理',1,'com.study.web.controller.system.SysMenuController.addSave()',1,'admin',1,0,'根','/gp/system/menu/add','127.0.0.1',NULL,'{\n  \"parentId\" : [ \"2330\" ],\n  \"menuTopId\" : [ \"2\" ],\n  \"menuType\" : [ \"F\" ],\n  \"menuName\" : [ \"列表\" ],\n  \"url\" : [ \"\" ],\n  \"target\" : [ \"menuItem\" ],\n  \"perms\" : [ \"middle:survey:list\" ],\n  \"orderNum\" : [ \"10\" ],\n  \"icon\" : [ \"\" ],\n  \"visible\" : [ \"0\" ]\n}',0,NULL,'2022-04-17 09:38:20','2022-04-17'),
(156,'菜单管理',1,'com.study.web.controller.system.SysMenuController.addSave()',1,'admin',1,0,'根','/gp/system/menu/add','127.0.0.1',NULL,'{\n  \"parentId\" : [ \"2330\" ],\n  \"menuTopId\" : [ \"2\" ],\n  \"menuType\" : [ \"F\" ],\n  \"menuName\" : [ \"新增\" ],\n  \"url\" : [ \"\" ],\n  \"target\" : [ \"menuItem\" ],\n  \"perms\" : [ \"middle:survey:add\" ],\n  \"orderNum\" : [ \"9\" ],\n  \"icon\" : [ \"\" ],\n  \"visible\" : [ \"0\" ]\n}',0,NULL,'2022-04-17 09:38:36','2022-04-17'),
(157,'菜单管理',1,'com.study.web.controller.system.SysMenuController.addSave()',1,'admin',1,0,'根','/gp/system/menu/add','127.0.0.1',NULL,'{\n  \"parentId\" : [ \"2330\" ],\n  \"menuTopId\" : [ \"2\" ],\n  \"menuType\" : [ \"F\" ],\n  \"menuName\" : [ \"修改\" ],\n  \"url\" : [ \"\" ],\n  \"target\" : [ \"menuItem\" ],\n  \"perms\" : [ \"middle:survey:edit\" ],\n  \"orderNum\" : [ \"8\" ],\n  \"icon\" : [ \"\" ],\n  \"visible\" : [ \"0\" ]\n}',0,NULL,'2022-04-17 09:38:52','2022-04-17'),
(158,'菜单管理',1,'com.study.web.controller.system.SysMenuController.addSave()',1,'admin',1,0,'根','/gp/system/menu/add','127.0.0.1',NULL,'{\n  \"parentId\" : [ \"2330\" ],\n  \"menuTopId\" : [ \"2\" ],\n  \"menuType\" : [ \"F\" ],\n  \"menuName\" : [ \"删除\" ],\n  \"url\" : [ \"\" ],\n  \"target\" : [ \"menuItem\" ],\n  \"perms\" : [ \"middle:survey:remove\" ],\n  \"orderNum\" : [ \"7\" ],\n  \"icon\" : [ \"\" ],\n  \"visible\" : [ \"0\" ]\n}',0,NULL,'2022-04-17 09:39:12','2022-04-17'),
(159,'菜单管理',1,'com.study.web.controller.system.SysMenuController.addSave()',1,'admin',1,0,'根','/gp/system/menu/add','127.0.0.1',NULL,'{\n  \"parentId\" : [ \"2330\" ],\n  \"menuTopId\" : [ \"2\" ],\n  \"menuType\" : [ \"F\" ],\n  \"menuName\" : [ \"审核\" ],\n  \"url\" : [ \"\" ],\n  \"target\" : [ \"menuItem\" ],\n  \"perms\" : [ \"middle:survey:sp\" ],\n  \"orderNum\" : [ \"6\" ],\n  \"icon\" : [ \"\" ],\n  \"visible\" : [ \"0\" ]\n}',0,NULL,'2022-04-17 09:39:32','2022-04-17'),
(160,'角色管理',2,'com.study.web.controller.system.SysRoleController.editSave()',1,'admin',1,0,'根','/gp/system/role/edit','127.0.0.1',NULL,'{\n  \"roleId\" : [ \"114\" ],\n  \"roleName\" : [ \"承建单位-项目经理\" ],\n  \"roleKey\" : [ \"xmjl\" ],\n  \"roleSort\" : [ \"80\" ],\n  \"status\" : [ \"0\" ],\n  \"remark\" : [ \"\" ],\n  \"menuIds\" : [ \"2292,2314,2315,2316,2317,2318,2319,2320,2321,2322,2323,2324,2325,2326,2327,2328,2303,2329,2330,2331,2332,2333,2334,2335\" ]\n}',0,NULL,'2022-04-17 09:44:18','2022-04-17'),
(161,'勘察调研',1,'com.study.middle.controller.SurveyController.addSave()',1,'cj11',12698,0,'承建单位1','/gp/middle/survey/add','127.0.0.1',NULL,'{\n  \"createBy\" : [ \"cj11\" ],\n  \"path\" : [ \"/profile/upload/2022/04/17/6cf443137f18de9ad1317da327fc947a.png\" ],\n  \"jldw.deptId\" : [ \"207\" ],\n  \"jsdw.deptId\" : [ \"210\" ],\n  \"project.projectId\" : [ \"5\" ],\n  \"yezhu.userId\" : [ \"12700\" ],\n  \"jianli.userId\" : [ \"12699\" ],\n  \"docName\" : [ \"erwrwer\" ],\n  \"securityClassification\" : [ \"非密\" ],\n  \"user.userId\" : [ \"12698\" ],\n  \"content\" : [ \"werer\" ],\n  \"readUserIds\" : [ \"12701\", \"12700\", \"12699\" ],\n  \"remark\" : [ \"ew\" ]\n}',0,NULL,'2022-04-17 09:59:14','2022-04-17'),
(162,'勘察调研',2,'com.study.middle.controller.SurveyController.editSave()',1,'cj11',12698,0,'承建单位1','/gp/middle/survey/edit','127.0.0.1',NULL,'{\n  \"id\" : [ \"2\" ],\n  \"path\" : [ \"/profile/upload/2022/04/17/6cf443137f18de9ad1317da327fc947a.png\" ],\n  \"updateBy\" : [ \"cj11\" ],\n  \"docName\" : [ \"erwrwer\" ],\n  \"securityClassification\" : [ \"非密\" ],\n  \"user.userId\" : [ \"12698\" ],\n  \"content\" : [ \"werer\" ],\n  \"remark\" : [ \"ewss\" ]\n}',1,'','2022-04-17 10:13:16','2022-04-17'),
(163,'勘察调研',2,'com.study.middle.controller.SurveyController.editSave()',1,'cj11',12698,0,'承建单位1','/gp/middle/survey/edit','127.0.0.1',NULL,'{\n  \"id\" : [ \"2\" ],\n  \"path\" : [ \"/profile/upload/2022/04/17/6cf443137f18de9ad1317da327fc947a.png\" ],\n  \"updateBy\" : [ \"cj11\" ],\n  \"docName\" : [ \"erwrwer\" ],\n  \"securityClassification\" : [ \"非密\" ],\n  \"user.userId\" : [ \"12698\" ],\n  \"content\" : [ \"werer\" ],\n  \"remark\" : [ \"ewssdddd\" ]\n}',1,'','2022-04-17 10:16:02','2022-04-17'),
(164,'勘察调研',2,'com.study.middle.controller.SurveyController.editSave()',1,'cj11',12698,0,'承建单位1','/gp/middle/survey/edit','127.0.0.1',NULL,'{\n  \"id\" : [ \"2\" ],\n  \"path\" : [ \"/profile/upload/2022/04/17/6cf443137f18de9ad1317da327fc947a.png\" ],\n  \"updateBy\" : [ \"cj11\" ],\n  \"docName\" : [ \"erwrwer\" ],\n  \"securityClassification\" : [ \"非密\" ],\n  \"user.userId\" : [ \"12698\" ],\n  \"content\" : [ \"werer\" ],\n  \"readUserIds\" : [ \"12701\", \"12700\", \"12699\" ],\n  \"remark\" : [ \"ewssddddff\" ]\n}',0,NULL,'2022-04-17 10:17:52','2022-04-17'),
(165,'菜单管理',1,'com.study.web.controller.system.SysMenuController.addSave()',1,'admin',1,0,'根','/gp/system/menu/add','127.0.0.1',NULL,'{\n  \"parentId\" : [ \"2329\" ],\n  \"menuTopId\" : [ \"2\" ],\n  \"menuType\" : [ \"C\" ],\n  \"menuName\" : [ \"勘察调研审核\" ],\n  \"url\" : [ \"/middle/survey/todoIndex\" ],\n  \"target\" : [ \"menuItem\" ],\n  \"perms\" : [ \"middle:survey:sp\" ],\n  \"orderNum\" : [ \"99\" ],\n  \"icon\" : [ \"\" ],\n  \"visible\" : [ \"0\" ]\n}',0,NULL,'2022-04-17 11:27:29','2022-04-17'),
(166,'角色管理',2,'com.study.web.controller.system.SysRoleController.editSave()',1,'admin',1,0,'根','/gp/system/role/edit','127.0.0.1',NULL,'{\n  \"roleId\" : [ \"112\" ],\n  \"roleName\" : [ \"建设单位-业主\" ],\n  \"roleKey\" : [ \"yz\" ],\n  \"roleSort\" : [ \"100\" ],\n  \"status\" : [ \"0\" ],\n  \"remark\" : [ \"\" ],\n  \"menuIds\" : [ \"2292,2293,2294,2295,2296,2297,2303,2329,2336\" ]\n}',0,NULL,'2022-04-17 11:27:55','2022-04-17'),
(167,'角色管理',2,'com.study.web.controller.system.SysRoleController.editSave()',1,'admin',1,0,'根','/gp/system/role/edit','127.0.0.1',NULL,'{\n  \"roleId\" : [ \"113\" ],\n  \"roleName\" : [ \"监理单位-监理\" ],\n  \"roleKey\" : [ \"jl\" ],\n  \"roleSort\" : [ \"90\" ],\n  \"status\" : [ \"0\" ],\n  \"remark\" : [ \"\" ],\n  \"menuIds\" : [ \"2292,2298,2299,2300,2301,2302,2304,2305,2306,2307,2308,2309,2310,2311,2312,2313,2303,2329,2336\" ]\n}',0,NULL,'2022-04-17 11:28:03','2022-04-17'),
(168,'菜单管理',1,'com.study.web.controller.system.SysMenuController.addSave()',1,'admin',1,0,'根','/gp/system/menu/add','127.0.0.1',NULL,'{\n  \"parentId\" : [ \"2329\" ],\n  \"menuTopId\" : [ \"2\" ],\n  \"menuType\" : [ \"C\" ],\n  \"menuName\" : [ \"抄送阅读\" ],\n  \"url\" : [ \"/doc/read/middle\" ],\n  \"target\" : [ \"menuItem\" ],\n  \"perms\" : [ \"\" ],\n  \"orderNum\" : [ \"1\" ],\n  \"icon\" : [ \"\" ],\n  \"visible\" : [ \"0\" ]\n}',0,NULL,'2022-04-17 11:37:21','2022-04-17'),
(169,'角色管理',2,'com.study.web.controller.system.SysRoleController.editSave()',1,'admin',1,0,'根','/gp/system/role/edit','127.0.0.1',NULL,'{\n  \"roleId\" : [ \"115\" ],\n  \"roleName\" : [ \"建设单位-负责人\" ],\n  \"roleKey\" : [ \"jsfzr\" ],\n  \"roleSort\" : [ \"100\" ],\n  \"status\" : [ \"0\" ],\n  \"remark\" : [ \"\" ],\n  \"menuIds\" : [ \"2292,2303,2329,2337\" ]\n}',0,NULL,'2022-04-17 11:38:04','2022-04-17'),
(170,'角色管理',2,'com.study.web.controller.system.SysRoleController.editSave()',1,'admin',1,0,'根','/gp/system/role/edit','127.0.0.1',NULL,'{\n  \"roleId\" : [ \"112\" ],\n  \"roleName\" : [ \"建设单位-业主\" ],\n  \"roleKey\" : [ \"yz\" ],\n  \"roleSort\" : [ \"100\" ],\n  \"status\" : [ \"0\" ],\n  \"remark\" : [ \"\" ],\n  \"menuIds\" : [ \"2292,2293,2294,2295,2296,2297,2303,2329,2336,2337\" ]\n}',0,NULL,'2022-04-17 11:38:18','2022-04-17'),
(171,'角色管理',2,'com.study.web.controller.system.SysRoleController.editSave()',1,'admin',1,0,'根','/gp/system/role/edit','127.0.0.1',NULL,'{\n  \"roleId\" : [ \"113\" ],\n  \"roleName\" : [ \"监理单位-监理\" ],\n  \"roleKey\" : [ \"jl\" ],\n  \"roleSort\" : [ \"90\" ],\n  \"status\" : [ \"0\" ],\n  \"remark\" : [ \"\" ],\n  \"menuIds\" : [ \"2292,2298,2299,2300,2301,2302,2304,2305,2306,2307,2308,2309,2310,2311,2312,2313,2303,2329,2336,2337\" ]\n}',0,NULL,'2022-04-17 11:38:27','2022-04-17'),
(172,'角色管理',2,'com.study.web.controller.system.SysRoleController.editSave()',1,'admin',1,0,'根','/gp/system/role/edit','127.0.0.1',NULL,'{\n  \"roleId\" : [ \"114\" ],\n  \"roleName\" : [ \"承建单位-项目经理\" ],\n  \"roleKey\" : [ \"xmjl\" ],\n  \"roleSort\" : [ \"80\" ],\n  \"status\" : [ \"0\" ],\n  \"remark\" : [ \"\" ],\n  \"menuIds\" : [ \"2292,2314,2315,2316,2317,2318,2319,2320,2321,2322,2323,2324,2325,2326,2327,2328,2303,2329,2330,2331,2332,2333,2334,2335,2337\" ]\n}',0,NULL,'2022-04-17 11:38:33','2022-04-17'),
(173,'菜单管理',1,'com.study.web.controller.system.SysMenuController.addSave()',1,'admin',1,0,'根','/gp/system/menu/add','127.0.0.1',NULL,'{\n  \"parentId\" : [ \"2329\" ],\n  \"menuTopId\" : [ \"2\" ],\n  \"menuType\" : [ \"C\" ],\n  \"menuName\" : [ \"工程进度\" ],\n  \"url\" : [ \"/middle/rate\" ],\n  \"target\" : [ \"menuItem\" ],\n  \"perms\" : [ \"middle:rateview\" ],\n  \"orderNum\" : [ \"90\" ],\n  \"icon\" : [ \"\" ],\n  \"visible\" : [ \"0\" ]\n}',0,NULL,'2022-04-17 12:28:23','2022-04-17'),
(174,'菜单管理',1,'com.study.web.controller.system.SysMenuController.addSave()',1,'admin',1,0,'根','/gp/system/menu/add','127.0.0.1',NULL,'{\n  \"parentId\" : [ \"2338\" ],\n  \"menuTopId\" : [ \"2\" ],\n  \"menuType\" : [ \"F\" ],\n  \"menuName\" : [ \"列表\" ],\n  \"url\" : [ \"\" ],\n  \"target\" : [ \"menuItem\" ],\n  \"perms\" : [ \"middle:rate:list\" ],\n  \"orderNum\" : [ \"10\" ],\n  \"icon\" : [ \"\" ],\n  \"visible\" : [ \"0\" ]\n}',0,NULL,'2022-04-17 12:29:38','2022-04-17'),
(175,'菜单管理',1,'com.study.web.controller.system.SysMenuController.addSave()',1,'admin',1,0,'根','/gp/system/menu/add','127.0.0.1',NULL,'{\n  \"parentId\" : [ \"2338\" ],\n  \"menuTopId\" : [ \"2\" ],\n  \"menuType\" : [ \"F\" ],\n  \"menuName\" : [ \"新增\" ],\n  \"url\" : [ \"\" ],\n  \"target\" : [ \"menuItem\" ],\n  \"perms\" : [ \"middle:rate:add\" ],\n  \"orderNum\" : [ \"9\" ],\n  \"icon\" : [ \"\" ],\n  \"visible\" : [ \"0\" ]\n}',0,NULL,'2022-04-17 12:29:55','2022-04-17'),
(176,'菜单管理',1,'com.study.web.controller.system.SysMenuController.addSave()',1,'admin',1,0,'根','/gp/system/menu/add','127.0.0.1',NULL,'{\n  \"parentId\" : [ \"2338\" ],\n  \"menuTopId\" : [ \"2\" ],\n  \"menuType\" : [ \"F\" ],\n  \"menuName\" : [ \"修改\" ],\n  \"url\" : [ \"\" ],\n  \"target\" : [ \"menuItem\" ],\n  \"perms\" : [ \"middle:rate:edit\" ],\n  \"orderNum\" : [ \"8\" ],\n  \"icon\" : [ \"\" ],\n  \"visible\" : [ \"0\" ]\n}',0,NULL,'2022-04-17 12:30:11','2022-04-17'),
(177,'菜单管理',1,'com.study.web.controller.system.SysMenuController.addSave()',1,'admin',1,0,'根','/gp/system/menu/add','127.0.0.1',NULL,'{\n  \"parentId\" : [ \"2338\" ],\n  \"menuTopId\" : [ \"2\" ],\n  \"menuType\" : [ \"F\" ],\n  \"menuName\" : [ \"删除\" ],\n  \"url\" : [ \"\" ],\n  \"target\" : [ \"menuItem\" ],\n  \"perms\" : [ \"middle:rate:remove\" ],\n  \"orderNum\" : [ \"7\" ],\n  \"icon\" : [ \"\" ],\n  \"visible\" : [ \"0\" ]\n}',0,NULL,'2022-04-17 12:30:27','2022-04-17'),
(178,'菜单管理',1,'com.study.web.controller.system.SysMenuController.addSave()',1,'admin',1,0,'根','/gp/system/menu/add','127.0.0.1',NULL,'{\n  \"parentId\" : [ \"2329\" ],\n  \"menuTopId\" : [ \"2\" ],\n  \"menuType\" : [ \"C\" ],\n  \"menuName\" : [ \"工程进度审核\" ],\n  \"url\" : [ \"/middle/rate/todoIndex\" ],\n  \"target\" : [ \"menuItem\" ],\n  \"perms\" : [ \"middle:rate:sp\" ],\n  \"orderNum\" : [ \"89\" ],\n  \"icon\" : [ \"\" ],\n  \"visible\" : [ \"0\" ]\n}',0,NULL,'2022-04-17 12:31:17','2022-04-17'),
(179,'角色管理',2,'com.study.web.controller.system.SysRoleController.editSave()',1,'admin',1,0,'根','/gp/system/role/edit','127.0.0.1',NULL,'{\n  \"roleId\" : [ \"112\" ],\n  \"roleName\" : [ \"建设单位-业主\" ],\n  \"roleKey\" : [ \"yz\" ],\n  \"roleSort\" : [ \"100\" ],\n  \"status\" : [ \"0\" ],\n  \"remark\" : [ \"\" ],\n  \"menuIds\" : [ \"2292,2293,2294,2295,2296,2297,2303,2329,2336,2343,2337\" ]\n}',0,NULL,'2022-04-17 12:31:33','2022-04-17'),
(180,'角色管理',2,'com.study.web.controller.system.SysRoleController.editSave()',1,'admin',1,0,'根','/gp/system/role/edit','127.0.0.1',NULL,'{\n  \"roleId\" : [ \"113\" ],\n  \"roleName\" : [ \"监理单位-监理\" ],\n  \"roleKey\" : [ \"jl\" ],\n  \"roleSort\" : [ \"90\" ],\n  \"status\" : [ \"0\" ],\n  \"remark\" : [ \"\" ],\n  \"menuIds\" : [ \"2292,2298,2299,2300,2301,2302,2304,2305,2306,2307,2308,2309,2310,2311,2312,2313,2303,2329,2336,2343,2337\" ]\n}',0,NULL,'2022-04-17 12:31:40','2022-04-17'),
(181,'角色管理',2,'com.study.web.controller.system.SysRoleController.editSave()',1,'admin',1,0,'根','/gp/system/role/edit','127.0.0.1',NULL,'{\n  \"roleId\" : [ \"114\" ],\n  \"roleName\" : [ \"承建单位-项目经理\" ],\n  \"roleKey\" : [ \"xmjl\" ],\n  \"roleSort\" : [ \"80\" ],\n  \"status\" : [ \"0\" ],\n  \"remark\" : [ \"\" ],\n  \"menuIds\" : [ \"2292,2314,2315,2316,2317,2318,2319,2320,2321,2322,2323,2324,2325,2326,2327,2328,2303,2329,2330,2331,2332,2333,2334,2335,2338,2339,2340,2341,2342,2337\" ]\n}',0,NULL,'2022-04-17 12:31:49','2022-04-17'),
(182,'工程进度',1,'com.study.middle.controller.RateController.addSave()',1,'cj11',12698,0,'承建单位1','/gp/middle/rate/add','127.0.0.1',NULL,'{\n  \"createBy\" : [ \"cj11\" ],\n  \"path\" : [ \"/profile/upload/2022/04/17/1022459dd31206e02dbd45baa3d4a3da.png\" ],\n  \"jldw.deptId\" : [ \"207\" ],\n  \"jsdw.deptId\" : [ \"210\" ],\n  \"project.projectId\" : [ \"5\" ],\n  \"yezhu.userId\" : [ \"12700\" ],\n  \"jianli.userId\" : [ \"12699\" ],\n  \"docName\" : [ \"234324\" ],\n  \"securityClassification\" : [ \"非密\" ],\n  \"user.userId\" : [ \"12698\" ],\n  \"content\" : [ \"234\" ],\n  \"readUserIds\" : [ \"12701\", \"12700\", \"12699\" ],\n  \"remark\" : [ \"234\" ]\n}',0,NULL,'2022-04-17 12:37:15','2022-04-17'),
(183,'工程进度',2,'com.study.middle.controller.RateController.editSave()',1,'cj11',12698,0,'承建单位1','/gp/middle/rate/edit','127.0.0.1',NULL,'{\n  \"id\" : [ \"1\" ],\n  \"path\" : [ \"/profile/upload/2022/04/17/1022459dd31206e02dbd45baa3d4a3da.png\" ],\n  \"updateBy\" : [ \"cj11\" ],\n  \"docName\" : [ \"234324\" ],\n  \"securityClassification\" : [ \"非密\" ],\n  \"user.userId\" : [ \"12698\" ],\n  \"content\" : [ \"234\" ],\n  \"readUserIds\" : [ \"12701\", \"12700\", \"12707\", \"12699\", \"12704\" ],\n  \"remark\" : [ \"234\" ]\n}',0,NULL,'2022-04-17 12:37:27','2022-04-17'),
(184,'菜单管理',1,'com.study.web.controller.system.SysMenuController.addSave()',1,'admin',1,0,'根','/gp/system/menu/add','127.0.0.1',NULL,'{\n  \"parentId\" : [ \"2329\" ],\n  \"menuTopId\" : [ \"2\" ],\n  \"menuType\" : [ \"C\" ],\n  \"menuName\" : [ \"开工计划\" ],\n  \"url\" : [ \"/middle/startwork\" ],\n  \"target\" : [ \"menuItem\" ],\n  \"perms\" : [ \"middle:startwork:sp\" ],\n  \"orderNum\" : [ \"80\" ],\n  \"icon\" : [ \"\" ],\n  \"visible\" : [ \"0\" ]\n}',0,NULL,'2022-04-17 13:57:05','2022-04-17'),
(185,'菜单管理',1,'com.study.web.controller.system.SysMenuController.addSave()',1,'admin',1,0,'根','/gp/system/menu/add','127.0.0.1',NULL,'{\n  \"parentId\" : [ \"2329\" ],\n  \"menuTopId\" : [ \"2\" ],\n  \"menuType\" : [ \"C\" ],\n  \"menuName\" : [ \"开工计划审核\" ],\n  \"url\" : [ \"/middle/startwork/todoIndex\" ],\n  \"target\" : [ \"menuItem\" ],\n  \"perms\" : [ \"middle:startwork:sp\" ],\n  \"orderNum\" : [ \"79\" ],\n  \"icon\" : [ \"\" ],\n  \"visible\" : [ \"0\" ]\n}',0,NULL,'2022-04-17 13:57:54','2022-04-17'),
(186,'菜单管理',2,'com.study.web.controller.system.SysMenuController.editSave()',1,'admin',1,0,'根','/gp/system/menu/edit','127.0.0.1',NULL,'{\n  \"menuId\" : [ \"2344\" ],\n  \"parentId\" : [ \"2329\" ],\n  \"menuTopId\" : [ \"2\" ],\n  \"menuType\" : [ \"C\" ],\n  \"menuName\" : [ \"开工计划\" ],\n  \"url\" : [ \"/middle/startwork\" ],\n  \"target\" : [ \"menuItem\" ],\n  \"perms\" : [ \"middle:startwork:view\" ],\n  \"orderNum\" : [ \"80\" ],\n  \"icon\" : [ \"#\" ],\n  \"visible\" : [ \"0\" ]\n}',0,NULL,'2022-04-17 13:58:08','2022-04-17'),
(187,'菜单管理',1,'com.study.web.controller.system.SysMenuController.addSave()',1,'admin',1,0,'根','/gp/system/menu/add','127.0.0.1',NULL,'{\n  \"parentId\" : [ \"2344\" ],\n  \"menuTopId\" : [ \"2\" ],\n  \"menuType\" : [ \"F\" ],\n  \"menuName\" : [ \"列表\" ],\n  \"url\" : [ \"\" ],\n  \"target\" : [ \"menuItem\" ],\n  \"perms\" : [ \"middle:startwork:list\" ],\n  \"orderNum\" : [ \"10\" ],\n  \"icon\" : [ \"\" ],\n  \"visible\" : [ \"0\" ]\n}',0,NULL,'2022-04-17 13:58:41','2022-04-17'),
(188,'菜单管理',1,'com.study.web.controller.system.SysMenuController.addSave()',1,'admin',1,0,'根','/gp/system/menu/add','127.0.0.1',NULL,'{\n  \"parentId\" : [ \"2344\" ],\n  \"menuTopId\" : [ \"2\" ],\n  \"menuType\" : [ \"F\" ],\n  \"menuName\" : [ \"新增\" ],\n  \"url\" : [ \"\" ],\n  \"target\" : [ \"menuItem\" ],\n  \"perms\" : [ \"middle:startwork:add\" ],\n  \"orderNum\" : [ \"9\" ],\n  \"icon\" : [ \"\" ],\n  \"visible\" : [ \"0\" ]\n}',0,NULL,'2022-04-17 13:58:57','2022-04-17'),
(189,'菜单管理',1,'com.study.web.controller.system.SysMenuController.addSave()',1,'admin',1,0,'根','/gp/system/menu/add','127.0.0.1',NULL,'{\n  \"parentId\" : [ \"2344\" ],\n  \"menuTopId\" : [ \"2\" ],\n  \"menuType\" : [ \"F\" ],\n  \"menuName\" : [ \"修改\" ],\n  \"url\" : [ \"\" ],\n  \"target\" : [ \"menuItem\" ],\n  \"perms\" : [ \"middle:startwork:edit\" ],\n  \"orderNum\" : [ \"8\" ],\n  \"icon\" : [ \"\" ],\n  \"visible\" : [ \"0\" ]\n}',0,NULL,'2022-04-17 13:59:13','2022-04-17'),
(190,'菜单管理',1,'com.study.web.controller.system.SysMenuController.addSave()',1,'admin',1,0,'根','/gp/system/menu/add','127.0.0.1',NULL,'{\n  \"parentId\" : [ \"2344\" ],\n  \"menuTopId\" : [ \"2\" ],\n  \"menuType\" : [ \"F\" ],\n  \"menuName\" : [ \"删除\" ],\n  \"url\" : [ \"\" ],\n  \"target\" : [ \"menuItem\" ],\n  \"perms\" : [ \"middle:startwork:remove\" ],\n  \"orderNum\" : [ \"7\" ],\n  \"icon\" : [ \"\" ],\n  \"visible\" : [ \"0\" ]\n}',0,NULL,'2022-04-17 13:59:28','2022-04-17'),
(191,'角色管理',2,'com.study.web.controller.system.SysRoleController.editSave()',1,'admin',1,0,'根','/gp/system/role/edit','127.0.0.1',NULL,'{\n  \"roleId\" : [ \"112\" ],\n  \"roleName\" : [ \"建设单位-业主\" ],\n  \"roleKey\" : [ \"yz\" ],\n  \"roleSort\" : [ \"100\" ],\n  \"status\" : [ \"0\" ],\n  \"remark\" : [ \"\" ],\n  \"menuIds\" : [ \"2292,2293,2294,2295,2296,2297,2303,2329,2336,2343,2345,2337\" ]\n}',0,NULL,'2022-04-17 13:59:48','2022-04-17'),
(192,'角色管理',2,'com.study.web.controller.system.SysRoleController.editSave()',1,'admin',1,0,'根','/gp/system/role/edit','127.0.0.1',NULL,'{\n  \"roleId\" : [ \"113\" ],\n  \"roleName\" : [ \"监理单位-监理\" ],\n  \"roleKey\" : [ \"jl\" ],\n  \"roleSort\" : [ \"90\" ],\n  \"status\" : [ \"0\" ],\n  \"remark\" : [ \"\" ],\n  \"menuIds\" : [ \"2292,2298,2299,2300,2301,2302,2304,2305,2306,2307,2308,2309,2310,2311,2312,2313,2303,2329,2336,2343,2345,2337\" ]\n}',0,NULL,'2022-04-17 14:00:04','2022-04-17'),
(193,'角色管理',2,'com.study.web.controller.system.SysRoleController.editSave()',1,'admin',1,0,'根','/gp/system/role/edit','127.0.0.1',NULL,'{\n  \"roleId\" : [ \"114\" ],\n  \"roleName\" : [ \"承建单位-项目经理\" ],\n  \"roleKey\" : [ \"xmjl\" ],\n  \"roleSort\" : [ \"80\" ],\n  \"status\" : [ \"0\" ],\n  \"remark\" : [ \"\" ],\n  \"menuIds\" : [ \"2292,2314,2315,2316,2317,2318,2319,2320,2321,2322,2323,2324,2325,2326,2327,2328,2303,2329,2330,2331,2332,2333,2334,2335,2338,2339,2340,2341,2342,2344,2346,2347,2348,2349,2337\" ]\n}',0,NULL,'2022-04-17 14:00:36','2022-04-17'),
(194,'开工计划',1,'com.study.middle.controller.StartworkController.addSave()',1,'cj11',12698,0,'承建单位1','/gp/middle/startwork/add','127.0.0.1',NULL,'{\n  \"createBy\" : [ \"cj11\" ],\n  \"path\" : [ \"/profile/upload/2022/04/17/6c96b24f6f9cc2eac2c8720e63947f11.png\" ],\n  \"jldw.deptId\" : [ \"207\" ],\n  \"jsdw.deptId\" : [ \"210\" ],\n  \"project.projectId\" : [ \"5\" ],\n  \"yezhu.userId\" : [ \"12700\" ],\n  \"jianli.userId\" : [ \"12699\" ],\n  \"docName\" : [ \"开工计划\" ],\n  \"starttime\" : [ \"4月20日\" ],\n  \"securityClassification\" : [ \"非密\" ],\n  \"user.userId\" : [ \"12698\" ],\n  \"content\" : [ \"搜索\" ],\n  \"readUserIds\" : [ \"12701\", \"12700\", \"12699\" ],\n  \"remark\" : [ \"\" ]\n}',0,NULL,'2022-04-17 14:01:45','2022-04-17'),
(195,'开工计划',2,'com.study.middle.controller.StartworkController.editSave()',1,'cj11',12698,0,'承建单位1','/gp/middle/startwork/edit','127.0.0.1',NULL,'{\n  \"id\" : [ \"1\" ],\n  \"path\" : [ \"/profile/upload/2022/04/17/6c96b24f6f9cc2eac2c8720e63947f11.png\" ],\n  \"updateBy\" : [ \"cj11\" ],\n  \"docName\" : [ \"开工计划\" ],\n  \"starttime\" : [ \"4月20日\" ],\n  \"securityClassification\" : [ \"非密\" ],\n  \"user.userId\" : [ \"12698\" ],\n  \"content\" : [ \"搜索\" ],\n  \"readUserIds\" : [ \"12701\", \"12700\", \"12707\", \"12699\", \"12704\" ],\n  \"remark\" : [ \"ll\" ]\n}',0,NULL,'2022-04-17 14:03:01','2022-04-17'),
(196,'菜单管理',1,'com.study.web.controller.system.SysMenuController.addSave()',1,'admin',1,0,'根','/gp/system/menu/add','127.0.0.1',NULL,'{\r\n  \"parentId\" : [ \"0\" ],\r\n  \"menuTopId\" : [ \"2\" ],\r\n  \"menuType\" : [ \"M\" ],\r\n  \"menuName\" : [ \"项目后期\" ],\r\n  \"url\" : [ \"\" ],\r\n  \"target\" : [ \"menuItem\" ],\r\n  \"perms\" : [ \"\" ],\r\n  \"orderNum\" : [ \"60\" ],\r\n  \"icon\" : [ \"fa fa-american-sign-language-interpreting\" ],\r\n  \"visible\" : [ \"0\" ]\r\n}',0,NULL,'2022-04-17 17:19:19','2022-04-17'),
(197,'菜单管理',1,'com.study.web.controller.system.SysMenuController.addSave()',1,'admin',1,0,'根','/gp/system/menu/add','127.0.0.1',NULL,'{\r\n  \"parentId\" : [ \"2350\" ],\r\n  \"menuTopId\" : [ \"2\" ],\r\n  \"menuType\" : [ \"C\" ],\r\n  \"menuName\" : [ \"设备验收\" ],\r\n  \"url\" : [ \"/later/equipcheck\" ],\r\n  \"target\" : [ \"menuItem\" ],\r\n  \"perms\" : [ \"later:equipcheck:view\" ],\r\n  \"orderNum\" : [ \"100\" ],\r\n  \"icon\" : [ \"\" ],\r\n  \"visible\" : [ \"0\" ]\r\n}',0,NULL,'2022-04-17 17:20:07','2022-04-17'),
(198,'菜单管理',1,'com.study.web.controller.system.SysMenuController.addSave()',1,'admin',1,0,'根','/gp/system/menu/add','127.0.0.1',NULL,'{\r\n  \"parentId\" : [ \"2351\" ],\r\n  \"menuTopId\" : [ \"2\" ],\r\n  \"menuType\" : [ \"F\" ],\r\n  \"menuName\" : [ \"列表\" ],\r\n  \"url\" : [ \"\" ],\r\n  \"target\" : [ \"menuItem\" ],\r\n  \"perms\" : [ \"later:equipcheck:list\" ],\r\n  \"orderNum\" : [ \"10\" ],\r\n  \"icon\" : [ \"\" ],\r\n  \"visible\" : [ \"0\" ]\r\n}',0,NULL,'2022-04-17 17:20:25','2022-04-17'),
(199,'菜单管理',1,'com.study.web.controller.system.SysMenuController.addSave()',1,'admin',1,0,'根','/gp/system/menu/add','127.0.0.1',NULL,'{\r\n  \"parentId\" : [ \"2351\" ],\r\n  \"menuTopId\" : [ \"2\" ],\r\n  \"menuType\" : [ \"F\" ],\r\n  \"menuName\" : [ \"新增\" ],\r\n  \"url\" : [ \"\" ],\r\n  \"target\" : [ \"menuItem\" ],\r\n  \"perms\" : [ \"later:equipcheck:add\" ],\r\n  \"orderNum\" : [ \"9\" ],\r\n  \"icon\" : [ \"\" ],\r\n  \"visible\" : [ \"0\" ]\r\n}',0,NULL,'2022-04-17 17:20:39','2022-04-17'),
(200,'菜单管理',1,'com.study.web.controller.system.SysMenuController.addSave()',1,'admin',1,0,'根','/gp/system/menu/add','127.0.0.1',NULL,'{\r\n  \"parentId\" : [ \"2351\" ],\r\n  \"menuTopId\" : [ \"2\" ],\r\n  \"menuType\" : [ \"F\" ],\r\n  \"menuName\" : [ \"修改\" ],\r\n  \"url\" : [ \"\" ],\r\n  \"target\" : [ \"menuItem\" ],\r\n  \"perms\" : [ \"later:equipcheck:edit\" ],\r\n  \"orderNum\" : [ \"8\" ],\r\n  \"icon\" : [ \"\" ],\r\n  \"visible\" : [ \"0\" ]\r\n}',0,NULL,'2022-04-17 17:20:54','2022-04-17'),
(201,'菜单管理',1,'com.study.web.controller.system.SysMenuController.addSave()',1,'admin',1,0,'根','/gp/system/menu/add','127.0.0.1',NULL,'{\r\n  \"parentId\" : [ \"2351\" ],\r\n  \"menuTopId\" : [ \"2\" ],\r\n  \"menuType\" : [ \"F\" ],\r\n  \"menuName\" : [ \"删除\" ],\r\n  \"url\" : [ \"\" ],\r\n  \"target\" : [ \"menuItem\" ],\r\n  \"perms\" : [ \"later:equipcheck:remove\" ],\r\n  \"orderNum\" : [ \"7\" ],\r\n  \"icon\" : [ \"\" ],\r\n  \"visible\" : [ \"0\" ]\r\n}',0,NULL,'2022-04-17 17:21:05','2022-04-17'),
(202,'菜单管理',1,'com.study.web.controller.system.SysMenuController.addSave()',1,'admin',1,0,'根','/gp/system/menu/add','127.0.0.1',NULL,'{\r\n  \"parentId\" : [ \"2350\" ],\r\n  \"menuTopId\" : [ \"2\" ],\r\n  \"menuType\" : [ \"C\" ],\r\n  \"menuName\" : [ \"设备验收审核\" ],\r\n  \"url\" : [ \"/later/equipcheck/todoIndex\" ],\r\n  \"target\" : [ \"menuItem\" ],\r\n  \"perms\" : [ \"later:equipcheck:sp\" ],\r\n  \"orderNum\" : [ \"99\" ],\r\n  \"icon\" : [ \"\" ],\r\n  \"visible\" : [ \"0\" ]\r\n}',0,NULL,'2022-04-17 17:22:42','2022-04-17'),
(203,'菜单管理',2,'com.study.web.controller.system.SysMenuController.editSave()',1,'admin',1,0,'根','/gp/system/menu/edit','127.0.0.1',NULL,'{\r\n  \"menuId\" : [ \"2350\" ],\r\n  \"parentId\" : [ \"0\" ],\r\n  \"menuTopId\" : [ \"2\" ],\r\n  \"menuType\" : [ \"M\" ],\r\n  \"menuName\" : [ \"项目后期\" ],\r\n  \"url\" : [ \"#\" ],\r\n  \"target\" : [ \"menuItem\" ],\r\n  \"perms\" : [ \"\" ],\r\n  \"orderNum\" : [ \"60\" ],\r\n  \"icon\" : [ \"fa fa-adjust\" ],\r\n  \"visible\" : [ \"0\" ]\r\n}',0,NULL,'2022-04-17 17:22:51','2022-04-17'),
(204,'角色管理',2,'com.study.web.controller.system.SysRoleController.editSave()',1,'admin',1,0,'根','/gp/system/role/edit','127.0.0.1',NULL,'{\r\n  \"roleId\" : [ \"115\" ],\r\n  \"roleName\" : [ \"建设单位-负责人\" ],\r\n  \"roleKey\" : [ \"jsfzr\" ],\r\n  \"roleSort\" : [ \"100\" ],\r\n  \"status\" : [ \"0\" ],\r\n  \"remark\" : [ \"\" ],\r\n  \"menuIds\" : [ \"2292,2303,2329,2337,2350,2356\" ]\r\n}',0,NULL,'2022-04-17 17:23:08','2022-04-17'),
(205,'角色管理',2,'com.study.web.controller.system.SysRoleController.editSave()',1,'admin',1,0,'根','/gp/system/role/edit','127.0.0.1',NULL,'{\r\n  \"roleId\" : [ \"112\" ],\r\n  \"roleName\" : [ \"建设单位-业主\" ],\r\n  \"roleKey\" : [ \"yz\" ],\r\n  \"roleSort\" : [ \"100\" ],\r\n  \"status\" : [ \"0\" ],\r\n  \"remark\" : [ \"\" ],\r\n  \"menuIds\" : [ \"2292,2293,2294,2295,2296,2297,2303,2329,2336,2343,2345,2337,2350,2356\" ]\r\n}',0,NULL,'2022-04-17 17:23:16','2022-04-17'),
(206,'角色管理',2,'com.study.web.controller.system.SysRoleController.editSave()',1,'admin',1,0,'根','/gp/system/role/edit','127.0.0.1',NULL,'{\r\n  \"roleId\" : [ \"113\" ],\r\n  \"roleName\" : [ \"监理单位-监理\" ],\r\n  \"roleKey\" : [ \"jl\" ],\r\n  \"roleSort\" : [ \"90\" ],\r\n  \"status\" : [ \"0\" ],\r\n  \"remark\" : [ \"\" ],\r\n  \"menuIds\" : [ \"2292,2298,2299,2300,2301,2302,2304,2305,2306,2307,2308,2309,2310,2311,2312,2313,2303,2329,2336,2343,2345,2337,2350,2356\" ]\r\n}',0,NULL,'2022-04-17 17:23:21','2022-04-17'),
(207,'角色管理',2,'com.study.web.controller.system.SysRoleController.editSave()',1,'admin',1,0,'根','/gp/system/role/edit','127.0.0.1',NULL,'{\r\n  \"roleId\" : [ \"114\" ],\r\n  \"roleName\" : [ \"承建单位-项目经理\" ],\r\n  \"roleKey\" : [ \"xmjl\" ],\r\n  \"roleSort\" : [ \"80\" ],\r\n  \"status\" : [ \"0\" ],\r\n  \"remark\" : [ \"\" ],\r\n  \"menuIds\" : [ \"2292,2314,2315,2316,2317,2318,2319,2320,2321,2322,2323,2324,2325,2326,2327,2328,2303,2329,2330,2331,2332,2333,2334,2335,2338,2339,2340,2341,2342,2344,2346,2347,2348,2349,2337,2350,2351,2352,2353,2354,2355\" ]\r\n}',0,NULL,'2022-04-17 17:23:26','2022-04-17'),
(208,'设备验收',1,'com.study.later.controller.EquipcheckController.addSave()',1,'cj11',12698,0,'承建单位1','/gp/later/equipcheck/add','127.0.0.1',NULL,'{\r\n  \"createBy\" : [ \"cj11\" ],\r\n  \"path\" : [ \"/profile/upload/2022/04/17/88161d26a27ceb473708eaef77672140.txt\" ],\r\n  \"jldw.deptId\" : [ \"207\" ],\r\n  \"jsdw.deptId\" : [ \"210\" ],\r\n  \"project.projectId\" : [ \"5\" ],\r\n  \"yezhu.userId\" : [ \"12700\" ],\r\n  \"jianli.userId\" : [ \"12699\" ],\r\n  \"docName\" : [ \"3\" ],\r\n  \"securityClassification\" : [ \"非密\" ],\r\n  \"user.userId\" : [ \"12698\" ],\r\n  \"content\" : [ \"213\" ],\r\n  \"readUserIds\" : [ \"12701\", \"12700\", \"12699\" ],\r\n  \"remark\" : [ \"123\" ]\r\n}',0,NULL,'2022-04-17 17:25:29','2022-04-17'),
(209,'设备验收',2,'com.study.later.controller.EquipcheckController.editSave()',1,'cj11',12698,0,'承建单位1','/gp/later/equipcheck/edit','127.0.0.1',NULL,'{\r\n  \"id\" : [ \"3\" ],\r\n  \"path\" : [ \"/profile/upload/2022/04/17/88161d26a27ceb473708eaef77672140.txt\" ],\r\n  \"updateBy\" : [ \"cj11\" ],\r\n  \"docName\" : [ \"3\" ],\r\n  \"securityClassification\" : [ \"非密\" ],\r\n  \"user.userId\" : [ \"12698\" ],\r\n  \"content\" : [ \"213\" ],\r\n  \"readUserIds\" : [ \"12701\", \"12700\", \"12710\", \"12699\", \"12704\" ],\r\n  \"remark\" : [ \"123rrr\" ]\r\n}',0,NULL,'2022-04-17 17:25:36','2022-04-17'),
(210,'菜单管理',1,'com.study.web.controller.system.SysMenuController.addSave()',1,'admin',1,0,'根','/gp/system/menu/add','127.0.0.1',NULL,'{\r\n  \"parentId\" : [ \"2350\" ],\r\n  \"menuTopId\" : [ \"2\" ],\r\n  \"menuType\" : [ \"C\" ],\r\n  \"menuName\" : [ \"抄送阅读\" ],\r\n  \"url\" : [ \"/doc/read/later\" ],\r\n  \"target\" : [ \"menuItem\" ],\r\n  \"perms\" : [ \"\" ],\r\n  \"orderNum\" : [ \"10\" ],\r\n  \"icon\" : [ \"\" ],\r\n  \"visible\" : [ \"0\" ]\r\n}',0,NULL,'2022-04-17 17:27:32','2022-04-17'),
(211,'角色管理',2,'com.study.web.controller.system.SysRoleController.editSave()',1,'admin',1,0,'根','/gp/system/role/edit','127.0.0.1',NULL,'{\r\n  \"roleId\" : [ \"112\" ],\r\n  \"roleName\" : [ \"建设单位-业主\" ],\r\n  \"roleKey\" : [ \"yz\" ],\r\n  \"roleSort\" : [ \"100\" ],\r\n  \"status\" : [ \"0\" ],\r\n  \"remark\" : [ \"\" ],\r\n  \"menuIds\" : [ \"2292,2293,2294,2295,2296,2297,2303,2329,2336,2343,2345,2337,2350,2356,2357\" ]\r\n}',0,NULL,'2022-04-17 17:27:40','2022-04-17'),
(212,'角色管理',2,'com.study.web.controller.system.SysRoleController.editSave()',1,'admin',1,0,'根','/gp/system/role/edit','127.0.0.1',NULL,'{\r\n  \"roleId\" : [ \"115\" ],\r\n  \"roleName\" : [ \"建设单位-负责人\" ],\r\n  \"roleKey\" : [ \"jsfzr\" ],\r\n  \"roleSort\" : [ \"100\" ],\r\n  \"status\" : [ \"0\" ],\r\n  \"remark\" : [ \"\" ],\r\n  \"menuIds\" : [ \"2292,2303,2329,2337,2350,2356,2357\" ]\r\n}',0,NULL,'2022-04-17 17:27:45','2022-04-17'),
(213,'角色管理',2,'com.study.web.controller.system.SysRoleController.editSave()',1,'admin',1,0,'根','/gp/system/role/edit','127.0.0.1',NULL,'{\r\n  \"roleId\" : [ \"113\" ],\r\n  \"roleName\" : [ \"监理单位-监理\" ],\r\n  \"roleKey\" : [ \"jl\" ],\r\n  \"roleSort\" : [ \"90\" ],\r\n  \"status\" : [ \"0\" ],\r\n  \"remark\" : [ \"\" ],\r\n  \"menuIds\" : [ \"2292,2298,2299,2300,2301,2302,2304,2305,2306,2307,2308,2309,2310,2311,2312,2313,2303,2329,2336,2343,2345,2337,2350,2356,2357\" ]\r\n}',0,NULL,'2022-04-17 17:27:49','2022-04-17'),
(214,'角色管理',2,'com.study.web.controller.system.SysRoleController.editSave()',1,'admin',1,0,'根','/gp/system/role/edit','127.0.0.1',NULL,'{\r\n  \"roleId\" : [ \"114\" ],\r\n  \"roleName\" : [ \"承建单位-项目经理\" ],\r\n  \"roleKey\" : [ \"xmjl\" ],\r\n  \"roleSort\" : [ \"80\" ],\r\n  \"status\" : [ \"0\" ],\r\n  \"remark\" : [ \"\" ],\r\n  \"menuIds\" : [ \"2292,2314,2315,2316,2317,2318,2319,2320,2321,2322,2323,2324,2325,2326,2327,2328,2303,2329,2330,2331,2332,2333,2334,2335,2338,2339,2340,2341,2342,2344,2346,2347,2348,2349,2337,2350,2351,2352,2353,2354,2355,2357\" ]\r\n}',0,NULL,'2022-04-17 17:27:55','2022-04-17'),
(215,'部门管理',2,'com.study.web.controller.system.SysDeptController.editSave()',1,'admin',1,0,'根','/gym/system/dept/edit','127.0.0.1',NULL,'{\n  \"deptId\" : [ \"101\" ],\n  \"parentId\" : [ \"100\" ],\n  \"parentName\" : [ \"健身俱乐部\" ],\n  \"deptName\" : [ \"后勤部\" ],\n  \"shortName\" : [ \"后勤部\" ],\n  \"orderNum\" : [ \"3\" ],\n  \"leader\" : [ \"\" ],\n  \"phone\" : [ \"\" ],\n  \"email\" : [ \"\" ],\n  \"status\" : [ \"0\" ]\n}',0,NULL,'2022-10-24 11:52:54','2022-10-24'),
(216,'部门管理',1,'com.study.web.controller.system.SysDeptController.addSave()',1,'admin',1,0,'根','/gym/system/dept/add','127.0.0.1',NULL,'{\n  \"parentId\" : [ \"100\" ],\n  \"deptName\" : [ \"后勤部\" ],\n  \"shortName\" : [ \"后勤部\" ],\n  \"orderNum\" : [ \"20\" ],\n  \"leader\" : [ \"\" ],\n  \"phone\" : [ \"\" ],\n  \"email\" : [ \"\" ],\n  \"status\" : [ \"0\" ]\n}',0,NULL,'2022-10-24 11:53:07','2022-10-24'),
(217,'部门管理',2,'com.study.web.controller.system.SysDeptController.editSave()',1,'admin',1,0,'根','/gym/system/dept/edit','127.0.0.1',NULL,'{\n  \"deptId\" : [ \"213\" ],\n  \"parentId\" : [ \"100\" ],\n  \"parentName\" : [ \"健身俱乐部\" ],\n  \"deptName\" : [ \"会员部\" ],\n  \"shortName\" : [ \"会员部\" ],\n  \"orderNum\" : [ \"20\" ],\n  \"leader\" : [ \"\" ],\n  \"phone\" : [ \"\" ],\n  \"email\" : [ \"\" ],\n  \"status\" : [ \"0\" ]\n}',0,NULL,'2022-10-24 11:53:24','2022-10-24'),
(218,'部门管理',1,'com.study.web.controller.system.SysDeptController.addSave()',1,'admin',1,0,'根','/gym/system/dept/add','127.0.0.1',NULL,'{\n  \"parentId\" : [ \"100\" ],\n  \"deptName\" : [ \"训练部\" ],\n  \"shortName\" : [ \"训练部\" ],\n  \"orderNum\" : [ \"20\" ],\n  \"leader\" : [ \"\" ],\n  \"phone\" : [ \"\" ],\n  \"email\" : [ \"\" ],\n  \"status\" : [ \"0\" ]\n}',0,NULL,'2022-10-24 11:53:34','2022-10-24'),
(219,'部门管理',1,'com.study.web.controller.system.SysDeptController.addSave()',1,'admin',1,0,'根','/gym/system/dept/add','127.0.0.1',NULL,'{\n  \"parentId\" : [ \"100\" ],\n  \"deptName\" : [ \"设备管理部\" ],\n  \"shortName\" : [ \"设备管理部\" ],\n  \"orderNum\" : [ \"30\" ],\n  \"leader\" : [ \"\" ],\n  \"phone\" : [ \"\" ],\n  \"email\" : [ \"\" ],\n  \"status\" : [ \"0\" ]\n}',0,NULL,'2022-10-24 11:54:01','2022-10-24'),
(220,'岗位管理',2,'com.study.web.controller.system.SysPostController.editSave()',1,'admin',1,0,'根','/gym/system/post/edit','127.0.0.1',NULL,'{\n  \"postId\" : [ \"5\" ],\n  \"postName\" : [ \"会员管理\" ],\n  \"postCode\" : [ \"hygl\" ],\n  \"postSort\" : [ \"5\" ],\n  \"status\" : [ \"0\" ],\n  \"remark\" : [ \"职责是办理会员卡相关业务\" ]\n}',0,NULL,'2022-10-24 11:54:47','2022-10-24'),
(221,'岗位管理',2,'com.study.web.controller.system.SysPostController.editSave()',1,'admin',1,0,'根','/gym/system/post/edit','127.0.0.1',NULL,'{\n  \"postId\" : [ \"4\" ],\n  \"postName\" : [ \"设备管理\" ],\n  \"postCode\" : [ \"sbgl\" ],\n  \"postSort\" : [ \"30\" ],\n  \"status\" : [ \"0\" ],\n  \"remark\" : [ \"训练器材的日常维护保养\" ]\n}',0,NULL,'2022-10-24 11:55:23','2022-10-24'),
(222,'岗位管理',2,'com.study.web.controller.system.SysPostController.editSave()',1,'admin',1,0,'根','/gym/system/post/edit','127.0.0.1',NULL,'{\n  \"postId\" : [ \"3\" ],\n  \"postName\" : [ \"训练管理\" ],\n  \"postCode\" : [ \"xlgl\" ],\n  \"postSort\" : [ \"3\" ],\n  \"status\" : [ \"0\" ],\n  \"remark\" : [ \"项目训练\" ]\n}',0,NULL,'2022-10-24 11:55:43','2022-10-24'),
(223,'岗位管理',2,'com.study.web.controller.system.SysPostController.editSave()',1,'admin',1,0,'根','/gym/system/post/edit','127.0.0.1',NULL,'{\n  \"postId\" : [ \"2\" ],\n  \"postName\" : [ \"后勤管理\" ],\n  \"postCode\" : [ \"hqgl\" ],\n  \"postSort\" : [ \"2\" ],\n  \"status\" : [ \"0\" ],\n  \"remark\" : [ \"俱乐部内部人员，资产，财务等管理\" ]\n}',0,NULL,'2022-10-24 11:56:31','2022-10-24'),
(224,'部门管理',1,'com.study.web.controller.system.SysDeptController.addSave()',1,'admin',1,0,'健身俱乐部','/gym/system/dept/add','127.0.0.1',NULL,'{\r\n  \"parentId\" : [ \"100\" ],\r\n  \"deptName\" : [ \"会员\" ],\r\n  \"shortName\" : [ \"会员\" ],\r\n  \"orderNum\" : [ \"0\" ],\r\n  \"leader\" : [ \"\" ],\r\n  \"phone\" : [ \"\" ],\r\n  \"email\" : [ \"\" ],\r\n  \"status\" : [ \"0\" ]\r\n}',0,NULL,'2022-10-24 14:20:38','2022-10-24'),
(225,'角色管理',1,'com.study.web.controller.system.SysRoleController.addSave()',1,'admin',1,0,'健身俱乐部','/gym/system/role/add','127.0.0.1',NULL,'{\r\n  \"roleName\" : [ \"工作人员\" ],\r\n  \"roleKey\" : [ \"gzry\" ],\r\n  \"roleSort\" : [ \"90\" ],\r\n  \"status\" : [ \"0\" ],\r\n  \"remark\" : [ \"\" ],\r\n  \"menuIds\" : [ \"\" ]\r\n}',0,NULL,'2022-10-24 14:21:44','2022-10-24'),
(226,'角色管理',1,'com.study.web.controller.system.SysRoleController.addSave()',1,'admin',1,0,'健身俱乐部','/gym/system/role/add','127.0.0.1',NULL,'{\r\n  \"roleName\" : [ \"会员\" ],\r\n  \"roleKey\" : [ \"hy\" ],\r\n  \"roleSort\" : [ \"80\" ],\r\n  \"status\" : [ \"0\" ],\r\n  \"remark\" : [ \"\" ],\r\n  \"menuIds\" : [ \"\" ]\r\n}',0,NULL,'2022-10-24 14:22:03','2022-10-24'),
(227,'顶部菜单管理',2,'com.study.web.controller.system.SysMenuTopController.editSave()',1,'admin',1,0,'健身俱乐部','/gym/system/menutop/edit','127.0.0.1',NULL,'{\r\n  \"menuId\" : [ \"2\" ],\r\n  \"menuName\" : [ \"俱乐部管理\" ],\r\n  \"orderNum\" : [ \"100\" ],\r\n  \"icon\" : [ \"fa fa-bar-chart\" ]\r\n}',0,NULL,'2022-10-24 15:31:43','2022-10-24'),
(228,'菜单管理',1,'com.study.web.controller.system.SysMenuController.addSave()',1,'admin',1,0,'健身俱乐部','/gym/system/menu/add','127.0.0.1',NULL,'{\r\n  \"parentId\" : [ \"0\" ],\r\n  \"menuTopId\" : [ \"2\" ],\r\n  \"menuType\" : [ \"M\" ],\r\n  \"menuName\" : [ \"俱乐部管理\" ],\r\n  \"url\" : [ \"\" ],\r\n  \"target\" : [ \"menuItem\" ],\r\n  \"perms\" : [ \"\" ],\r\n  \"orderNum\" : [ \"100\" ],\r\n  \"icon\" : [ \"\" ],\r\n  \"visible\" : [ \"0\" ]\r\n}',0,NULL,'2022-10-24 15:32:02','2022-10-24'),
(229,'菜单管理',1,'com.study.web.controller.system.SysMenuController.addSave()',1,'admin',1,0,'健身俱乐部','/gym/system/menu/add','127.0.0.1',NULL,'{\r\n  \"parentId\" : [ \"2292\" ],\r\n  \"menuTopId\" : [ \"2\" ],\r\n  \"menuType\" : [ \"C\" ],\r\n  \"menuName\" : [ \"会员管理\" ],\r\n  \"url\" : [ \"/club/member\" ],\r\n  \"target\" : [ \"menuItem\" ],\r\n  \"perms\" : [ \"\" ],\r\n  \"orderNum\" : [ \"10\" ],\r\n  \"icon\" : [ \"\" ],\r\n  \"visible\" : [ \"0\" ]\r\n}',0,NULL,'2022-10-24 15:32:20','2022-10-24'),
(230,'菜单管理',1,'com.study.web.controller.system.SysMenuController.addSave()',1,'admin',1,0,'健身俱乐部','/gym/system/menu/add','127.0.0.1',NULL,'{\r\n  \"parentId\" : [ \"2292\" ],\r\n  \"menuTopId\" : [ \"2\" ],\r\n  \"menuType\" : [ \"C\" ],\r\n  \"menuName\" : [ \"会员等级\" ],\r\n  \"url\" : [ \"/club/level\" ],\r\n  \"target\" : [ \"menuItem\" ],\r\n  \"perms\" : [ \"\" ],\r\n  \"orderNum\" : [ \"20\" ],\r\n  \"icon\" : [ \"\" ],\r\n  \"visible\" : [ \"0\" ]\r\n}',0,NULL,'2022-10-24 16:58:46','2022-10-24'),
(231,'菜单管理',1,'com.study.web.controller.system.SysMenuController.addSave()',1,'admin',1,0,'健身俱乐部','/gym/system/menu/add','127.0.0.1',NULL,'{\r\n  \"parentId\" : [ \"2292\" ],\r\n  \"menuTopId\" : [ \"2\" ],\r\n  \"menuType\" : [ \"C\" ],\r\n  \"menuName\" : [ \"项目管理\" ],\r\n  \"url\" : [ \"/club/project\" ],\r\n  \"target\" : [ \"menuItem\" ],\r\n  \"perms\" : [ \"\" ],\r\n  \"orderNum\" : [ \"10\" ],\r\n  \"icon\" : [ \"\" ],\r\n  \"visible\" : [ \"0\" ]\r\n}',0,NULL,'2022-10-27 21:53:02','2022-10-27'),
(232,'菜单管理',1,'com.study.web.controller.system.SysMenuController.addSave()',1,'admin',1,0,'健身俱乐部','/gym/system/menu/add','127.0.0.1',NULL,'{\r\n  \"parentId\" : [ \"2292\" ],\r\n  \"menuTopId\" : [ \"2\" ],\r\n  \"menuType\" : [ \"C\" ],\r\n  \"menuName\" : [ \"器械管理\" ],\r\n  \"url\" : [ \"/club/machine\" ],\r\n  \"target\" : [ \"menuItem\" ],\r\n  \"perms\" : [ \"\" ],\r\n  \"orderNum\" : [ \"20\" ],\r\n  \"icon\" : [ \"\" ],\r\n  \"visible\" : [ \"0\" ]\r\n}',0,NULL,'2022-10-27 21:53:28','2022-10-27'),
(233,'字典类型',1,'com.study.web.controller.system.SysDictTypeController.addSave()',1,'admin',1,0,'健身俱乐部','/gym/system/dict/add','127.0.0.1',NULL,'{\r\n  \"dictName\" : [ \"器械进出类型\" ],\r\n  \"dictType\" : [ \"iotype\" ],\r\n  \"dictSort\" : [ \"1000\" ],\r\n  \"status\" : [ \"0\" ],\r\n  \"remark\" : [ \"\" ]\r\n}',0,NULL,'2022-10-27 22:12:05','2022-10-27'),
(234,'字典数据',1,'com.study.web.controller.system.SysDictDataController.addSave()',1,'admin',1,0,'健身俱乐部','/gym/system/dict/data/add','127.0.0.1',NULL,'{\r\n  \"dictLabel\" : [ \"采购入库\" ],\r\n  \"dictValue\" : [ \"采购入库\" ],\r\n  \"dictType\" : [ \"iotype\" ],\r\n  \"cssClass\" : [ \"\" ],\r\n  \"dictSort\" : [ \"100\" ],\r\n  \"listClass\" : [ \"\" ],\r\n  \"isDefault\" : [ \"Y\" ],\r\n  \"status\" : [ \"0\" ],\r\n  \"remark\" : [ \"\" ]\r\n}',0,NULL,'2022-10-27 22:12:22','2022-10-27'),
(235,'字典数据',1,'com.study.web.controller.system.SysDictDataController.addSave()',1,'admin',1,0,'健身俱乐部','/gym/system/dict/data/add','127.0.0.1',NULL,'{\r\n  \"dictLabel\" : [ \"报废销毁\" ],\r\n  \"dictValue\" : [ \"报废销毁\" ],\r\n  \"dictType\" : [ \"iotype\" ],\r\n  \"cssClass\" : [ \"\" ],\r\n  \"dictSort\" : [ \"90\" ],\r\n  \"listClass\" : [ \"\" ],\r\n  \"isDefault\" : [ \"Y\" ],\r\n  \"status\" : [ \"0\" ],\r\n  \"remark\" : [ \"\" ]\r\n}',0,NULL,'2022-10-27 22:12:41','2022-10-27'),
(236,'字典类型',1,'com.study.web.controller.system.SysDictTypeController.addSave()',1,'admin',1,0,'健身俱乐部','/gym/system/dict/add','127.0.0.1',NULL,'{\r\n  \"dictName\" : [ \"运动疾病\" ],\r\n  \"dictType\" : [ \"diseaseList\" ],\r\n  \"dictSort\" : [ \"900\" ],\r\n  \"status\" : [ \"0\" ],\r\n  \"remark\" : [ \"\" ]\r\n}',0,NULL,'2022-10-27 22:20:45','2022-10-27'),
(237,'字典数据',1,'com.study.web.controller.system.SysDictDataController.addSave()',1,'admin',1,0,'健身俱乐部','/gym/system/dict/data/add','127.0.0.1',NULL,'{\r\n  \"dictLabel\" : [ \"心脏病\" ],\r\n  \"dictValue\" : [ \"心脏病\" ],\r\n  \"dictType\" : [ \"diseaseList\" ],\r\n  \"cssClass\" : [ \"\" ],\r\n  \"dictSort\" : [ \"90\" ],\r\n  \"listClass\" : [ \"\" ],\r\n  \"isDefault\" : [ \"Y\" ],\r\n  \"status\" : [ \"0\" ],\r\n  \"remark\" : [ \"\" ]\r\n}',0,NULL,'2022-10-27 22:20:59','2022-10-27'),
(238,'字典数据',1,'com.study.web.controller.system.SysDictDataController.addSave()',1,'admin',1,0,'健身俱乐部','/gym/system/dict/data/add','127.0.0.1',NULL,'{\r\n  \"dictLabel\" : [ \"高血压\" ],\r\n  \"dictValue\" : [ \"高血压\" ],\r\n  \"dictType\" : [ \"diseaseList\" ],\r\n  \"cssClass\" : [ \"\" ],\r\n  \"dictSort\" : [ \"80\" ],\r\n  \"listClass\" : [ \"\" ],\r\n  \"isDefault\" : [ \"Y\" ],\r\n  \"status\" : [ \"0\" ],\r\n  \"remark\" : [ \"\" ]\r\n}',0,NULL,'2022-10-27 22:21:07','2022-10-27'),
(239,'字典数据',1,'com.study.web.controller.system.SysDictDataController.addSave()',1,'admin',1,0,'健身俱乐部','/gym/system/dict/data/add','127.0.0.1',NULL,'{\r\n  \"dictLabel\" : [ \"呼吸系统\" ],\r\n  \"dictValue\" : [ \"呼吸系统\" ],\r\n  \"dictType\" : [ \"diseaseList\" ],\r\n  \"cssClass\" : [ \"\" ],\r\n  \"dictSort\" : [ \"80\" ],\r\n  \"listClass\" : [ \"\" ],\r\n  \"isDefault\" : [ \"Y\" ],\r\n  \"status\" : [ \"0\" ],\r\n  \"remark\" : [ \"\" ]\r\n}',0,NULL,'2022-10-27 22:21:29','2022-10-27'),
(240,'字典数据',1,'com.study.web.controller.system.SysDictDataController.addSave()',1,'admin',1,0,'健身俱乐部','/gym/system/dict/data/add','127.0.0.1',NULL,'{\r\n  \"dictLabel\" : [ \"肝肾系统\" ],\r\n  \"dictValue\" : [ \"肝肾系统\" ],\r\n  \"dictType\" : [ \"diseaseList\" ],\r\n  \"cssClass\" : [ \"\" ],\r\n  \"dictSort\" : [ \"70\" ],\r\n  \"listClass\" : [ \"\" ],\r\n  \"isDefault\" : [ \"Y\" ],\r\n  \"status\" : [ \"0\" ],\r\n  \"remark\" : [ \"\" ]\r\n}',0,NULL,'2022-10-27 22:21:40','2022-10-27'),
(241,'字典数据',1,'com.study.web.controller.system.SysDictDataController.addSave()',1,'admin',1,0,'健身俱乐部','/gym/system/dict/data/add','127.0.0.1',NULL,'{\r\n  \"dictLabel\" : [ \"脚踝\" ],\r\n  \"dictValue\" : [ \"脚踝\" ],\r\n  \"dictType\" : [ \"diseaseList\" ],\r\n  \"cssClass\" : [ \"\" ],\r\n  \"dictSort\" : [ \"60\" ],\r\n  \"listClass\" : [ \"\" ],\r\n  \"isDefault\" : [ \"Y\" ],\r\n  \"status\" : [ \"0\" ],\r\n  \"remark\" : [ \"\" ]\r\n}',0,NULL,'2022-10-27 22:21:51','2022-10-27'),
(242,'字典数据',1,'com.study.web.controller.system.SysDictDataController.addSave()',1,'admin',1,0,'健身俱乐部','/gym/system/dict/data/add','127.0.0.1',NULL,'{\r\n  \"dictLabel\" : [ \"膝盖\" ],\r\n  \"dictValue\" : [ \"膝盖\" ],\r\n  \"dictType\" : [ \"diseaseList\" ],\r\n  \"cssClass\" : [ \"\" ],\r\n  \"dictSort\" : [ \"60\" ],\r\n  \"listClass\" : [ \"\" ],\r\n  \"isDefault\" : [ \"Y\" ],\r\n  \"status\" : [ \"0\" ],\r\n  \"remark\" : [ \"\" ]\r\n}',0,NULL,'2022-10-27 22:22:02','2022-10-27'),
(243,'参数管理',3,'com.study.web.controller.system.SysConfigController.remove()',1,'admin',1,0,'健身俱乐部','/gym/system/config/remove','127.0.0.1',NULL,'{\r\n  \"ids\" : [ \"118,119,120\" ]\r\n}',0,NULL,'2022-10-27 22:24:18','2022-10-27'),
(244,'字典类型',3,'com.study.web.controller.system.SysDictTypeController.remove()',1,'admin',1,0,'健身俱乐部','/gym/system/dict/remove','127.0.0.1',NULL,'{\r\n  \"ids\" : [ \"3,4,5\" ]\r\n}',1,'系统开关已分配,不能删除','2022-10-27 22:24:34','2022-10-27'),
(245,'字典类型',3,'com.study.web.controller.system.SysDictTypeController.remove()',1,'admin',1,0,'健身俱乐部','/gym/system/dict/remove','127.0.0.1',NULL,'{\r\n  \"ids\" : [ \"4,5\" ]\r\n}',1,'任务状态已分配,不能删除','2022-10-27 22:24:40','2022-10-27'),
(246,'角色管理',1,'com.study.web.controller.system.SysRoleController.addSave()',1,'admin',1,0,'健身俱乐部','/gym/system/role/add','127.0.0.1',NULL,'{\r\n  \"roleName\" : [ \"教练\" ],\r\n  \"roleKey\" : [ \"coach\" ],\r\n  \"roleSort\" : [ \"100\" ],\r\n  \"status\" : [ \"0\" ],\r\n  \"remark\" : [ \"\" ],\r\n  \"menuIds\" : [ \"\" ]\r\n}',0,NULL,'2022-10-29 22:30:29','2022-10-29'),
(247,'部门管理',1,'com.study.web.controller.system.SysDeptController.addSave()',1,'admin',1,0,'健身俱乐部','/gym/system/dept/add','127.0.0.1',NULL,'{\r\n  \"parentId\" : [ \"100\" ],\r\n  \"deptName\" : [ \"教练部\" ],\r\n  \"shortName\" : [ \"教练部\" ],\r\n  \"orderNum\" : [ \"100\" ],\r\n  \"leader\" : [ \"\" ],\r\n  \"phone\" : [ \"\" ],\r\n  \"email\" : [ \"\" ],\r\n  \"status\" : [ \"0\" ]\r\n}',0,NULL,'2022-10-29 22:30:48','2022-10-29'),
(248,'菜单管理',1,'com.study.web.controller.system.SysMenuController.addSave()',1,'admin',1,0,'健身俱乐部','/gym/system/menu/add','127.0.0.1',NULL,'{\r\n  \"parentId\" : [ \"2292\" ],\r\n  \"menuTopId\" : [ \"2\" ],\r\n  \"menuType\" : [ \"C\" ],\r\n  \"menuName\" : [ \"教练管理\" ],\r\n  \"url\" : [ \"/club/coach\" ],\r\n  \"target\" : [ \"menuItem\" ],\r\n  \"perms\" : [ \"\" ],\r\n  \"orderNum\" : [ \"30\" ],\r\n  \"icon\" : [ \"\" ],\r\n  \"visible\" : [ \"0\" ]\r\n}',0,NULL,'2022-10-29 22:35:22','2022-10-29'),
(249,'菜单管理',2,'com.study.web.controller.system.SysMenuController.editSave()',1,'admin',1,0,'健身俱乐部','/gym/system/menu/edit','127.0.0.1',NULL,'{\r\n  \"menuId\" : [ \"2292\" ],\r\n  \"parentId\" : [ \"0\" ],\r\n  \"menuTopId\" : [ \"2\" ],\r\n  \"menuType\" : [ \"M\" ],\r\n  \"menuName\" : [ \"俱乐部管理\" ],\r\n  \"url\" : [ \"#\" ],\r\n  \"target\" : [ \"menuItem\" ],\r\n  \"perms\" : [ \"\" ],\r\n  \"orderNum\" : [ \"100\" ],\r\n  \"icon\" : [ \"fa fa-file-word-o\" ],\r\n  \"visible\" : [ \"0\" ]\r\n}',0,NULL,'2022-10-29 23:15:55','2022-10-29'),
(250,'菜单管理',1,'com.study.web.controller.system.SysMenuController.addSave()',1,'admin',1,0,'健身俱乐部','/gym/system/menu/add','127.0.0.1',NULL,'{\r\n  \"parentId\" : [ \"0\" ],\r\n  \"menuTopId\" : [ \"2\" ],\r\n  \"menuType\" : [ \"M\" ],\r\n  \"menuName\" : [ \"论坛管理\" ],\r\n  \"url\" : [ \"\" ],\r\n  \"target\" : [ \"menuItem\" ],\r\n  \"perms\" : [ \"\" ],\r\n  \"orderNum\" : [ \"20\" ],\r\n  \"icon\" : [ \"fa fa-circle-thin\" ],\r\n  \"visible\" : [ \"0\" ]\r\n}',0,NULL,'2022-10-29 23:16:26','2022-10-29'),
(251,'菜单管理',2,'com.study.web.controller.system.SysMenuController.editSave()',1,'admin',1,0,'健身俱乐部','/gym/system/menu/edit','127.0.0.1',NULL,'{\r\n  \"menuId\" : [ \"2298\" ],\r\n  \"parentId\" : [ \"0\" ],\r\n  \"menuTopId\" : [ \"2\" ],\r\n  \"menuType\" : [ \"M\" ],\r\n  \"menuName\" : [ \"论坛管理\" ],\r\n  \"url\" : [ \"#\" ],\r\n  \"target\" : [ \"menuItem\" ],\r\n  \"perms\" : [ \"\" ],\r\n  \"orderNum\" : [ \"80\" ],\r\n  \"icon\" : [ \"fa fa-circle-thin\" ],\r\n  \"visible\" : [ \"0\" ]\r\n}',0,NULL,'2022-10-29 23:16:35','2022-10-29'),
(252,'菜单管理',1,'com.study.web.controller.system.SysMenuController.addSave()',1,'admin',1,0,'健身俱乐部','/gym/system/menu/add','127.0.0.1',NULL,'{\r\n  \"parentId\" : [ \"2298\" ],\r\n  \"menuTopId\" : [ \"2\" ],\r\n  \"menuType\" : [ \"C\" ],\r\n  \"menuName\" : [ \"版块管理\" ],\r\n  \"url\" : [ \"/bbs/section\" ],\r\n  \"target\" : [ \"menuItem\" ],\r\n  \"perms\" : [ \"\" ],\r\n  \"orderNum\" : [ \"100\" ],\r\n  \"icon\" : [ \"\" ],\r\n  \"visible\" : [ \"0\" ]\r\n}',0,NULL,'2022-10-29 23:16:56','2022-10-29'),
(253,'个人信息',2,'com.study.web.controller.system.SysProfileController.updateAvatar()',1,'admin',1,0,'健身俱乐部','/gym/system/user/profile/updateAvatar','127.0.0.1',NULL,'{ }',0,NULL,'2022-10-30 11:46:37','2022-10-30'),
(254,'参数管理',2,'com.study.web.controller.system.SysConfigController.editSave()',1,'admin',1,0,'健身俱乐部','/gym/system/config/edit','127.0.0.1',NULL,'{\r\n  \"configId\" : [ \"101\" ],\r\n  \"configName\" : [ \"系统名称\" ],\r\n  \"configKey\" : [ \"sys.name\" ],\r\n  \"configValue\" : [ \"健身俱乐部\" ]\r\n}',0,NULL,'2022-10-30 15:10:01','2022-10-30'),
(255,'菜单管理',1,'com.study.web.controller.system.SysMenuController.addSave()',1,'admin',1,0,'健身俱乐部','/gym/system/menu/add','127.0.0.1',NULL,'{\r\n  \"parentId\" : [ \"2292\" ],\r\n  \"menuTopId\" : [ \"2\" ],\r\n  \"menuType\" : [ \"C\" ],\r\n  \"menuName\" : [ \"运动消费记录\" ],\r\n  \"url\" : [ \"/club/record\" ],\r\n  \"target\" : [ \"menuItem\" ],\r\n  \"perms\" : [ \"\" ],\r\n  \"orderNum\" : [ \"50\" ],\r\n  \"icon\" : [ \"\" ],\r\n  \"visible\" : [ \"0\" ]\r\n}',0,NULL,'2022-10-30 23:21:40','2022-10-30');

/*Table structure for table `sys_post` */

DROP TABLE IF EXISTS `sys_post`;

CREATE TABLE `sys_post` (
  `post_id` bigint NOT NULL AUTO_INCREMENT COMMENT '岗位ID',
  `post_code` varchar(64) CHARACTER SET utf8 COLLATE utf8_general_ci NOT NULL COMMENT '岗位编码',
  `post_name` varchar(50) CHARACTER SET utf8 COLLATE utf8_general_ci NOT NULL COMMENT '岗位名称',
  `post_sort` int NOT NULL COMMENT '显示顺序',
  `status` char(1) CHARACTER SET utf8 COLLATE utf8_general_ci NOT NULL COMMENT '状态（0正常 1停用）',
  `create_by` varchar(64) CHARACTER SET utf8 COLLATE utf8_general_ci DEFAULT '' COMMENT '创建者',
  `create_time` datetime DEFAULT NULL COMMENT '创建时间',
  `update_by` varchar(64) CHARACTER SET utf8 COLLATE utf8_general_ci DEFAULT '' COMMENT '更新者',
  `update_time` datetime DEFAULT NULL COMMENT '更新时间',
  `remark` varchar(500) CHARACTER SET utf8 COLLATE utf8_general_ci DEFAULT NULL COMMENT '备注',
  `delete_by` varchar(64) CHARACTER SET utf8 COLLATE utf8_general_ci DEFAULT NULL,
  `delete_time` datetime DEFAULT NULL,
  `delete_flag` tinyint DEFAULT '0',
  PRIMARY KEY (`post_id`) USING BTREE
) ENGINE=InnoDB AUTO_INCREMENT=6 DEFAULT CHARSET=utf8mb3 COMMENT='岗位信息表';

/*Data for the table `sys_post` */

insert  into `sys_post`(`post_id`,`post_code`,`post_name`,`post_sort`,`status`,`create_by`,`create_time`,`update_by`,`update_time`,`remark`,`delete_by`,`delete_time`,`delete_flag`) values 
(1,'gly','管理员',1,'0','admin','2018-03-16 11:33:00','admin','2022-04-12 21:41:27','',NULL,NULL,0),
(2,'hqgl','后勤管理',2,'0','admin','2018-03-16 11:33:00','admin','2022-10-24 11:56:31','俱乐部内部人员，资产，财务等管理',NULL,NULL,0),
(3,'xlgl','训练管理',3,'0','admin','2018-03-16 11:33:00','admin','2022-10-24 11:55:43','项目训练',NULL,NULL,0),
(4,'sbgl','设备管理',30,'0','admin','2018-03-16 11:33:00','admin','2022-10-24 11:55:23','训练器材的日常维护保养',NULL,NULL,0),
(5,'hygl','会员管理',5,'0','admin','2022-04-13 21:40:48','admin','2022-10-24 11:54:47','职责是办理会员卡相关业务',NULL,NULL,0);

/*Table structure for table `sys_role` */

DROP TABLE IF EXISTS `sys_role`;

CREATE TABLE `sys_role` (
  `role_id` bigint NOT NULL AUTO_INCREMENT COMMENT '角色ID',
  `role_name` varchar(30) CHARACTER SET utf8 COLLATE utf8_general_ci NOT NULL COMMENT '角色名称',
  `role_key` varchar(100) CHARACTER SET utf8 COLLATE utf8_general_ci NOT NULL COMMENT '角色权限字符串',
  `role_sort` int NOT NULL COMMENT '显示顺序',
  `data_scope` char(1) CHARACTER SET utf8 COLLATE utf8_general_ci DEFAULT '1' COMMENT '数据范围（1：全部数据权限 2：自定数据权限 3：本部门数据权限 4：本部门及以下数据权限）',
  `status` char(1) CHARACTER SET utf8 COLLATE utf8_general_ci NOT NULL COMMENT '角色状态（0正常 1停用）',
  `delete_flag` tinyint DEFAULT '0' COMMENT '删除标志（0代表存在 2代表删除）',
  `create_by` varchar(64) CHARACTER SET utf8 COLLATE utf8_general_ci DEFAULT '' COMMENT '创建者',
  `create_time` datetime DEFAULT NULL COMMENT '创建时间',
  `update_by` varchar(64) CHARACTER SET utf8 COLLATE utf8_general_ci DEFAULT '' COMMENT '更新者',
  `update_time` datetime DEFAULT NULL COMMENT '更新时间',
  `remark` varchar(500) CHARACTER SET utf8 COLLATE utf8_general_ci DEFAULT NULL COMMENT '备注',
  `delete_by` varchar(64) CHARACTER SET utf8 COLLATE utf8_general_ci DEFAULT NULL,
  `delete_time` datetime DEFAULT NULL,
  PRIMARY KEY (`role_id`) USING BTREE
) ENGINE=InnoDB AUTO_INCREMENT=120 DEFAULT CHARSET=utf8mb3 COMMENT='角色信息表';

/*Data for the table `sys_role` */

insert  into `sys_role`(`role_id`,`role_name`,`role_key`,`role_sort`,`data_scope`,`status`,`delete_flag`,`create_by`,`create_time`,`update_by`,`update_time`,`remark`,`delete_by`,`delete_time`) values 
(1,'超级管理员','admin',1,'1','0',0,'admin','2018-03-16 11:33:00','admin','2020-11-05 14:37:13','管理员',NULL,NULL),
(116,'工作人员','gzry',90,'1','0',0,'admin','2022-10-24 14:21:43','admin','2022-10-31 12:52:39','',NULL,NULL),
(117,'会员','hy',80,'1','0',0,'admin','2022-10-24 14:22:02','admin','2022-10-31 12:52:46','',NULL,NULL),
(118,'教练','coach',100,'1','0',0,'admin','2022-10-29 22:30:28','',NULL,NULL,NULL,NULL),
(119,'版主','banzhu',111,'1','0',0,'',NULL,'',NULL,NULL,NULL,NULL);

/*Table structure for table `sys_role_dept` */

DROP TABLE IF EXISTS `sys_role_dept`;

CREATE TABLE `sys_role_dept` (
  `role_id` bigint NOT NULL COMMENT '角色ID',
  `dept_id` bigint NOT NULL COMMENT '部门ID',
  PRIMARY KEY (`role_id`,`dept_id`) USING BTREE
) ENGINE=InnoDB DEFAULT CHARSET=utf8mb3 COMMENT='角色和部门关联表';

/*Data for the table `sys_role_dept` */

/*Table structure for table `sys_role_menu` */

DROP TABLE IF EXISTS `sys_role_menu`;

CREATE TABLE `sys_role_menu` (
  `role_id` bigint NOT NULL COMMENT '角色ID',
  `menu_id` bigint NOT NULL COMMENT '菜单ID',
  PRIMARY KEY (`role_id`,`menu_id`) USING BTREE
) ENGINE=InnoDB DEFAULT CHARSET=utf8mb3 COMMENT='角色和菜单关联表';

/*Data for the table `sys_role_menu` */

insert  into `sys_role_menu`(`role_id`,`menu_id`) values 
(116,1),
(116,100),
(116,101),
(116,102),
(116,103),
(116,104),
(116,105),
(116,106),
(116,1000),
(116,1001),
(116,1002),
(116,1003),
(116,1004),
(116,1005),
(116,1006),
(116,1007),
(116,1008),
(116,1009),
(116,1010),
(116,1011),
(116,1012),
(116,1013),
(116,1014),
(116,1015),
(116,1016),
(116,1017),
(116,1018),
(116,1019),
(116,1020),
(116,1021),
(116,1022),
(116,1023),
(116,1024),
(116,1025),
(116,1026),
(116,1027),
(116,1028),
(116,1029),
(116,1030),
(116,1031),
(116,1032),
(116,1033),
(116,1034),
(116,2005),
(116,2287),
(116,2288),
(116,2289),
(116,2290),
(116,2291),
(116,2292),
(116,2293),
(116,2294),
(116,2295),
(116,2296),
(116,2297),
(116,2298),
(116,2299),
(116,2300),
(116,2301),
(116,2302),
(116,2303),
(116,2304),
(116,2305),
(116,2306),
(116,2307),
(116,2308),
(117,2292),
(117,2300),
(117,2307),
(117,2309);

/*Table structure for table `sys_user` */

DROP TABLE IF EXISTS `sys_user`;

CREATE TABLE `sys_user` (
  `user_id` bigint NOT NULL AUTO_INCREMENT COMMENT '用户ID',
  `dept_id` bigint DEFAULT NULL COMMENT '部门ID',
  `login_name` varchar(30) CHARACTER SET utf8 COLLATE utf8_general_ci NOT NULL COMMENT '登录账号',
  `user_name` varchar(30) CHARACTER SET utf8 COLLATE utf8_general_ci NOT NULL COMMENT '用户昵称',
  `user_code` varchar(32) CHARACTER SET utf8 COLLATE utf8_general_ci DEFAULT NULL COMMENT '工号/学号',
  `idcardno` varchar(20) CHARACTER SET utf8 COLLATE utf8_general_ci DEFAULT NULL COMMENT '身份证',
  `email` varchar(50) CHARACTER SET utf8 COLLATE utf8_general_ci DEFAULT '' COMMENT '用户邮箱',
  `phonenumber` varchar(32) CHARACTER SET utf8 COLLATE utf8_general_ci DEFAULT '' COMMENT '手机号码',
  `sex` char(1) CHARACTER SET utf8 COLLATE utf8_general_ci DEFAULT '0' COMMENT '用户性别（0男 1女 2未知）',
  `avatar` varchar(100) CHARACTER SET utf8 COLLATE utf8_general_ci DEFAULT '' COMMENT '头像路径',
  `password` varchar(50) CHARACTER SET utf8 COLLATE utf8_general_ci DEFAULT '' COMMENT '密码',
  `salt` varchar(20) CHARACTER SET utf8 COLLATE utf8_general_ci DEFAULT '' COMMENT '盐加密',
  `status` char(1) CHARACTER SET utf8 COLLATE utf8_general_ci DEFAULT '0' COMMENT '帐号状态（0正常 2停用）',
  `user_type` tinyint DEFAULT '0' COMMENT '0俱乐部内部人员，1会员',
  `openid` varchar(32) CHARACTER SET utf8 COLLATE utf8_general_ci DEFAULT NULL COMMENT '微信公众号OPENID',
  `register_time` datetime DEFAULT NULL COMMENT '注册时间',
  `login_ip` varchar(50) CHARACTER SET utf8 COLLATE utf8_general_ci DEFAULT '' COMMENT '最后登陆IP',
  `login_date` datetime DEFAULT NULL COMMENT '最后登陆时间',
  `remark` varchar(500) CHARACTER SET utf8 COLLATE utf8_general_ci DEFAULT NULL COMMENT '备注',
  `create_by` varchar(64) CHARACTER SET utf8 COLLATE utf8_general_ci DEFAULT '' COMMENT '创建者',
  `create_time` datetime DEFAULT NULL COMMENT '创建时间',
  `update_by` varchar(64) CHARACTER SET utf8 COLLATE utf8_general_ci DEFAULT '' COMMENT '更新者',
  `update_time` datetime DEFAULT NULL COMMENT '更新时间',
  `delete_by` varchar(64) CHARACTER SET utf8 COLLATE utf8_general_ci DEFAULT NULL,
  `delete_time` datetime DEFAULT NULL,
  `delete_flag` tinyint DEFAULT '0' COMMENT '删除标志（0代表存在 1代表删除）',
  `oldpwd` varchar(64) CHARACTER SET utf8 COLLATE utf8_general_ci DEFAULT NULL,
  `birth` varchar(32) DEFAULT NULL,
  `age` int DEFAULT NULL,
  `disease` varchar(256) DEFAULT NULL,
  PRIMARY KEY (`user_id`) USING BTREE,
  UNIQUE KEY `index_longname_unique` (`login_name`,`delete_flag`) USING BTREE,
  UNIQUE KEY `index_code_unique` (`user_code`,`delete_flag`) USING BTREE,
  UNIQUE KEY `index_idcardno_unique` (`idcardno`,`delete_flag`) USING BTREE
) ENGINE=InnoDB AUTO_INCREMENT=12714 DEFAULT CHARSET=utf8mb3 COMMENT='用户信息表';

/*Data for the table `sys_user` */

insert  into `sys_user`(`user_id`,`dept_id`,`login_name`,`user_name`,`user_code`,`idcardno`,`email`,`phonenumber`,`sex`,`avatar`,`password`,`salt`,`status`,`user_type`,`openid`,`register_time`,`login_ip`,`login_date`,`remark`,`create_by`,`create_time`,`update_by`,`update_time`,`delete_by`,`delete_time`,`delete_flag`,`oldpwd`,`birth`,`age`,`disease`) values 
(1,100,'admin','超级管理员','0001','0001','','17755895101','1','/profile/avatar/2022/10/30/22a779cf7adcfdf2cd4aa240876a5fcf.png','2e5ee69c4cdd5c35aeebaa3f814a6ff2','5c3753','0',0,'','2019-08-06 23:43:50','127.0.0.1','2022-10-31 13:14:58','管理员','admin','2018-03-16 11:33:00','admin','2022-10-31 13:14:56',NULL,NULL,0,'wU6G3AbTqzby88fFF69W1w==',NULL,NULL,NULL),
(12711,216,'zhangsan','张三',NULL,NULL,'','17755895102','0','/profile/avatar/2022/10/31/02e0cd166c37502a390828742dd95e19.png','b62c1ffb5a13fabe5e89ed548c62e1ef','bd2fa2','0',1,NULL,'2022-10-24 15:52:01','127.0.0.1','2022-10-31 12:58:01','是的方法','admin','2022-10-24 15:52:01','admin','2022-10-31 12:57:59',NULL,NULL,0,'VZWi0qKgVDf2SFCjUUkEyp6UEDWcya2+r1AdqKUNvMA9npZn/dzmVdSPMjWV1fQ1','2022-10-27',NULL,'呼吸系统'),
(12712,217,'jiaolian1','教练12',NULL,NULL,'','17755895103','0','/profile/upload/2022/10/29/df5ca656b955b525402e3d5fb6ee1d7c.jpg','76895fb0f8d5e529783e096ef0d4794a','b9c619','0',2,NULL,'2022-10-29 22:35:56','',NULL,'23','admin','2022-10-29 22:35:56','admin','2022-10-29 22:37:04',NULL,NULL,0,'Pr44sMDE7FGpKKBQAbCJt+s1JrRnplDjXeFNXGtsHqI9npZn/dzmVdSPMjWV1fQ1',NULL,32,NULL),
(12713,216,'lisi','李四',NULL,NULL,'','17755895106','0','','444b31c40ede07cb114774e0af20dca9','3366ca','0',1,NULL,'2022-10-31 01:16:08','',NULL,'手动阀手动阀','admin','2022-10-31 01:16:08','',NULL,NULL,NULL,0,'nZArabVlKt/ZXvkfUZffEMw93zqvdzx8Qgc/tjJFeqY9npZn/dzmVdSPMjWV1fQ1','2022-11-02',NULL,'心脏病,高血压');

/*Table structure for table `sys_user_online` */

DROP TABLE IF EXISTS `sys_user_online`;

CREATE TABLE `sys_user_online` (
  `sessionId` varchar(50) CHARACTER SET utf8 COLLATE utf8_general_ci NOT NULL DEFAULT '' COMMENT '用户会话id',
  `login_name` varchar(50) CHARACTER SET utf8 COLLATE utf8_general_ci DEFAULT '' COMMENT '登录账号',
  `user_name` varchar(50) CHARACTER SET utf8 COLLATE utf8_general_ci DEFAULT '' COMMENT '用户姓名',
  `user_code` varchar(50) CHARACTER SET utf8 COLLATE utf8_general_ci DEFAULT '' COMMENT '学工号',
  `idcardno` varchar(50) CHARACTER SET utf8 COLLATE utf8_general_ci DEFAULT '' COMMENT '身份证',
  `user_type` int DEFAULT '0',
  `phonenumber` varchar(50) CHARACTER SET utf8 COLLATE utf8_general_ci DEFAULT '' COMMENT '手机号',
  `dept_name` varchar(50) CHARACTER SET utf8 COLLATE utf8_general_ci DEFAULT '' COMMENT '部门名称',
  `ipaddr` varchar(50) CHARACTER SET utf8 COLLATE utf8_general_ci DEFAULT '' COMMENT '登录IP地址',
  `login_location` varchar(255) CHARACTER SET utf8 COLLATE utf8_general_ci DEFAULT '' COMMENT '登录地点',
  `browser` varchar(50) CHARACTER SET utf8 COLLATE utf8_general_ci DEFAULT '' COMMENT '浏览器类型',
  `os` varchar(50) CHARACTER SET utf8 COLLATE utf8_general_ci DEFAULT '' COMMENT '操作系统',
  `status` varchar(10) CHARACTER SET utf8 COLLATE utf8_general_ci DEFAULT '' COMMENT '在线状态on_line在线off_line离线',
  `start_timestamp` datetime DEFAULT NULL COMMENT 'session创建时间',
  `last_access_time` datetime DEFAULT NULL COMMENT 'session最后访问时间',
  `expire_time` int DEFAULT '0' COMMENT '超时时间，单位为分钟',
  PRIMARY KEY (`sessionId`) USING BTREE
) ENGINE=InnoDB DEFAULT CHARSET=utf8mb3 COMMENT='在线用户记录';

/*Data for the table `sys_user_online` */

insert  into `sys_user_online`(`sessionId`,`login_name`,`user_name`,`user_code`,`idcardno`,`user_type`,`phonenumber`,`dept_name`,`ipaddr`,`login_location`,`browser`,`os`,`status`,`start_timestamp`,`last_access_time`,`expire_time`) values 
('066bce9f-3149-45fd-984e-0bdc083da26a','admin','超级管理员','0001','0001',0,'13866725169','健身俱乐部','127.0.0.1','内网IP','Chrome 9','Windows 10','on_line','2022-10-30 10:49:45','2022-10-30 15:07:38',604800000),
('508a4218-b49b-4503-96f2-92f151b0414a','admin','超级管理员','0001','0001',0,'13866725169','健身俱乐部','127.0.0.1','内网IP','Chrome 9','Windows 10','on_line','2022-10-27 21:52:33','2022-10-27 22:32:39',604800000),
('a4d4e426-63a5-49d4-9f77-8fe4d58ed8f2','admin','超级管理员','0001','0001',0,'13866725169','健身俱乐部','127.0.0.1','内网IP','Chrome 9','Windows 10','on_line','2022-10-29 22:30:08','2022-10-29 23:15:34',604800000),
('ac80dced-8a35-4eb3-b54c-516544fa8259','admin','超级管理员','0001','0001',0,'13866725169','健身俱乐部','127.0.0.1','内网IP','Chrome 9','Windows 10','on_line','2022-10-24 16:58:11','2022-10-24 17:05:36',604800000),
('d04443d2-1125-4ced-8250-a09a89c5d281','admin','超级管理员','0001','0001',0,'17755895101','健身俱乐部','127.0.0.1','内网IP','Chrome 9','Windows 10','on_line','2022-10-31 12:58:11','2022-10-31 13:14:58',604800000),
('ebfc415a-3f97-4f59-bcaf-7c37b0310816','zhangsan','张三',NULL,NULL,1,'17755895106','会员','127.0.0.1','内网IP','Chrome 9','Windows 10','on_line','2022-10-31 01:20:00','2022-10-31 01:20:12',604800000),
('fd84f645-c198-48f5-a80b-8693bd1abfc7','admin','超级管理员','0001','0001',0,'13866725169','健身俱乐部','127.0.0.1','内网IP','Chrome 9','Windows 10','on_line','2022-10-26 23:14:36','2022-10-26 23:24:30',604800000);

/*Table structure for table `sys_user_post` */

DROP TABLE IF EXISTS `sys_user_post`;

CREATE TABLE `sys_user_post` (
  `user_id` bigint NOT NULL COMMENT '用户ID',
  `post_id` bigint NOT NULL COMMENT '岗位ID',
  PRIMARY KEY (`user_id`,`post_id`) USING BTREE
) ENGINE=InnoDB DEFAULT CHARSET=utf8mb3 COMMENT='用户与岗位关联表';

/*Data for the table `sys_user_post` */

insert  into `sys_user_post`(`user_id`,`post_id`) values 
(1,1);

/*Table structure for table `sys_user_role` */

DROP TABLE IF EXISTS `sys_user_role`;

CREATE TABLE `sys_user_role` (
  `user_id` bigint NOT NULL COMMENT '用户ID',
  `role_id` bigint NOT NULL COMMENT '角色ID',
  PRIMARY KEY (`user_id`,`role_id`) USING BTREE
) ENGINE=InnoDB DEFAULT CHARSET=utf8mb3 COMMENT='用户和角色关联表';

/*Data for the table `sys_user_role` */

insert  into `sys_user_role`(`user_id`,`role_id`) values 
(1,1),
(1,119),
(12711,117),
(12713,117);

/*!40101 SET SQL_MODE=@OLD_SQL_MODE */;
/*!40014 SET FOREIGN_KEY_CHECKS=@OLD_FOREIGN_KEY_CHECKS */;
/*!40014 SET UNIQUE_CHECKS=@OLD_UNIQUE_CHECKS */;
/*!40111 SET SQL_NOTES=@OLD_SQL_NOTES */;
